id,name,desc,type,url
4,"Per ""Pertan"" Karlsson","Swedish association football player, played for AIK, Back, active 1998-2022",Q5,https://www.aikstats.se/player.php?id=4
8,"Daniel ""Tjerna"" Tjernström","Swedish association football player, played for AIK, Mittfältare, active 1999-2013",Q5,https://www.aikstats.se/player.php?id=8
200,"Nils-Eric ""Nisse"" Johansson","Swedish association football player, played for AIK, Back, active 1997-2018",Q5,https://www.aikstats.se/player.php?id=200
543,"Sven ""Dala"" Dahlkvist","Swedish association football player, played for AIK, Innerback, active 1974-1987",Q5,https://www.aikstats.se/player.php?id=543
270,"Gustav ""Gurra"" Sjöberg","Swedish association football player, played for AIK, Målvakt, active 1929-1950",Q5,https://www.aikstats.se/player.php?id=270
535,"Göran ""GG"" Göransson","Swedish association football player, played for AIK, Mittfältare, active 1970-1990",Q5,https://www.aikstats.se/player.php?id=535
59,"Krister ""Krille"" Nordin","Swedish association football player, played for AIK, Mittfältare, active 1992-2004",Q5,https://www.aikstats.se/player.php?id=59
1078,Henok Goitom,"Swedish association football player, played for AIK, Forward, active 2012-2021",Q5,https://www.aikstats.se/player.php?id=1078
81,"Kari ""Gary"" Sundgren","Swedish association football player, played for AIK, Ytterback, active 1987-2003",Q5,https://www.aikstats.se/player.php?id=81
610,"Thomas ""Tolle"" Lagerlöf","Swedish association football player, played for AIK, Mittfältare, active 1985-2008",Q5,https://www.aikstats.se/player.php?id=610
299,Börje Leander,"Swedish association football player, played for AIK, Centerhalv, active 1938-1953",Q5,https://www.aikstats.se/player.php?id=299
198,"Björn ""Björne"" Kindlund","Swedish association football player, played for AIK, Back, active 1978-1993",Q5,https://www.aikstats.se/player.php?id=198
255,"Sven ""Svenne, Vrålis"" Andersson","Swedish association football player, played for AIK, Högerback, active 1928-1941",Q5,https://www.aikstats.se/player.php?id=255
183,Björn Lundberg,"Swedish association football player, played for AIK, Forward, active 1967-1980",Q5,https://www.aikstats.se/player.php?id=183
12,Kenny Pavey,"Swedish association football player, played for AIK, Höger mittfältare, active 2006-2015",Q5,https://www.aikstats.se/player.php?id=12
63,"Stefan ""Ishi"" Ishizaki","Swedish association football player, played for AIK, Mittfältare, active 1999-2017",Q5,https://www.aikstats.se/player.php?id=63
259,"Eric ""Lillis"" Persson","Swedish association football player, played for AIK, Högerinner, active 1929-1959",Q5,https://www.aikstats.se/player.php?id=259
427,Lennart Backman,"Swedish association football player, played for AIK, Yttermittfältare, active 1959-1967",Q5,https://www.aikstats.se/player.php?id=427
184,Yngve Leback,"Swedish association football player, played for AIK, Forward, active 1971-1978",Q5,https://www.aikstats.se/player.php?id=184
437,"Björn ""Lill-Garvis"" Carlsson","Swedish association football player, played for AIK, Forward, active 1954-1968",Q5,https://www.aikstats.se/player.php?id=437
304,"Henry ""Garvis"" Carlsson","Swedish association football player, played for AIK, Inner, active 1939-1966",Q5,https://www.aikstats.se/player.php?id=304
22,Mats Rubarth,"Swedish association football player, played for AIK, Vänster mittfältare, active 2001-2008",Q5,https://www.aikstats.se/player.php?id=22
1103,"Nabil ""Nabbe"" Bahoui","Swedish association football player, played for AIK, Forward, active 2012-2022",Q5,https://www.aikstats.se/player.php?id=1103
284,"Erik ""Jerker"" Almgren","Swedish association football player, played for AIK, Halvback, active 1934-1964",Q5,https://www.aikstats.se/player.php?id=284
571,Bernt Ljung,"Swedish association football player, played for AIK, Målvakt, active 1981-1992",Q5,https://www.aikstats.se/player.php?id=571
987,Alexander Milošević,"Swedish association football player, played for AIK, Back, active 2011-2019",Q5,https://www.aikstats.se/player.php?id=987
455,"Owe ""Fiskar-Owe"" Ohlsson","Swedish association football player, played for AIK, Forward, active 1964-1976",Q5,https://www.aikstats.se/player.php?id=455
552,"Ove ""Ryssen, Ruben"" Rübsamen","Swedish association football player, played for AIK, Forward, active 1977-1985",Q5,https://www.aikstats.se/player.php?id=552
332,Lennart Carlsson,"Swedish association football player, played for AIK, Back, active 1947-1959",Q5,https://www.aikstats.se/player.php?id=332
217,"Per ""Pära, Napoleon"" Kaufeldt","Swedish association football player, played for AIK, Center, active 1918-1955",Q5,https://www.aikstats.se/player.php?id=217
840,Martin Lorentzson,"Swedish association football player, played for AIK, Ytterback, active 2010-2015",Q5,https://www.aikstats.se/player.php?id=840
188,"Pascal ""Pagge"" Simpson","Swedish association football player, played for AIK, Forward, active 1991-1998",Q5,https://www.aikstats.se/player.php?id=188
424,"Arne ""Lunkan"" Lundqvist","Swedish association football player, played for AIK, Målvakt, active 1955-1970",Q5,https://www.aikstats.se/player.php?id=424
1,Daniel Örlund,"Swedish association football player, played for AIK, Målvakt, active 2002-2010",Q5,https://www.aikstats.se/player.php?id=1
575,Thomas Bergman,"Swedish association football player, played for AIK, Mittfältare, active 1982-1988",Q5,https://www.aikstats.se/player.php?id=575
179,Börje Leback,"Swedish association football player, played for AIK, Mittfältare, active 1971-1978",Q5,https://www.aikstats.se/player.php?id=179
358,"Gösta ""Pröjsarn"" Nilsson","Swedish association football player, played for AIK, Forward, active 1945-1955",Q5,https://www.aikstats.se/player.php?id=358
276,"Valter ""Valle"" Sköld","Swedish association football player, played for AIK, Back, active 1933-1942",Q5,https://www.aikstats.se/player.php?id=276
1168,Ebenezer Ofori,"Swedish association football player, played for AIK, Ytterback, active 2013-2022",Q5,https://www.aikstats.se/player.php?id=1168
91,Martin Kayongo-Mutumba,"Swedish association football player, played for AIK, Mittfältare, active 1999-2013",Q5,https://www.aikstats.se/player.php?id=91
592,Kim Bergstrand,"Swedish association football player, played for AIK, Forward, active 1983-1994",Q5,https://www.aikstats.se/player.php?id=592
326,Harry Nilsson,"Swedish association football player, played for AIK, Högerback, active 1942-1950",Q5,https://www.aikstats.se/player.php?id=326
269,"Axel ""Acke, Lill-Acke"" Nilsson","Swedish association football player, played for AIK, Vänsterytter, active 1932-1941",Q5,https://www.aikstats.se/player.php?id=269
5,"Johan ""Kungen"" Mjällby","Swedish association football player, played for AIK, Mittfältare, active 1984-2006",Q5,https://www.aikstats.se/player.php?id=5
637,Michael Brundin,"Swedish association football player, played for AIK, Innerback, active 1996-2000",Q5,https://www.aikstats.se/player.php?id=637
1207,Sebastian Larsson,"Swedish association football player, played for AIK, Mittfältare, active 2018-2022",Q5,https://www.aikstats.se/player.php?id=1207
1077,Anton Salétros,"Swedish association football player, played for AIK, Mittfältare, active 2009-2019",Q5,https://www.aikstats.se/player.php?id=1077
205,"Nebojša ""Nesjo, Nebo"" Novaković","Swedish association football player, played for AIK, Forward, active 1998-2017",Q5,https://www.aikstats.se/player.php?id=205
174,Ronny Gustafsson,"Swedish association football player, played for AIK, Målvakt, active 1959-1977",Q5,https://www.aikstats.se/player.php?id=174
441,"Jim ""Jimpa"" Nildén","Swedish association football player, played for AIK, Mittfältare, active 1953-1975",Q5,https://www.aikstats.se/player.php?id=441
1218,Bilal Hussein,"Swedish association football player, played for AIK, Mittfältare, active 2014-2018",Q5,https://www.aikstats.se/player.php?id=1218
27,"Daniel ""Hochen"" Hoch","Swedish association football player, played for AIK, Forward, active 1997-2005",Q5,https://www.aikstats.se/player.php?id=27
15,Jimmy Tamandi,"Swedish association football player, played for AIK, Ytterback, active 2002-2007",Q5,https://www.aikstats.se/player.php?id=15
468,Göran Åberg,"Swedish association football player, played for AIK, Högerback, active 1960-1987",Q5,https://www.aikstats.se/player.php?id=468
406,Björn Anlert,"Swedish association football player, played for AIK, Högerhalv, active 1947-1966",Q5,https://www.aikstats.se/player.php?id=406
558,"Göran ""Riala"" Karlsson","Swedish association football player, played for AIK, Innerback, active 1978-1984",Q5,https://www.aikstats.se/player.php?id=558
189,Dick Lidman,"Swedish association football player, played for AIK, Forward, active 1992-1997",Q5,https://www.aikstats.se/player.php?id=189
611,Magnus Hedman,"Swedish association football player, played for AIK, Målvakt, active 1987-1997",Q5,https://www.aikstats.se/player.php?id=611
82,"Karl ""Kalle Kula"" Corneliusson","Swedish association football player, played for AIK, Högerback, active 1999-2003",Q5,https://www.aikstats.se/player.php?id=82
193,Ola Andersson,"Swedish association football player, played for AIK, Mittfältare, active 1995-2008",Q5,https://www.aikstats.se/player.php?id=193
440,Lennart Hemming,"Swedish association football player, played for AIK, , active ? - ?",Q5,https://www.aikstats.se/player.php?id=440
808,Niklas Backman,"Swedish association football player, played for AIK, Mittback, active 2009-2014",Q5,https://www.aikstats.se/player.php?id=808
218,"Sven ""Linkan"" Lindqvist","Swedish association football player, played for AIK, Högerhalv, active 1920-1931",Q5,https://www.aikstats.se/player.php?id=218
221,"Ernst ""Sudden, Ärtan"" Wahlberg","Swedish association football player, played for AIK, Vänsterinner, active 1923-1934",Q5,https://www.aikstats.se/player.php?id=221
242,"John ""Jompa"" Nilsson","Swedish association football player, played for AIK, Högerytter, active 1925-1936",Q5,https://www.aikstats.se/player.php?id=242
405,Bengt Anlert,"Swedish association football player, played for AIK, Vänsterhalv, active 1947-1961",Q5,https://www.aikstats.se/player.php?id=405
617,"Mattias ""Musse"" Johansson","Swedish association football player, played for AIK, Mittfältare, active 1993-1997",Q5,https://www.aikstats.se/player.php?id=617
64,Martin Åslund,"Swedish association football player, played for AIK, Mittfältare, active 1981-2005",Q5,https://www.aikstats.se/player.php?id=64
30,Dulee Johnson,"Swedish association football player, played for AIK, Defensiv mittfältare, active 2006-2011",Q5,https://www.aikstats.se/player.php?id=30
565,Jyrki Nieminen,"Swedish association football player, played for AIK, Forward, active 1979-1984",Q5,https://www.aikstats.se/player.php?id=565
777,Viktor Lundberg,"Swedish association football player, played for AIK, , active 2009-2013",Q5,https://www.aikstats.se/player.php?id=777
422,"Kurt ""Kurre"" Andersson","Swedish association football player, played for AIK, Högerytter, active 1957-1971",Q5,https://www.aikstats.se/player.php?id=422
180,"Rolf ""Roffe Zäta"" Zetterlund","Swedish association football player, played for AIK, Mittfältare, active 1972-1986",Q5,https://www.aikstats.se/player.php?id=180
576,Thomas Johansson,"Swedish association football player, played for AIK, Forward, active 1981-1989",Q5,https://www.aikstats.se/player.php?id=576
393,"Ingvar ""Tjotta"" Olsson","Swedish association football player, played for AIK, Center, active 1951-1958",Q5,https://www.aikstats.se/player.php?id=393
453,Roland Grip,"Swedish association football player, played for AIK, Vänsterytter, active 1964-1970",Q5,https://www.aikstats.se/player.php?id=453
236,Hugo Sjögren,"Swedish association football player, played for AIK, Vänsterhalv, active 1926-1937",Q5,https://www.aikstats.se/player.php?id=236
460,"Roland ""Rimbo"" Lundblad","Swedish association football player, played for AIK, Forward, active 1966-1970",Q5,https://www.aikstats.se/player.php?id=460
438,Kjell Pettersson,"Swedish association football player, played for AIK, Ytterhalv, active 1954-1966",Q5,https://www.aikstats.se/player.php?id=438
302,"Åke ""Carnera"" Andersson","Swedish association football player, played for AIK, Yttermittfältare, active 1939-1946",Q5,https://www.aikstats.se/player.php?id=302
426,Inge Bengtsson,"Swedish association football player, played for AIK, Vänsterytter, active 1958-1965",Q5,https://www.aikstats.se/player.php?id=426
18,"Robert ""RÅP, Robban"" Åhman Persson","Swedish association football player, played for AIK, Mittfältare, active 2003-2013",Q5,https://www.aikstats.se/player.php?id=18
204,Sanny Åslund,"Swedish association football player, played for AIK, Forward, active 1973-2004",Q5,https://www.aikstats.se/player.php?id=204
228,"Nils ""Gävle"" Nilsson","Swedish association football player, played for AIK, Vänsterhalv, active 1925-1932",Q5,https://www.aikstats.se/player.php?id=228
199,Mats Rohdin,"Swedish association football player, played for AIK, Back, active 1985-1991",Q5,https://www.aikstats.se/player.php?id=199
211,Justus Gustafsson,"Swedish association football player, played for AIK, Vänsterback, active 1917-1930",Q5,https://www.aikstats.se/player.php?id=211
362,Bertil Bäckvall,"Swedish association football player, played for AIK, Vänsterytter, active 1943-1953",Q5,https://www.aikstats.se/player.php?id=362
256,Eiwar Widlund,"Swedish association football player, played for AIK, Målvakt, active 1928-1936",Q5,https://www.aikstats.se/player.php?id=256
17,"Markus ""Mr 100%"" Jonsson","Swedish association football player, played for AIK, Högerback, active 2006-2009",Q5,https://www.aikstats.se/player.php?id=17
404,"Bruno ""Älgen"" Nyberg","Swedish association football player, played for AIK, Vänsterback, active 1953-1961",Q5,https://www.aikstats.se/player.php?id=404
853,Daniel Sundgren,"Swedish association football player, played for AIK, Mittfältare, active 2016-2019",Q5,https://www.aikstats.se/player.php?id=853
177,Börje Marcus,"Swedish association football player, played for AIK, Mittback, active 1971-1975",Q5,https://www.aikstats.se/player.php?id=177
294,Arthur Svensson,"Swedish association football player, played for AIK, Vänsterhalv, active 1937-1943",Q5,https://www.aikstats.se/player.php?id=294
368,"Ivan ""Bodde"" Bodin","Swedish association football player, played for AIK, Center, active 1948-1955",Q5,https://www.aikstats.se/player.php?id=368
60,"Benjamin ""Kibbe"" Kibebe","Swedish association football player, played for AIK, Back, active 1999-2005",Q5,https://www.aikstats.se/player.php?id=60
581,"Lars ""Larsa, Z"" Zetterlund","Swedish association football player, played for AIK, Mittfältare, active 1982-1986",Q5,https://www.aikstats.se/player.php?id=581
1216,Nicolás Stefanelli,"Swedish association football player, played for AIK, Forward, active 2017-2023",Q5,https://www.aikstats.se/player.php?id=1216
330,"Harry ""Hajjak"" Johansson","Swedish association football player, played for AIK, Vänsterhalv, active 1942-1951",Q5,https://www.aikstats.se/player.php?id=330
1184,Oscar Linnér,"Swedish association football player, played for AIK, Målvakt, active 2016-2020",Q5,https://www.aikstats.se/player.php?id=1184
178,Jörgen Bengtsson,"Swedish association football player, played for AIK, Forward, active 1960-1973",Q5,https://www.aikstats.se/player.php?id=178
191,"Vadim ""Vadde"" Jevtushenko","Swedish association football player, played for AIK, Mittfältare, active 1989-1993",Q5,https://www.aikstats.se/player.php?id=191
792,"Sotirios ""Sotte"" Papagiannopoulos","Swedish association football player, played for AIK, Back, active 1999-2011",Q5,https://www.aikstats.se/player.php?id=792
638,"Tomas ""Tobbe"" Gustafsson","Swedish association football player, played for AIK, Vänsterback, active 1997-1999",Q5,https://www.aikstats.se/player.php?id=638
28,"Andreas ""Adde"" Andersson","Swedish association football player, played for AIK, Forward, active 1999-2006",Q5,https://www.aikstats.se/player.php?id=28
1209,Enoch Kofi Adu,"Swedish association football player, played for AIK, Mittfältare, active 2017-2021",Q5,https://www.aikstats.se/player.php?id=1209
3,"Niklas ""Nirre"" Sandberg","Swedish association football player, played for AIK, Innerback, active 1996-2007",Q5,https://www.aikstats.se/player.php?id=3
175,"Olavus ""Olka"" Olsson","Swedish association football player, played for AIK, Innerback, active 1967-1989",Q5,https://www.aikstats.se/player.php?id=175
454,"Bo ""Bosse"" Holmberg","Swedish association football player, played for AIK, Forward, active 1957-1970",Q5,https://www.aikstats.se/player.php?id=454
525,"Leif ""Leffe"" Karlsson","Swedish association football player, played for AIK, Målvakt, active 1964-1980",Q5,https://www.aikstats.se/player.php?id=525
431,"Lennart ""Liston"" Söderberg","Swedish association football player, played for AIK, Högerback, active 1950-1970",Q5,https://www.aikstats.se/player.php?id=431
942,Helgi Daníelsson,"Swedish association football player, played for AIK, Mittfältare, active 2010-2013",Q5,https://www.aikstats.se/player.php?id=942
588,Thomas Lundmark,"Swedish association football player, played for AIK, Mittfältare, active 1985-1988",Q5,https://www.aikstats.se/player.php?id=588
538,Claes Marklund,"Swedish association football player, played for AIK, Vänsterback, active 1969-1979",Q5,https://www.aikstats.se/player.php?id=538
1303,Erick Otieno,"Swedish association football player, played for AIK, Vänsterback, active 2020- ?",Q5,https://www.aikstats.se/player.php?id=1303
614,"Michael ""Borken"" Borgqvist","Swedish association football player, played for AIK, Mittfältare, active 1983-1995",Q5,https://www.aikstats.se/player.php?id=614
181,Dag Szepanski,"Swedish association football player, played for AIK, Forward, active 1970-1973",Q5,https://www.aikstats.se/player.php?id=181
1075,Celso Borges,"Swedish association football player, played for AIK, Mittfältare, active 2012-2015",Q5,https://www.aikstats.se/player.php?id=1075
935,Ivan Turina,"Swedish association football player, played for AIK, Målvakt, active 2010-2013",Q5,https://www.aikstats.se/player.php?id=935
1174,Patrik Carlgren,"Swedish association football player, played for AIK, Målvakt, active 2013-2017",Q5,https://www.aikstats.se/player.php?id=1174
338,"Ove ""Järnkaminen"" Karlsson","Swedish association football player, played for AIK, Vänsterback, active 1943-1948",Q5,https://www.aikstats.se/player.php?id=338
280,Gustaf Josefsson,"Swedish association football player, played for AIK, Högerytter, active ? - ?",Q5,https://www.aikstats.se/player.php?id=280
219,Rune Bergström,"Swedish association football player, played for AIK, Högerytter, active 1914-1926",Q5,https://www.aikstats.se/player.php?id=219
752,"Helge ""Ekis"" Ekroth","Swedish association football player, played for AIK, Forward, active 1910-1923",Q5,https://www.aikstats.se/player.php?id=752
668,Iván Obolo,"Swedish association football player, played for AIK, Forward, active 2007-2009",Q5,https://www.aikstats.se/player.php?id=668
807,Daniel Gustavsson,"Swedish association football player, played for AIK, , active 2009-2014",Q5,https://www.aikstats.se/player.php?id=807
1178,Johan Blomberg,"Swedish association football player, played for AIK, Mittfältare, active 2015-2018",Q5,https://www.aikstats.se/player.php?id=1178
443,Sören Häggström,"Swedish association football player, played for AIK, Center, active 1960-1965",Q5,https://www.aikstats.se/player.php?id=443
934,Mohamed Bangura,"Swedish association football player, played for AIK, Forward, active 2010-2016",Q5,https://www.aikstats.se/player.php?id=934
442,Bengt Westerberg,"Swedish association football player, played for AIK, Högerytter, active 1961-1966",Q5,https://www.aikstats.se/player.php?id=442
390,"Kurt ""Kurre"" Liander","Swedish association football player, played for AIK, Vänsterytter, active 1949-1990",Q5,https://www.aikstats.se/player.php?id=390
58,Miran Burgić,"Swedish association football player, played for AIK, Forward, active 2006-2010",Q5,https://www.aikstats.se/player.php?id=58
587,Mats Olausson,"Swedish association football player, played for AIK, Innerback, active 1985-1989",Q5,https://www.aikstats.se/player.php?id=587
534,Jan-Olof Wallgren,"Swedish association football player, played for AIK, Innerback, active 1974-1977",Q5,https://www.aikstats.se/player.php?id=534
379,"Bengt ""Spjället"" Kjell","Swedish association football player, played for AIK, Målvakt, active 1950-1956",Q5,https://www.aikstats.se/player.php?id=379
1213,Rasmus Lindkvist,"Swedish association football player, played for AIK, Back, active 2018-2020",Q5,https://www.aikstats.se/player.php?id=1213
23,Nicklas Carlsson,"Swedish association football player, played for AIK, Mittback, active 2005-2007",Q5,https://www.aikstats.se/player.php?id=23
403,"Per-Ove ""Peo"" Enström","Swedish association football player, played for AIK, Högerback, active 1953-1960",Q5,https://www.aikstats.se/player.php?id=403
974,"Theodor ""Todde"" Malm","Swedish association football player, played for AIK, Back, active 1904-1921",Q5,https://www.aikstats.se/player.php?id=974
210,"John ""Broarn"" Persson","Swedish association football player, played for AIK, Centerhalv, active ? - ?",Q5,https://www.aikstats.se/player.php?id=210
363,"Lennart ""Pluntan"" Askinger","Swedish association football player, played for AIK, Vänsterback, active 1946-1955",Q5,https://www.aikstats.se/player.php?id=363
621,Pierre Gallo,"Swedish association football player, played for AIK, Vänster mittfältare, active 1989-1997",Q5,https://www.aikstats.se/player.php?id=621
648,Mattias Asper,"Swedish association football player, played for AIK, Målvakt, active 1998-2000",Q5,https://www.aikstats.se/player.php?id=648
411,"Leif ""Leffe"" Skiöld","Swedish association football player, played for AIK, Högerinner, active 1954-1959",Q5,https://www.aikstats.se/player.php?id=411
258,"Axel ""Massa"" Alfredsson","Swedish association football player, played for AIK, Högerback, active 1929-1959",Q5,https://www.aikstats.se/player.php?id=258
629,Patrick Englund,"Swedish association football player, played for AIK, Innerback, active 1995-2004",Q5,https://www.aikstats.se/player.php?id=629
373,"Bror ""Vilde Jägaren"" Mellberg","Swedish association football player, played for AIK, Center, active 1948-1979",Q5,https://www.aikstats.se/player.php?id=373
57,Daniel Mendes,"Swedish association football player, played for AIK, Forward, active 2006-2008",Q5,https://www.aikstats.se/player.php?id=57
917,"Kyriakos ""Kenny"" Stamatopoulos","Swedish association football player, played for AIK, Målvakt, active 2010-2010",Q5,https://www.aikstats.se/player.php?id=917
190,"Anders ""Hjelle"" Hjelm","Swedish association football player, played for AIK, Back, active 1989-1994",Q5,https://www.aikstats.se/player.php?id=190
360,"Sune ""Mona-Lisa"" Andersson","Swedish association football player, played for AIK, Högerhalv, active 1946-1950",Q5,https://www.aikstats.se/player.php?id=360
38,Pierre Bengtsson,"Swedish association football player, played for AIK, Mittfältare, active 2004-2009",Q5,https://www.aikstats.se/player.php?id=38
1217,Budimir Janošević,"Swedish association football player, played for AIK, Målvakt, active 2018- ?",Q5,https://www.aikstats.se/player.php?id=1217
604,Marco Ciardi,"Swedish association football player, played for AIK, Vänster mittfältare, active 1989-1996",Q5,https://www.aikstats.se/player.php?id=604
435,"Tommy ""Stänkarn"" Stenborg","Swedish association football player, played for AIK, Vänsterhalv, active 1951-1967",Q5,https://www.aikstats.se/player.php?id=435
579,"Björn ""Butta"" Johansson","Swedish association football player, played for AIK, Forward, active 1973-1985",Q5,https://www.aikstats.se/player.php?id=579
56,"Gabriel ""Gabbe"" Özkan","Swedish association football player, played for AIK, Mittfältare, active 2006-2013",Q5,https://www.aikstats.se/player.php?id=56
1383,Mikael Lustig,"Swedish association football player, played for AIK, Back, active 2020-2022",Q5,https://www.aikstats.se/player.php?id=1383
206,"Eric ""Hiller"" Hillerström","Swedish association football player, played for AIK, Målvakt, active ? - ?",Q5,https://www.aikstats.se/player.php?id=206
14,"Mattias ""Moa"" Moström","Swedish association football player, played for AIK, Mittfältare, active 1999-2007",Q5,https://www.aikstats.se/player.php?id=14
187,Teddy Lučić,"Swedish association football player, played for AIK, Back, active 2000-2002",Q5,https://www.aikstats.se/player.php?id=187
1176,Haukur Hauksson,"Swedish association football player, played for AIK, Back, active 2015-2018",Q5,https://www.aikstats.se/player.php?id=1176
1173,Panajotis Dimitriadis,"Swedish association football player, played for AIK, Mittfältare, active 2014-2021",Q5,https://www.aikstats.se/player.php?id=1173
972,"Karl ""Kalle"" Ansén","Swedish association football player, played for AIK, , active ? - ?",Q5,https://www.aikstats.se/player.php?id=972
457,Tord Grip,"Swedish association football player, played for AIK, Mittfältare, active 1966-1968",Q5,https://www.aikstats.se/player.php?id=457
264,"Åke ""Plockis"" Sigrell","Swedish association football player, played for AIK, Vänsterinner, active ? - ?",Q5,https://www.aikstats.se/player.php?id=264
633,"Pär ""Mille"" Millqvist","Swedish association football player, played for AIK, Högerback, active 1996-2003",Q5,https://www.aikstats.se/player.php?id=633
573,"Jan ""Janne"" Eriksson","Swedish association football player, played for AIK, Innerback, active 1987-1995",Q5,https://www.aikstats.se/player.php?id=573
471,"Curt ""Curre, Mörten"" Edenvik","Swedish association football player, played for AIK, Högerback, active 1967-1969",Q5,https://www.aikstats.se/player.php?id=471
61,"Per ""Pelle"" Nilsson","Swedish association football player, played for AIK, Mittback, active 2001-2004",Q5,https://www.aikstats.se/player.php?id=61
87,"Luke ""Shaggy"" Casserly","Swedish association football player, played for AIK, Innermittfältare, active 2000-2002",Q5,https://www.aikstats.se/player.php?id=87
1000,Robin Quaison,"Swedish association football player, played for AIK, Mittfältare, active 2000-2014",Q5,https://www.aikstats.se/player.php?id=1000
247,"Wilhelm ""Mulle"" Petersén","Swedish association football player, played for AIK, Centerhalv, active 1924-1939",Q5,https://www.aikstats.se/player.php?id=247
828,Kennedy Igboananike,"Swedish association football player, played for AIK, Forward, active 2012-2014",Q5,https://www.aikstats.se/player.php?id=828
451,"Christer ""Chrille Johan"" Johansson","Swedish association football player, played for AIK, Mittfältare, active 1962-1980",Q5,https://www.aikstats.se/player.php?id=451
657,Daniel Andersson,"Swedish association football player, played for AIK, Målvakt, active 2000-2002",Q5,https://www.aikstats.se/player.php?id=657
1258,Erik Ring,"Swedish association football player, played for AIK, Mittfältare, active 2018-2020",Q5,https://www.aikstats.se/player.php?id=1258
790,Jorge Ortíz,"Swedish association football player, played for AIK, Mittfältare, active 2008-2010",Q5,https://www.aikstats.se/player.php?id=790
597,Niclas Kindvall,"Swedish association football player, played for AIK, Forward, active 1987-1990",Q5,https://www.aikstats.se/player.php?id=597
11,Daniel Arnefjord,"Swedish association football player, played for AIK, Mittback, active 2006-2008",Q5,https://www.aikstats.se/player.php?id=11
194,Thomas Andersson,"Swedish association football player, played for AIK, Forward, active 1984-1987",Q5,https://www.aikstats.se/player.php?id=194
1109,"Knut ""Knutte"" Nilsson","Swedish association football player, played for AIK, , active 1902-1923",Q5,https://www.aikstats.se/player.php?id=1109
209,Bruno Lindström,"Swedish association football player, played for AIK, Centerhalv, active 1912-1924",Q5,https://www.aikstats.se/player.php?id=209
650,David Ljung,"Swedish association football player, played for AIK, Innerback, active 1998-2001",Q5,https://www.aikstats.se/player.php?id=650
652,"Christer ""Kitten, Mattigol"" Mattiasson","Swedish association football player, played for AIK, Forward, active 1999-2001",Q5,https://www.aikstats.se/player.php?id=652
292,"Valter ""Vatta"" Lundgren","Swedish association football player, played for AIK, Högerback, active 1936-1939",Q5,https://www.aikstats.se/player.php?id=292
1104,Ibrahim Moro,"Swedish association football player, played for AIK, Mittfältare, active 2012-2015",Q5,https://www.aikstats.se/player.php?id=1104
327,"Stig ""Stickan"" Östberg","Swedish association football player, played for AIK, Högerytter, active 1942-1950",Q5,https://www.aikstats.se/player.php?id=327
591,Johan Johansson,"Swedish association football player, played for AIK, Ytterback, active 1983-1991",Q5,https://www.aikstats.se/player.php?id=591
298,Sven Kindahl,"Swedish association football player, played for AIK, Vänsterhalv, active 1936-1944",Q5,https://www.aikstats.se/player.php?id=298
1211,Tarik Elyounoussi,"Swedish association football player, played for AIK, Mittfältare, active 2018-2020",Q5,https://www.aikstats.se/player.php?id=1211
1042,Kristoffer Nordfeldt,"Swedish association football player, played for AIK, Målvakt, active 2021- ?",Q5,https://www.aikstats.se/player.php?id=1042
551,Anders Åslund,"Swedish association football player, played for AIK, Forward, active 1976-1981",Q5,https://www.aikstats.se/player.php?id=551
645,Mike Kjølø,"Swedish association football player, played for AIK, Högerback, active 1998-1999",Q5,https://www.aikstats.se/player.php?id=645
186,Tommy Lundh,"Swedish association football player, played for AIK, Forward, active 1973-1976",Q5,https://www.aikstats.se/player.php?id=186
567,Lars Carlsson,"Swedish association football player, played for AIK, Forward, active 1979-1982",Q5,https://www.aikstats.se/player.php?id=567
1172,Eero Markkanen,"Swedish association football player, played for AIK, Forward, active 2014-2018",Q5,https://www.aikstats.se/player.php?id=1172
771,"Saihou ""CH"" Jagne","Swedish association football player, played for AIK, Forward, active 2007-2010",Q5,https://www.aikstats.se/player.php?id=771
502,"Roland ""Turken"" Magnusson","Swedish association football player, played for AIK, Yttermittfältare, active 1970-1974",Q5,https://www.aikstats.se/player.php?id=502
357,"Lennart ""Derby"" Pettersson","Swedish association football player, played for AIK, Högerinner, active 1946-1950",Q5,https://www.aikstats.se/player.php?id=357
824,Jos Hooiveld,"Swedish association football player, played for AIK, Back, active 2009-2017",Q5,https://www.aikstats.se/player.php?id=824
9,Wilton Figueiredo,"Swedish association football player, played for AIK, Forward, active 2005-2007",Q5,https://www.aikstats.se/player.php?id=9
1214,Denni Avdić,"Swedish association football player, played for AIK, Forward, active 2016-2018",Q5,https://www.aikstats.se/player.php?id=1214
769,Bojan Djordjic,"Swedish association football player, played for AIK, Mittfältare, active 2007-2010",Q5,https://www.aikstats.se/player.php?id=769
401,"Kurt ""Kurre"" Hamrin","Swedish association football player, played for AIK, Högerytter, active 1949-1956",Q5,https://www.aikstats.se/player.php?id=401
197,Peter Larsson,"Swedish association football player, played for AIK, Innerback, active 1991-2002",Q5,https://www.aikstats.se/player.php?id=197
561,"Leif ""Lidde"" Lindén","Swedish association football player, played for AIK, Ytterback, active 1976-1982",Q5,https://www.aikstats.se/player.php?id=561
1210,Heradi Rashidi,"Swedish association football player, played for AIK, Mittfältare, active 2018-2021",Q5,https://www.aikstats.se/player.php?id=1210
1036,Kwame Amponsah Karikari,"Swedish association football player, played for AIK, Forward, active 2011-2015",Q5,https://www.aikstats.se/player.php?id=1036
213,"Helmer ""Pysen"" Svedberg","Swedish association football player, played for AIK, Högerinner, active 1917-1926",Q5,https://www.aikstats.se/player.php?id=213
216,"Rudolf ""Putte"" Kock","Swedish association football player, played for AIK, Vänsterytter, active 1918-1953",Q5,https://www.aikstats.se/player.php?id=216
420,Ingemar Ingevik,"Swedish association football player, played for AIK, Högerback, active 1952-2002",Q5,https://www.aikstats.se/player.php?id=420
798,"Patrik ""Putte"" Bojent","Swedish association football player, played for AIK, Vänsterback, active 2007-2009",Q5,https://www.aikstats.se/player.php?id=798
1425,"Zachary ""Zack"" Elbouzedi","Swedish association football player, played for AIK, Mittfältare, active 2021- ?",Q5,https://www.aikstats.se/player.php?id=1425
1171,Niclas Eliasson,"Swedish association football player, played for AIK, Mittfältare, active 2014-2017",Q5,https://www.aikstats.se/player.php?id=1171
1327,Yasin Ayari,"Swedish association football player, played for AIK, Mittfältare, active 2020-2023",Q5,https://www.aikstats.se/player.php?id=1327
1208,"Kristoffer ""Koffe"" Olsson","Swedish association football player, played for AIK, Mittfältare, active 2017-2019",Q5,https://www.aikstats.se/player.php?id=1208
770,Walid Atta,"Swedish association football player, played for AIK, Mittback, active 2007-2010",Q5,https://www.aikstats.se/player.php?id=770
1187,Sauli Väisänen,"Swedish association football player, played for AIK, , active 2014-2017",Q5,https://www.aikstats.se/player.php?id=1187
413,Göran Åslin,"Swedish association football player, played for AIK, Vänsterhalv, active 1951-1959",Q5,https://www.aikstats.se/player.php?id=413
367,"Olof ""Olle"" Klasson","Swedish association football player, played for AIK, Ytterhalv, active 1947-1951",Q5,https://www.aikstats.se/player.php?id=367
182,"Bo ""Bosse"" Sjögren","Swedish association football player, played for AIK, Forward, active 1972-1976",Q5,https://www.aikstats.se/player.php?id=182
485,Kent Persson,"Swedish association football player, played for AIK, Forward, active 1967-1970",Q5,https://www.aikstats.se/player.php?id=485
19,Derek Boateng,"Swedish association football player, played for AIK, Mittfältare, active 2003-2006",Q5,https://www.aikstats.se/player.php?id=19
563,Ola Rydstrand,"Swedish association football player, played for AIK, Mittfältare, active 1979-1982",Q5,https://www.aikstats.se/player.php?id=563
34,Arash Talebinejad,"Swedish association football player, played for AIK, Forward, active 2002-2006",Q5,https://www.aikstats.se/player.php?id=34
1098,Sam Lundholm,"Swedish association football player, played for AIK, Mittfältare, active 2012-2015",Q5,https://www.aikstats.se/player.php?id=1098
185,"Torbjörn ""Tobbe"" Ek","Swedish association football player, played for AIK, Center, active 1971-1973",Q5,https://www.aikstats.se/player.php?id=185
1065,"Lalawelé ""Lala"" Atakora","Swedish association football player, played for AIK, Mittfältare, active 2011-2015",Q5,https://www.aikstats.se/player.php?id=1065
313,"Stig ""Stickan"" Carlson","Swedish association football player, played for AIK, Vänsterhalv, active ? - ?",Q5,https://www.aikstats.se/player.php?id=313
278,"Olle ""Olle"" Zetherlund","Swedish association football player, played for AIK, Center, active 1933-1939",Q5,https://www.aikstats.se/player.php?id=278
1257,Karol Mets,"Swedish association football player, played for AIK, Back, active 2019-2020",Q5,https://www.aikstats.se/player.php?id=1257
1175,Noah Sonko Sundberg,"Swedish association football player, played for AIK, Back, active 2010-2018",Q5,https://www.aikstats.se/player.php?id=1175
660,"Patric ""Långås"" Andersson","Swedish association football player, played for AIK, Forward, active 2001-2002",Q5,https://www.aikstats.se/player.php?id=660
536,Crister Andersson,"Swedish association football player, played for AIK, Mittfältare, active 1974-1977",Q5,https://www.aikstats.se/player.php?id=536
7,Kristian Haynes,"Swedish association football player, played for AIK, Forward, active 2005-2007",Q5,https://www.aikstats.se/player.php?id=7
582,"Kari ""Karo"" Virtanen","Swedish association football player, played for AIK, Mittfältare, active 1983-1985",Q5,https://www.aikstats.se/player.php?id=582
806,Pontus Engblom,"Swedish association football player, played for AIK, Forward, active 2009-2012",Q5,https://www.aikstats.se/player.php?id=806
632,"Alexander ""Salle"" Östlund","Swedish association football player, played for AIK, Forward, active 1991-1998",Q5,https://www.aikstats.se/player.php?id=632
29,Håkan Svensson,"Swedish association football player, played for AIK, Målvakt, active 2002-2004",Q5,https://www.aikstats.se/player.php?id=29
80,Andreas Alm,"Swedish association football player, played for AIK, Forward, active 2000-2016",Q5,https://www.aikstats.se/player.php?id=80
635,"Patrik ""Putte"" Fredholm","Swedish association football player, played for AIK, Forward, active 1983-1998",Q5,https://www.aikstats.se/player.php?id=635
1215,Stefan Silva,"Swedish association football player, played for AIK, Forward, active 2018-2021",Q5,https://www.aikstats.se/player.php?id=1215
1421,"Axel ""Acke"" Björnström","Swedish association football player, played for AIK, Vänsterback, active 2022- ?",Q5,https://www.aikstats.se/player.php?id=1421
1179,Fredrik Brustad,"Swedish association football player, played for AIK, Forward, active 2015-2016",Q5,https://www.aikstats.se/player.php?id=1179
977,"David ""Spånga"" Spångberg","Swedish association football player, played for AIK, Mittfältare, active 1910-1918",Q5,https://www.aikstats.se/player.php?id=977
287,"Sven ""Tomten"" Söderström","Swedish association football player, played for AIK, , active ? - ?",Q5,https://www.aikstats.se/player.php?id=287
76,Fredrik Björck,"Swedish association football player, played for AIK, Innerback, active 2003-2004",Q5,https://www.aikstats.se/player.php?id=76
1200,Ahmed Yasin,"Swedish association football player, played for AIK, Mittfältare, active 2016-2018",Q5,https://www.aikstats.se/player.php?id=1200
758,Kevin Walker,"Swedish association football player, played for AIK, Mittfältare, active 2007-2011",Q5,https://www.aikstats.se/player.php?id=758
226,"Ernst ""Stinsen"" Blomqvist","Swedish association football player, played for AIK, Högerinner, active ? -1930",Q5,https://www.aikstats.se/player.php?id=226
891,Antônio Flávio,"Swedish association football player, played for AIK, Forward, active 2009-2011",Q5,https://www.aikstats.se/player.php?id=891
245,"Wilhelm ""Wille"" Engdahl","Swedish association football player, played for AIK, Vänsterytter, active 1927-1930",Q5,https://www.aikstats.se/player.php?id=245
6,"Dennis ""Dempa"" Östlundh","Swedish association football player, played for AIK, Mittfältare, active 1992-2007",Q5,https://www.aikstats.se/player.php?id=6
1293,Tom Strannegård,"Swedish association football player, played for AIK, Mittfältare, active 2019-2023",Q5,https://www.aikstats.se/player.php?id=1293
1226,Robert Lundström,"Swedish association football player, played for AIK, Back, active 2017-2021",Q5,https://www.aikstats.se/player.php?id=1226
976,"Klas ""Claes, Classe"" Berg","Swedish association football player, played for AIK, Back, active 1902-1916",Q5,https://www.aikstats.se/player.php?id=976
71,Khari Stephenson,"Swedish association football player, played for AIK, Mittfältare, active 2007-2008",Q5,https://www.aikstats.se/player.php?id=71
222,"Herbert ""Banken"" Ohlsson","Swedish association football player, played for AIK, Högerinner, active 1908-1926",Q5,https://www.aikstats.se/player.php?id=222
1245,Saku Ylätupa,"Swedish association football player, played for AIK, Mittfältare, active 2019-2022",Q5,https://www.aikstats.se/player.php?id=1245
470,Leif Hult,"Swedish association football player, played for AIK, Målvakt, active 1967-1969",Q5,https://www.aikstats.se/player.php?id=470
1205,Amin Affane,"Swedish association football player, played for AIK, Mittfältare, active 2016-2018",Q5,https://www.aikstats.se/player.php?id=1205
212,Elis Ekholm,"Swedish association football player, played for AIK, Vänsterhalv, active 1918-1932",Q5,https://www.aikstats.se/player.php?id=212
978,"Valfrid ""Valle"" Gunnarsson","Swedish association football player, played for AIK, Forward, active ? - ?",Q5,https://www.aikstats.se/player.php?id=978
290,"Isidor ""Isse"" Eriksson","Swedish association football player, played for AIK, Vänsterhalv, active 1935- ?",Q5,https://www.aikstats.se/player.php?id=290
596,"Thomas ""Boda"" Bodström","Swedish association football player, played for AIK, Högerback, active 1987-1989",Q5,https://www.aikstats.se/player.php?id=596
1307,Robin Tihi,"Swedish association football player, played for AIK, Mittfältare, active 2020-2020",Q5,https://www.aikstats.se/player.php?id=1307
343,Arne Andersson,"Swedish association football player, played for AIK, Center, active 1944-1946",Q5,https://www.aikstats.se/player.php?id=343
331,Lennart Carlsson-Askerlund,"Swedish association football player, played for AIK, Högerinner, active 1942-1944",Q5,https://www.aikstats.se/player.php?id=331
549,"Lars ""Lasse"" Carlson","Swedish association football player, played for AIK, Innerback, active 1967-1978",Q5,https://www.aikstats.se/player.php?id=549
445,Allan Wikström,"Swedish association football player, played for AIK, Vänsterback, active ? -1966",Q5,https://www.aikstats.se/player.php?id=445
423,"Curth ""Curre"" Lundgren","Swedish association football player, played for AIK, Högerback, active 1957-1962",Q5,https://www.aikstats.se/player.php?id=423
90,Svante Samuelsson,"Swedish association football player, played for AIK, Mittfältare, active 2002-2003",Q5,https://www.aikstats.se/player.php?id=90
268,Erik Ekblad,"Swedish association football player, played for AIK, Vänsterhalv, active 1931-1938",Q5,https://www.aikstats.se/player.php?id=268
594,Esa Pekonen,"Swedish association football player, played for AIK, Back, active 1987-1989",Q5,https://www.aikstats.se/player.php?id=594
495,Paolo Bruschi,"Swedish association football player, played for AIK, Back, active 1969-1971",Q5,https://www.aikstats.se/player.php?id=495
634,Cesar Pachà,"Swedish association football player, played for AIK, Forward, active 1996-1997",Q5,https://www.aikstats.se/player.php?id=634
465,"Gunnar ""Lappen"" Lund","Swedish association football player, played for AIK, Målvakt, active 1964-1968",Q5,https://www.aikstats.se/player.php?id=465
2,"Markus ""Mackan"" Karlsson","Swedish association football player, played for AIK, Vänsterback, active 2005-2007",Q5,https://www.aikstats.se/player.php?id=2
623,"Jesper ""Jeppe"" Jansson","Swedish association football player, played for AIK, Mittback, active 1994-1995",Q5,https://www.aikstats.se/player.php?id=623
649,"Hans ""Hasse"" Bergh","Swedish association football player, played for AIK, Höger mittfältare, active 1998-2000",Q5,https://www.aikstats.se/player.php?id=649
572,"Hörður ""Harkan"" Hilmarsson","Swedish association football player, played for AIK, Mittfältare, active 1980-1981",Q5,https://www.aikstats.se/player.php?id=572
568,Glenn Rönnberg,"Swedish association football player, played for AIK, Vänsterback, active 1979-1982",Q5,https://www.aikstats.se/player.php?id=568
656,"Mattias ""Thylle"" Thylander","Swedish association football player, played for AIK, Högerback, active 2000-2001",Q5,https://www.aikstats.se/player.php?id=656
347,Bengt Rosenqvist,"Swedish association football player, played for AIK, , active ? - ?",Q5,https://www.aikstats.se/player.php?id=347
647,"Marino ""Marre"" Rahmberg","Swedish association football player, played for AIK, Forward, active 1998-1999",Q5,https://www.aikstats.se/player.php?id=647
416,Jörgen Ekengren,"Swedish association football player, played for AIK, Målvakt, active 1956-1959",Q5,https://www.aikstats.se/player.php?id=416
1242,"Chinedu ""Edu"" Obasi","Swedish association football player, played for AIK, Forward, active 2016-2019",Q5,https://www.aikstats.se/player.php?id=1242
1265,Kolbeinn Sigþórsson,"Swedish association football player, played for AIK, Forward, active 2019-2021",Q5,https://www.aikstats.se/player.php?id=1265
547,"Tom ""Toito"" Källström","Swedish association football player, played for AIK, Mittfältare, active 1976-1978",Q5,https://www.aikstats.se/player.php?id=547
1312,"Josafat ""Joe"" Mendes","Swedish association football player, played for AIK, Back, active 2015-2023",Q5,https://www.aikstats.se/player.php?id=1312
356,"Erik ""Prosten"" Karlsson","Swedish association football player, played for AIK, Center, active 1945-1948",Q5,https://www.aikstats.se/player.php?id=356
625,"Fredrik ""Freppa"" Espmark","Swedish association football player, played for AIK, Vänsterback, active 1994-1995",Q5,https://www.aikstats.se/player.php?id=625
1247,Daniel Granli,"Swedish association football player, played for AIK, Back, active 2019-2021",Q5,https://www.aikstats.se/player.php?id=1247
13,Admir Ćatović,"Swedish association football player, played for AIK, Forward, active 1999-2012",Q5,https://www.aikstats.se/player.php?id=13
1380,Bojan Radulović,"Swedish association football player, played for AIK, Forward, active 2020-2022",Q5,https://www.aikstats.se/player.php?id=1380
1289,Eric Kahl,"Swedish association football player, played for AIK, Back, active 2005-2021",Q5,https://www.aikstats.se/player.php?id=1289
372,Rune Larsson,"Swedish association football player, played for AIK, Högerinner, active 1948-1952",Q5,https://www.aikstats.se/player.php?id=372
659,Sharbel Touma,"Swedish association football player, played for AIK, Forward, active 2000-2001",Q5,https://www.aikstats.se/player.php?id=659
293,Floyd Lagerkrantz,"Swedish association football player, played for AIK, Center, active 1936-1939",Q5,https://www.aikstats.se/player.php?id=293
799,Yussuf Saleh,"Swedish association football player, played for AIK, Yttermittfältare, active 2008-2012",Q5,https://www.aikstats.se/player.php?id=799
62,Pa-Modou Kah,"Swedish association football player, played for AIK, Mittfältare, active 2003-2004",Q5,https://www.aikstats.se/player.php?id=62
608,"Peter ""Peppe"" Hallström","Swedish association football player, played for AIK, Yttermittfältare, active 1984-1992",Q5,https://www.aikstats.se/player.php?id=608
1181,Christos Gravius,"Swedish association football player, played for AIK, Mittfältare, active 2008-2019",Q5,https://www.aikstats.se/player.php?id=1181
603,Joacim Sjöström,"Swedish association football player, played for AIK, Målvakt, active 1989-1990",Q5,https://www.aikstats.se/player.php?id=603
842,John Guidetti,"Swedish association football player, played for AIK, Forward, active 2022- ?",Q5,https://www.aikstats.se/player.php?id=842
408,"Axel ""Acke"" Ericsson","Swedish association football player, played for AIK, Vänsterytter, active 1954-1956",Q5,https://www.aikstats.se/player.php?id=408
207,"Josef ""Jocke"" Ekholm","Swedish association football player, played for AIK, Högerback, active 1918-1932",Q5,https://www.aikstats.se/player.php?id=207
10,Bernt Hulsker,"Swedish association football player, played for AIK, Forward, active 2006-2007",Q5,https://www.aikstats.se/player.php?id=10
35,"Gabriel ""Gabbe"" Petrović","Swedish association football player, played for AIK, Mittfältare, active 1993-2006",Q5,https://www.aikstats.se/player.php?id=35
759,"Jan ""Janne"" Eriksson","Swedish association football player, played for AIK, Högerback, active 1977-1984",Q5,https://www.aikstats.se/player.php?id=759
570,"Per ""Pelle, Renen"" Wiklundh","Swedish association football player, played for AIK, Back, active 1978-1984",Q5,https://www.aikstats.se/player.php?id=570
979,"Ivar ""Iffa-Sven"" Svensson","Swedish association football player, played for AIK, Forward, active ? - ?",Q5,https://www.aikstats.se/player.php?id=979
324,"Gunnar ""Hoppjerkan"" Södergren","Swedish association football player, played for AIK, Forward, active 1944-1947",Q5,https://www.aikstats.se/player.php?id=324
1381,Filip Rogić,"Swedish association football player, played for AIK, Mittfältare, active 2020-2022",Q5,https://www.aikstats.se/player.php?id=1381
272,Hugo Hernvall,"Swedish association football player, played for AIK, Centerhalv, active 1932-1936",Q5,https://www.aikstats.se/player.php?id=272
556,"Ulf ""Uffe"" Jakobsson","Swedish association football player, played for AIK, Målvakt, active 1977-1980",Q5,https://www.aikstats.se/player.php?id=556
265,"Knut ""Knutte"" Johansson","Swedish association football player, played for AIK, Vänsterytter, active 1930-1932",Q5,https://www.aikstats.se/player.php?id=265
31,"Andreas ""Ante"" Eriksson","Swedish association football player, played for AIK, Forward, active 2004-2006",Q5,https://www.aikstats.se/player.php?id=31
618,Jan Andersson,"Swedish association football player, played for AIK, Back, active 1993-1994",Q5,https://www.aikstats.se/player.php?id=618
661,"Vyacheslav ""Slavik"" Jevtushenko","Swedish association football player, played for AIK, Mittfältare, active 1989-2003",Q5,https://www.aikstats.se/player.php?id=661
658,Erik Edman,"Swedish association football player, played for AIK, Vänsterback, active 2000-2001",Q5,https://www.aikstats.se/player.php?id=658
391,"Lars ""Lacke"" Hall","Swedish association football player, played for AIK, Högerinner, active 1952-1957",Q5,https://www.aikstats.se/player.php?id=391
195,"Bo ""Super-Bo, Lanthandlarn"" Andersson","Swedish association football player, played for AIK, Forward, active 1990-1991",Q5,https://www.aikstats.se/player.php?id=195
33,Göran Marklund,"Swedish association football player, played for AIK, Forward, active 2003-2006",Q5,https://www.aikstats.se/player.php?id=33
1202,Alexander Isak,"Swedish association football player, played for AIK, Forward, active 2005-2017",Q5,https://www.aikstats.se/player.php?id=1202
497,Lars-Tony Hedström,"Swedish association football player, played for AIK, Forward, active 1969-1972",Q5,https://www.aikstats.se/player.php?id=497
1177,Dickson Etuhu,"Swedish association football player, played for AIK, Mittfältare, active 2014-2017",Q5,https://www.aikstats.se/player.php?id=1177
1212,Robin Jansson,"Swedish association football player, played for AIK, Back, active 2018-2019",Q5,https://www.aikstats.se/player.php?id=1212
811,Tomi Maanoja,"Swedish association football player, played for AIK, Målvakt, active 2008-2011",Q5,https://www.aikstats.se/player.php?id=811
546,"Kjell ""Granan"" Granqvist","Swedish association football player, played for AIK, Forward, active 1976-1977",Q5,https://www.aikstats.se/player.php?id=546
333,"Herold ""Wolfen"" Wolfbrandt","Swedish association football player, played for AIK, Center, active 1942-1943",Q5,https://www.aikstats.se/player.php?id=333
521,Gerry Rehn,"Swedish association football player, played for AIK, Ytterback, active 1961-1975",Q5,https://www.aikstats.se/player.php?id=521
564,"Staffan ""Isak"" Isaksson","Swedish association football player, played for AIK, Mittfältare, active 1979-1981",Q5,https://www.aikstats.se/player.php?id=564
283,"Einar ""Eje, Bolas"" Bohlin","Swedish association football player, played for AIK, Vänsterinner, active 1934-1940",Q5,https://www.aikstats.se/player.php?id=283
1114,"Fridolf ""Fritz, Fritte"" Wilander","Swedish association football player, played for AIK, , active ? - ?",Q5,https://www.aikstats.se/player.php?id=1114
669,Lucas Valdemarín,"Swedish association football player, played for AIK, Forward, active 2007-2008",Q5,https://www.aikstats.se/player.php?id=669
550,Leif Grahn,"Swedish association football player, played for AIK, Högerback, active 1967-1979",Q5,https://www.aikstats.se/player.php?id=550
399,Sven-Erik Westerberg,"Swedish association football player, played for AIK, Vänsterinner, active 1952-1955",Q5,https://www.aikstats.se/player.php?id=399
1180,Marko Nikolić,"Swedish association football player, played for AIK, Forward, active 2014-2017",Q5,https://www.aikstats.se/player.php?id=1180
897,Nicklas Maripuu,"Swedish association football player, played for AIK, Back, active 1997-2015",Q5,https://www.aikstats.se/player.php?id=897
975,Erik Runeborg,"Swedish association football player, played for AIK, Back, active ? - ?",Q5,https://www.aikstats.se/player.php?id=975
288,"Holger ""Hogge, Bellan"" Belin","Swedish association football player, played for AIK, Vänsterinner, active 1934-1943",Q5,https://www.aikstats.se/player.php?id=288
589,"Roger ""Sudden"" Sundin","Swedish association football player, played for AIK, Forward, active 1985-1986",Q5,https://www.aikstats.se/player.php?id=589
36,Kristoffer Arvhage,"Swedish association football player, played for AIK, Back, active 2004-2005",Q5,https://www.aikstats.se/player.php?id=36
607,"Per ""Harry"" Harrysson","Swedish association football player, played for AIK, Forward, active 1990-1991",Q5,https://www.aikstats.se/player.php?id=607
430,"Bengt ""Boden"" Karlsson","Swedish association football player, played for AIK, Vänsterinner, active 1959-1961",Q5,https://www.aikstats.se/player.php?id=430
1225,Jesper Nyholm,"Swedish association football player, played for AIK, Back, active 2016-2019",Q5,https://www.aikstats.se/player.php?id=1225
1131,Edvin Holm,"Swedish association football player, played for AIK, , active ? - ?",Q5,https://www.aikstats.se/player.php?id=1131
1450,Jesper Ceesay,"Swedish association football player, played for AIK, Defensiv mittfältare, active 2022-2023",Q5,https://www.aikstats.se/player.php?id=1450
227,"Mauritz ""Moje"" Brick","Swedish association football player, played for AIK, Vänsterytter, active ? - ?",Q5,https://www.aikstats.se/player.php?id=227
176,Tommy Kastman,"Swedish association football player, played for AIK, Innerback, active 1972-1973",Q5,https://www.aikstats.se/player.php?id=176
285,"John ""Long-John"" Nilsson","Swedish association football player, played for AIK, Center, active 1934-1936",Q5,https://www.aikstats.se/player.php?id=285
21,Nicklas Bergh,"Swedish association football player, played for AIK, Målvakt, active 2005-2010",Q5,https://www.aikstats.se/player.php?id=21
1182,Patrick Kpozo,"Swedish association football player, played for AIK, Back, active 2015-2017",Q5,https://www.aikstats.se/player.php?id=1182
768,Jorge Anchén,"Swedish association football player, played for AIK, Mittfältare, active 2008-2008",Q5,https://www.aikstats.se/player.php?id=768
1322,Paulos Abraham,"Swedish association football player, played for AIK, Forward, active 2020-2021",Q5,https://www.aikstats.se/player.php?id=1322
389,Lars Larsson,"Swedish association football player, played for AIK, Vänsterhalv, active 1950-1955",Q5,https://www.aikstats.se/player.php?id=389
577,"Branislav ""Bullen, Branko"" Markovic","Swedish association football player, played for AIK, Forward, active 1977-1984",Q5,https://www.aikstats.se/player.php?id=577
585,Kjell Jonevret,"Swedish association football player, played for AIK, Forward, active 1984-1985",Q5,https://www.aikstats.se/player.php?id=585
409,"Gösta ""Kölas"" Köhlström","Swedish association football player, played for AIK, Målvakt, active 1953-1958",Q5,https://www.aikstats.se/player.php?id=409
77,"Kwame ""Caniggia"" Quansah","Swedish association football player, played for AIK, Forward, active 2003-2003",Q5,https://www.aikstats.se/player.php?id=77
415,Lars Falkmer,"Swedish association football player, played for AIK, Högerback, active 1948-1958",Q5,https://www.aikstats.se/player.php?id=415
1124,Gunnar Andersson,"Swedish association football player, played for AIK, Målvakt, active ? - ?",Q5,https://www.aikstats.se/player.php?id=1124
1460,Vincent Thill,"Swedish association football player, played for AIK, Mittfältare, active 2022- ?",Q5,https://www.aikstats.se/player.php?id=1460
303,"Åke ""Gentile"" Andersson","Swedish association football player, played for AIK, Ytterback, active 1982-1984",Q5,https://www.aikstats.se/player.php?id=303
240,"Thure ""Turken"" Westerdahl","Swedish association football player, played for AIK, Målvakt, active 1926-1929",Q5,https://www.aikstats.se/player.php?id=240
310,"Olof ""Olle"" Pettersson","Swedish association football player, played for AIK, Vänsterinner, active 1940-1943",Q5,https://www.aikstats.se/player.php?id=310
1279,Felix Michel,"Swedish association football player, played for AIK, Back, active 2019-2022",Q5,https://www.aikstats.se/player.php?id=1279
641,Anders Limpar,"Swedish association football player, played for AIK, Mittfältare, active 1974-1998",Q5,https://www.aikstats.se/player.php?id=641
651,"Andreas ""Adde"" Johansson","Swedish association football player, played for AIK, Forward, active 1999-1999",Q5,https://www.aikstats.se/player.php?id=651
544,Per-Arne Wahlstedt,"Swedish association football player, played for AIK, Vänsterback, active 1975-1976",Q5,https://www.aikstats.se/player.php?id=544
1422,Jetmir Haliti,"Swedish association football player, played for AIK, Back, active 2021- ?",Q5,https://www.aikstats.se/player.php?id=1422
225,"August ""Agge"" Selling","Swedish association football player, played for AIK, Högerback, active 1925-1928",Q5,https://www.aikstats.se/player.php?id=225
595,Jari Hudd,"Swedish association football player, played for AIK, Mittfältare, active 1987-1989",Q5,https://www.aikstats.se/player.php?id=595
542,"Ove ""Kronblom"" Nilsson","Swedish association football player, played for AIK, Forward, active 1975-1975",Q5,https://www.aikstats.se/player.php?id=542
1428,Amar Abdirahman,"Swedish association football player, played for AIK, Mittfältare, active 2014-2022",Q5,https://www.aikstats.se/player.php?id=1428
1439,Taha Ayari,"Swedish association football player, played for AIK, Mittfältare, active 2012-2022",Q5,https://www.aikstats.se/player.php?id=1439
682,"Per ""Pelle"" Nilsson","Swedish association football player, played for AIK, Forward, active 1981-1984",Q5,https://www.aikstats.se/player.php?id=682
1073,"Alhassan ""Crespo"" Kamara","Swedish association football player, played for AIK, Forward, active 2012-2013",Q5,https://www.aikstats.se/player.php?id=1073
971,Thore Sundberg,"Swedish association football player, played for AIK, , active ? -1920",Q5,https://www.aikstats.se/player.php?id=971
1454,Benjamin Mbunga Kimpioka,"Swedish association football player, played for AIK, Forward, active 2022- ?",Q5,https://www.aikstats.se/player.php?id=1454
951,"Ibrahim ""Ibra, Teteh"" Bangura","Swedish association football player, played for AIK, Forward, active 2011-2014",Q5,https://www.aikstats.se/player.php?id=951
351,"Lennart ""Putte"" Andersson","Swedish association football player, played for AIK, Center, active 1944-1950",Q5,https://www.aikstats.se/player.php?id=351
530,"Åke ""Bulten"" Andersson","Swedish association football player, played for AIK, Högerback, active 1973-1975",Q5,https://www.aikstats.se/player.php?id=530
230,"Gunnar ""Caspar"" Casparsson","Swedish association football player, played for AIK, Högerback, active 1925-1926",Q5,https://www.aikstats.se/player.php?id=230
751,"William ""Vilhelm"" Palme","Swedish association football player, played for AIK, , active 1907-1911",Q5,https://www.aikstats.se/player.php?id=751
309,Svante Granlund,"Swedish association football player, played for AIK, Högerytter, active 1939-1951",Q5,https://www.aikstats.se/player.php?id=309
339,Sven Pålsson,"Swedish association football player, played for AIK, Högerytter, active 1943-1944",Q5,https://www.aikstats.se/player.php?id=339
537,"Bo-Lennart ""Jeppe"" Jepson","Swedish association football player, played for AIK, Back, active 1974-1976",Q5,https://www.aikstats.se/player.php?id=537
377,"Åke ""Frasse"" Fransson","Swedish association football player, played for AIK, Högerinner, active 1950-1952",Q5,https://www.aikstats.se/player.php?id=377
548,"Stefan ""Walle"" Wallén","Swedish association football player, played for AIK, Ytterback, active 1976-1978",Q5,https://www.aikstats.se/player.php?id=548
644,Lee Baxter,"Swedish association football player, played for AIK, Målvakt, active 1998-2015",Q5,https://www.aikstats.se/player.php?id=644
654,Pontus Kåmark,"Swedish association football player, played for AIK, Back, active 1999-2000",Q5,https://www.aikstats.se/player.php?id=654
639,"Andreas ""Ante"" Yngvesson","Swedish association football player, played for AIK, Forward, active 1997-1998",Q5,https://www.aikstats.se/player.php?id=639
1463,Rui Modesto,"Swedish association football player, played for AIK, Back, active 2022- ?",Q5,https://www.aikstats.se/player.php?id=1463
1457,Omar Faraj,"Swedish association football player, played for AIK, Forward, active 2013-2016",Q5,https://www.aikstats.se/player.php?id=1457
24,Brwa Nouri,"Swedish association football player, played for AIK, Mittfältare, active 1984-2009",Q5,https://www.aikstats.se/player.php?id=24
823,Mikael Thorstensson,"Swedish association football player, played for AIK, Forward, active 2009-2009",Q5,https://www.aikstats.se/player.php?id=823
1185,Alessandro Pereira,"Swedish association football player, played for AIK, Back, active 2015-2015",Q5,https://www.aikstats.se/player.php?id=1185
523,"Sten ""Sten-Pelle"" Pettersson","Swedish association football player, played for AIK, Mittfältare, active 1972-1974",Q5,https://www.aikstats.se/player.php?id=523
584,Lenny Asp,"Swedish association football player, played for AIK, Forward, active 1983-1984",Q5,https://www.aikstats.se/player.php?id=584
997,"Christian ""Chrille"" Kouakou","Swedish association football player, played for AIK, Forward, active 2001-2013",Q5,https://www.aikstats.se/player.php?id=997
559,John Wilkinson,"Swedish association football player, played for AIK, Forward, active 1978-1979",Q5,https://www.aikstats.se/player.php?id=559
841,Daniel Majstorović,"Swedish association football player, played for AIK, Mittback, active 2012-2014",Q5,https://www.aikstats.se/player.php?id=841
1326,Louis Groth,"Swedish association football player, played for AIK, , active ? - ?",Q5,https://www.aikstats.se/player.php?id=1326
388,"Ulf ""Uffe"" Östlund","Swedish association football player, played for AIK, Center, active 1950-1953",Q5,https://www.aikstats.se/player.php?id=388
1224,Simon Thern,"Swedish association football player, played for AIK, Mittfältare, active 2017-2017",Q5,https://www.aikstats.se/player.php?id=1224
1427,Calvin Kabuye,"Swedish association football player, played for AIK, Forward, active 2015-2022",Q5,https://www.aikstats.se/player.php?id=1427
1111,"Ragnar ""Ragge"" Bäckström","Swedish association football player, played for AIK, , active 1904-1917",Q5,https://www.aikstats.se/player.php?id=1111
1305,Jakob Haugaard,"Swedish association football player, played for AIK, Målvakt, active 2020-2023",Q5,https://www.aikstats.se/player.php?id=1305
410,Orvar Bergmark,"Swedish association football player, played for AIK, Vänsterback, active 1955-1955",Q5,https://www.aikstats.se/player.php?id=410
84,Samuel Ayorinde,"Swedish association football player, played for AIK, Forward, active 2002-2003",Q5,https://www.aikstats.se/player.php?id=84
539,Manni Thofte,"Swedish association football player, played for AIK, Mittfältare, active 1963-1976",Q5,https://www.aikstats.se/player.php?id=539
452,Lars Sjöström,"Swedish association football player, played for AIK, Forward, active 1964-1965",Q5,https://www.aikstats.se/player.php?id=452
1301,Knut Blomén,"Swedish association football player, played for AIK, , active ? - ?",Q5,https://www.aikstats.se/player.php?id=1301
780,Christoffer Eriksson,"Swedish association football player, played for AIK, Back, active 2007-2011",Q5,https://www.aikstats.se/player.php?id=780
675,Göran Johansson,"Swedish association football player, played for AIK, , active ? - ?",Q5,https://www.aikstats.se/player.php?id=675
398,John Göras,"Swedish association football player, played for AIK, Center, active 1952-1955",Q5,https://www.aikstats.se/player.php?id=398
940,Goran Ljubojević,"Swedish association football player, played for AIK, Forward, active 2010-2011",Q5,https://www.aikstats.se/player.php?id=940
192,"Bo ""Bosse"" Petersson","Swedish association football player, played for AIK, Mittfältare, active 1977-1980",Q5,https://www.aikstats.se/player.php?id=192
238,"Eric ""Bassen"" Sköld","Swedish association football player, played for AIK, , active ? - ?",Q5,https://www.aikstats.se/player.php?id=238
646,Olof Mellberg,"Swedish association football player, played for AIK, Innerback, active 1998-1998",Q5,https://www.aikstats.se/player.php?id=646
446,"Benny ""Benny Guldfot"" Söderling","Swedish association football player, played for AIK, Högerytter, active 1962-1965",Q5,https://www.aikstats.se/player.php?id=446
1451,Henry Atola,"Swedish association football player, played for AIK, Forward, active 2022- ?",Q5,https://www.aikstats.se/player.php?id=1451
1433,Alexander Fesshaie,"Swedish association football player, played for AIK, Forward, active 2017-2022",Q5,https://www.aikstats.se/player.php?id=1433
1323,Runo Olsson,"Swedish association football player, played for AIK, , active 1916-1918",Q5,https://www.aikstats.se/player.php?id=1323
421,"Evert ""Bäckis"" Jansson","Swedish association football player, played for AIK, Vänsterinner, active 1957-1958",Q5,https://www.aikstats.se/player.php?id=421
369,Fred Eriksson,"Swedish association football player, played for AIK, Center, active 1947-1949",Q5,https://www.aikstats.se/player.php?id=369
220,Gunnar Eriksson,"Swedish association football player, played for AIK, Vänsterhalv, active 1915-1925",Q5,https://www.aikstats.se/player.php?id=220
496,"Lars-Göran ""Lasse"" Jansson","Swedish association football player, played for AIK, Mittfältare, active 1969-1970",Q5,https://www.aikstats.se/player.php?id=496
1455,Collins Sichenje,"Swedish association football player, played for AIK, Back, active 2022- ?",Q5,https://www.aikstats.se/player.php?id=1455
1471,Jimmy Durmaz,"Swedish association football player, played for AIK, Mittfältare, active 2023- ?",Q5,https://www.aikstats.se/player.php?id=1471
232,"Sven ""Nenne, Motala"" Eriksson","Swedish association football player, played for AIK, Vänsterytter, active 1925-1928",Q5,https://www.aikstats.se/player.php?id=232
1551,"Ragnar ""Mål-Ragge"" Eriksson","Swedish association football player, played for AIK, Målvakt, active ? - ?",Q5,https://www.aikstats.se/player.php?id=1551
566,Karl Berg,"Swedish association football player, played for AIK, Back, active 1979-1980",Q5,https://www.aikstats.se/player.php?id=566
196,"Marcelo Goncalves ""Piracaia"" de Oliveira","Swedish association football player, played for AIK, Mittfältare, active 1997-1998",Q5,https://www.aikstats.se/player.php?id=196
472,Åke Olsson,"Swedish association football player, played for AIK, Innerback, active 1967-1968",Q5,https://www.aikstats.se/player.php?id=472
1311,Rasmus Bonde,"Swedish association football player, played for AIK, Vänsterback, active 2014-2021",Q5,https://www.aikstats.se/player.php?id=1311
462,"Christer ""Chrille"" Johansson","Swedish association football player, played for AIK, Yttermittfältare, active 1958-1968",Q5,https://www.aikstats.se/player.php?id=462
980,"Erik ""Berka"" Bergqvist","Swedish association football player, played for AIK, Målvakt, active 1915- ?",Q5,https://www.aikstats.se/player.php?id=980
1079,Edward Owusu,"Swedish association football player, played for AIK, Mittback, active 2012-2016",Q5,https://www.aikstats.se/player.php?id=1079
1426,Ahmad Faqa,"Swedish association football player, played for AIK, Back, active 2017-2022",Q5,https://www.aikstats.se/player.php?id=1426
392,"Roland ""Rolle"" Eriksson","Swedish association football player, played for AIK, Vänsterinner, active 1952-1955",Q5,https://www.aikstats.se/player.php?id=392
545,Stefan Lundin,"Swedish association football player, played for AIK, Högerytter, active 1976-1976",Q5,https://www.aikstats.se/player.php?id=545
488,"Per-Erik ""Blomstermåla, Perre"" Nyberg","Swedish association football player, played for AIK, Forward, active 1957-1969",Q5,https://www.aikstats.se/player.php?id=488
1230,Carlos Strandberg,"Swedish association football player, played for AIK, Forward, active 2016-2016",Q5,https://www.aikstats.se/player.php?id=1230
481,Sven Billman,"Swedish association football player, played for AIK, Vänsterforward, active 1967-1968",Q5,https://www.aikstats.se/player.php?id=481
66,Anders Almgren,"Swedish association football player, played for AIK, Målvakt, active 1996-2008",Q5,https://www.aikstats.se/player.php?id=66
215,"Oskar ""Osse"" Palm","Swedish association football player, played for AIK, Vänsterinner, active 1924-1926",Q5,https://www.aikstats.se/player.php?id=215
428,Gunnar Johansson,"Swedish association football player, played for AIK, Högerytter, active 1959-1960",Q5,https://www.aikstats.se/player.php?id=428
1203,Rickson Mansiamina,"Swedish association football player, played for AIK, Mittfältare, active 2011-2018",Q5,https://www.aikstats.se/player.php?id=1203
67,Alexander Gerndt,"Swedish association football player, played for AIK, Forward, active 2007-2007",Q5,https://www.aikstats.se/player.php?id=67
450,Thore Persson,"Swedish association football player, played for AIK, Vänsterytter, active 1962-1963",Q5,https://www.aikstats.se/player.php?id=450
1462,Abdussalam Magashy,"Swedish association football player, played for AIK, Mittfältare, active 2023- ?",Q5,https://www.aikstats.se/player.php?id=1462
378,"Rune ""Punne"" Carlsson","Swedish association football player, played for AIK, Högerytter, active 1949-1953",Q5,https://www.aikstats.se/player.php?id=378
237,Hugo Ödvall,"Swedish association football player, played for AIK, Målvakt, active ? - ?",Q5,https://www.aikstats.se/player.php?id=237
429,"Bengt ""Snövit"" Pettersson","Swedish association football player, played for AIK, Högerhalv, active 1959-1959",Q5,https://www.aikstats.se/player.php?id=429
855,Roberth Johansson,"Swedish association football player, played for AIK, Forward, active 1995-1995",Q5,https://www.aikstats.se/player.php?id=855
439,Torbjörn Jonsson,"Swedish association football player, played for AIK, Centerhalv, active 1959-1961",Q5,https://www.aikstats.se/player.php?id=439
599,"Robert ""Verro"" Veronese","Swedish association football player, played for AIK, Höger mittfältare, active 1975-1989",Q5,https://www.aikstats.se/player.php?id=599
397,"Bertil ""Berra"" Johansson","Swedish association football player, played for AIK, Högerinner, active 1952-1954",Q5,https://www.aikstats.se/player.php?id=397
243,Nils Thysell,"Swedish association football player, played for AIK, Målvakt, active 1927-1929",Q5,https://www.aikstats.se/player.php?id=243
676,Nils Boström,"Swedish association football player, played for AIK, , active ? - ?",Q5,https://www.aikstats.se/player.php?id=676
32,Joen Averstad,"Swedish association football player, played for AIK, Forward, active 2005-2006",Q5,https://www.aikstats.se/player.php?id=32
458,Björn Eriksson,"Swedish association football player, played for AIK, Forward, active 1966-1966",Q5,https://www.aikstats.se/player.php?id=458
1123,Torsten Rosenberg,"Swedish association football player, played for AIK, , active ? - ?",Q5,https://www.aikstats.se/player.php?id=1123
25,Nenad Lukić,"Swedish association football player, played for AIK, Forward, active 2006-2006",Q5,https://www.aikstats.se/player.php?id=25
320,John Anderberg,"Swedish association football player, played for AIK, Center, active 1941-1942",Q5,https://www.aikstats.se/player.php?id=320
609,Leif Olsson,"Swedish association football player, played for AIK, Mittfältare, active 1990-1991",Q5,https://www.aikstats.se/player.php?id=609
380,"Lennart ""Nacka"" Skoglund","Swedish association football player, played for AIK, Vänsterinner, active 1950-1950",Q5,https://www.aikstats.se/player.php?id=380
307,"Gunnar ""Skrattis"" Jansson","Swedish association football player, played for AIK, Vänsterinner, active 1938-1942",Q5,https://www.aikstats.se/player.php?id=307
1477,Viktor Fischer,"Swedish association football player, played for AIK, Vänsterytter, active 2023- ?",Q5,https://www.aikstats.se/player.php?id=1477
662,Dime Jankulovski,"Swedish association football player, played for AIK, Målvakt, active 2001-2002",Q5,https://www.aikstats.se/player.php?id=662
672,Atik Ismail,"Swedish association football player, played for AIK, Forward, active 1980-1980",Q5,https://www.aikstats.se/player.php?id=672
382,Gunnar Öqvist,"Swedish association football player, played for AIK, Vänsterinner, active 1950-1954",Q5,https://www.aikstats.se/player.php?id=382
562,Lars Ahlm,"Swedish association football player, played for AIK, Mittfältare, active 1979-1979",Q5,https://www.aikstats.se/player.php?id=562
400,"Arne ""Bimbo"" Lind","Swedish association football player, played for AIK, Vänsterhalv, active 1951-1954",Q5,https://www.aikstats.se/player.php?id=400
1431,Victor Andersson,"Swedish association football player, played for AIK, Mittfältare, active 2021-2022",Q5,https://www.aikstats.se/player.php?id=1431
583,Jörgen Granath,"Swedish association football player, played for AIK, Målvakt, active 1983-1985",Q5,https://www.aikstats.se/player.php?id=583
1125,Sigge Svensson,"Swedish association football player, played for AIK, , active ? - ?",Q5,https://www.aikstats.se/player.php?id=1125
257,"Curt ""Dinty"" Haglund","Swedish association football player, played for AIK, Vänsterytter, active ? - ?",Q5,https://www.aikstats.se/player.php?id=257
580,Göran Hagberg,"Swedish association football player, played for AIK, Målvakt, active 1982-1982",Q5,https://www.aikstats.se/player.php?id=580
1535,Filip Möller,"Swedish association football player, played for AIK, , active ? - ?",Q5,https://www.aikstats.se/player.php?id=1535
305,"Kurt ""Kurre Kjellis"" Kjellström","Swedish association football player, played for AIK, Center, active 1939-1940",Q5,https://www.aikstats.se/player.php?id=305
419,"Åke ""Myggan"" Karlsson","Swedish association football player, played for AIK, Vänsterytter, active 1953-1959",Q5,https://www.aikstats.se/player.php?id=419
383,Eric Grübb,"Swedish association football player, played for AIK, Center, active 1950-1952",Q5,https://www.aikstats.se/player.php?id=383
407,Björne Lundström,"Swedish association football player, played for AIK, Vänsterinner, active 1951-1958",Q5,https://www.aikstats.se/player.php?id=407
1456,Jordan Larsson,"Swedish association football player, played for AIK, Forward, active 2022-2022",Q5,https://www.aikstats.se/player.php?id=1456
68,Per Verner Vågan Rønning,"Swedish association football player, played for AIK, Back, active 2006-2008",Q5,https://www.aikstats.se/player.php?id=68
624,"Patrik ""Larry"" Hagman","Swedish association football player, played for AIK, Yttermittfältare, active 1994-1994",Q5,https://www.aikstats.se/player.php?id=624
434,Ingemar Johansson,"Swedish association football player, played for AIK, Center, active 1953-1967",Q5,https://www.aikstats.se/player.php?id=434
605,Ulf Tjernström,"Swedish association football player, played for AIK, Forward, active 1989-1989",Q5,https://www.aikstats.se/player.php?id=605
376,"Åke ""Sampis"" Sandberg","Swedish association football player, played for AIK, Målvakt, active 1949-1951",Q5,https://www.aikstats.se/player.php?id=376
819,David Fällman,"Swedish association football player, played for AIK, Back, active 2012-2012",Q5,https://www.aikstats.se/player.php?id=819
615,Hans Eskilsson,"Swedish association football player, played for AIK, Forward, active 1991-1991",Q5,https://www.aikstats.se/player.php?id=615
329,"Axel ""Knall-Acke"" Johansson","Swedish association football player, played for AIK, Center, active 1942-1943",Q5,https://www.aikstats.se/player.php?id=329
89,"Nikola ""Nik"" Mrdja","Swedish association football player, played for AIK, Forward, active 2004-2004",Q5,https://www.aikstats.se/player.php?id=89
574,"Anders ""Wicke"" Wikström","Swedish association football player, played for AIK, Målvakt, active 1982-1982",Q5,https://www.aikstats.se/player.php?id=574
88,"John ""Johny"" Murray","Swedish association football player, played for AIK, Målvakt, active 1986-1988",Q5,https://www.aikstats.se/player.php?id=88
504,"Rolf ""Rolf"" Hölzer","Swedish association football player, played for AIK, Mittfältare, active 1970-1971",Q5,https://www.aikstats.se/player.php?id=504
756,Oskar Berndtsson,"Swedish association football player, played for AIK, Back, active 1919-1921",Q5,https://www.aikstats.se/player.php?id=756
1299,Gunnar Malmsten,"Swedish association football player, played for AIK, , active ? - ?",Q5,https://www.aikstats.se/player.php?id=1299
414,Bengt Jansson,"Swedish association football player, played for AIK, Högerytter, active 1955-1957",Q5,https://www.aikstats.se/player.php?id=414
677,Okänd spelare,"Swedish association football player, played for AIK, , active ? - ?",Q5,https://www.aikstats.se/player.php?id=677
1313,Abdihakin Ali,"Swedish association football player, played for AIK, Mittfältare, active 2012-2022",Q5,https://www.aikstats.se/player.php?id=1313
352,"Sven ""Svenne"" Mattsson","Swedish association football player, played for AIK, Högerinner, active 1944-1945",Q5,https://www.aikstats.se/player.php?id=352
1423,Lucas Forsberg,"Swedish association football player, played for AIK, Högerback, active 2021-2023",Q5,https://www.aikstats.se/player.php?id=1423
295,"Sten ""Stesse"" Cederlund","Swedish association football player, played for AIK, Vänsterytter, active 1937-1939",Q5,https://www.aikstats.se/player.php?id=295
1470,Elias Durmaz,"Swedish association football player, played for AIK, Mittfältare, active 2023- ?",Q5,https://www.aikstats.se/player.php?id=1470
663,Andreas Ingel,"Swedish association football player, played for AIK, Mittfältare, active 1999-2002",Q5,https://www.aikstats.se/player.php?id=663
1500,Anselm Samuelsson,"Swedish association football player, played for AIK, , active ? - ?",Q5,https://www.aikstats.se/player.php?id=1500
601,Anders Forsberg,"Swedish association football player, played for AIK, Målvakt, active 1988-1989",Q5,https://www.aikstats.se/player.php?id=601
1304,Jasir Asani,"Swedish association football player, played for AIK, Högerytter, active 2020-2020",Q5,https://www.aikstats.se/player.php?id=1304
1221,Robert Taylor,"Swedish association football player, played for AIK, , active 2017-2018",Q5,https://www.aikstats.se/player.php?id=1221
239,"Gösta ""Busas"" Johansson","Swedish association football player, played for AIK, Vänsterytter, active 1926-1927",Q5,https://www.aikstats.se/player.php?id=239
262,Tage Wissnell,"Swedish association football player, played for AIK, Högerback, active 1930-1933",Q5,https://www.aikstats.se/player.php?id=262
417,Lars Hedén,"Swedish association football player, played for AIK, Vänsterinner, active 1955-1957",Q5,https://www.aikstats.se/player.php?id=417
1266,Jack Lahne,"Swedish association football player, played for AIK, Forward, active 2019-2019",Q5,https://www.aikstats.se/player.php?id=1266
301,Elon Carlsson,"Swedish association football player, played for AIK, Center, active 1939-1940",Q5,https://www.aikstats.se/player.php?id=301
70,Niklas Westberg-Andersson,"Swedish association football player, played for AIK, Målvakt, active 1997-2008",Q5,https://www.aikstats.se/player.php?id=70
1473,Aboubakar Keita,"Swedish association football player, played for AIK, Mittfältare, active 2023- ?",Q5,https://www.aikstats.se/player.php?id=1473
628,Jarmo Saastamoinen,"Swedish association football player, played for AIK, Mittback, active 1995-1995",Q5,https://www.aikstats.se/player.php?id=628
593,Jari Niinimäki,"Swedish association football player, played for AIK, Forward, active 1986-1986",Q5,https://www.aikstats.se/player.php?id=593
1430,David Bengtsson,"Swedish association football player, played for AIK, , active ? -2023",Q5,https://www.aikstats.se/player.php?id=1430
590,"Mikael ""Sama"" Samuelsson","Swedish association football player, played for AIK, Mittfältare, active 1986-1988",Q5,https://www.aikstats.se/player.php?id=590
1306,Valter Runeborg,"Swedish association football player, played for AIK, , active ? - ?",Q5,https://www.aikstats.se/player.php?id=1306
1499,"Rudolf ""Rulle"" Hansson","Swedish association football player, played for AIK, , active ? - ?",Q5,https://www.aikstats.se/player.php?id=1499
296,"Åke ""Sparven"" Ericson","Swedish association football player, played for AIK, Högerytter, active ? - ?",Q5,https://www.aikstats.se/player.php?id=296
911,Sebastián Eguren,"Swedish association football player, played for AIK, Mittfältare, active 2010-2010",Q5,https://www.aikstats.se/player.php?id=911
350,"George ""Kinna"" Kraemer","Swedish association football player, played for AIK, Högerinner, active 1942-1951",Q5,https://www.aikstats.se/player.php?id=350
613,"Fredrik ""Gisan"" Giesecke","Swedish association football player, played for AIK, Högerback, active 1991-1991",Q5,https://www.aikstats.se/player.php?id=613
78,Mani Tourang,"Swedish association football player, played for AIK, Forward, active 2001-2004",Q5,https://www.aikstats.se/player.php?id=78
275,"Helge ""Hesa Fredrik"" Fredriksson","Swedish association football player, played for AIK, Vänsterytter, active 1933- ?",Q5,https://www.aikstats.se/player.php?id=275
1236,Daniel Mushitu,"Swedish association football player, played for AIK, Forward, active 2016-2020",Q5,https://www.aikstats.se/player.php?id=1236
322,Erik Nordgren,"Swedish association football player, played for AIK, Högerytter, active 1941-1942",Q5,https://www.aikstats.se/player.php?id=322
45,Fredrik Ingel,"Swedish association football player, played for AIK, Forward, active 1999-2006",Q5,https://www.aikstats.se/player.php?id=45
328,"Nils ""Nicke"" Bergström","Swedish association football player, played for AIK, Högerinner, active 1942-1942",Q5,https://www.aikstats.se/player.php?id=328
992,Sal Jobarteh,"Swedish association football player, played for AIK, , active 2012-2014",Q5,https://www.aikstats.se/player.php?id=992
774,Peter Motas,"Swedish association football player, played for AIK, Back, active ? -2003",Q5,https://www.aikstats.se/player.php?id=774
1441,Vincent Sundberg,"Swedish association football player, played for AIK, Back, active 2021-2022",Q5,https://www.aikstats.se/player.php?id=1441
1544,Raimond Rossi,"Swedish association football player, played for AIK, , active ? - ?",Q5,https://www.aikstats.se/player.php?id=1544
553,Rolf Larsson,"Swedish association football player, played for AIK, Mittfältare, active 1975-1978",Q5,https://www.aikstats.se/player.php?id=553
747,Pablo Monsalvo,"Swedish association football player, played for AIK, Mittfältare, active 2007-2008",Q5,https://www.aikstats.se/player.php?id=747
20,Robert Johansson,"Swedish association football player, played for AIK, Vänsterback, active 2006-2006",Q5,https://www.aikstats.se/player.php?id=20
317,"Per ""Pelle"" Larner","Swedish association football player, played for AIK, Center, active ? - ?",Q5,https://www.aikstats.se/player.php?id=317
626,"Stephan ""Storken"" Johansson","Swedish association football player, played for AIK, Forward, active 1991-1996",Q5,https://www.aikstats.se/player.php?id=626
467,Sven-Ove Norén,"Swedish association football player, played for AIK, , active ? - ?",Q5,https://www.aikstats.se/player.php?id=467
730,"Herman ""Java"" Juhlin","Swedish association football player, played for AIK, , active ? - ?",Q5,https://www.aikstats.se/player.php?id=730
473,Tommy Johansson,"Swedish association football player, played for AIK, Forward, active 1967-1967",Q5,https://www.aikstats.se/player.php?id=473
381,"Bernhard ""Bernt"" Brick","Swedish association football player, played for AIK, Högerytter, active 1950-1952",Q5,https://www.aikstats.se/player.php?id=381
251,"Torsten ""Ala"" Arnberg","Swedish association football player, played for AIK, Högerback, active 1928-1928",Q5,https://www.aikstats.se/player.php?id=251
620,"Karl ""Kalle"" Ståhl","Swedish association football player, played for AIK, Mittback, active 1990-1994",Q5,https://www.aikstats.se/player.php?id=620
1222,Albin Linnér,"Swedish association football player, played for AIK, Forward, active 2017-2019",Q5,https://www.aikstats.se/player.php?id=1222
231,"Wilhelm ""Ville"" van der Haagen","Swedish association football player, played for AIK, Målvakt, active 1925-1926",Q5,https://www.aikstats.se/player.php?id=231
1321,"Evert ""Pralen"" Svedberg","Swedish association football player, played for AIK, , active ? - ?",Q5,https://www.aikstats.se/player.php?id=1321
699,Knut Norgren,"Swedish association football player, played for AIK, , active ? - ?",Q5,https://www.aikstats.se/player.php?id=699
250,"Gunnar ""Keruben"" Galin","Swedish association football player, played for AIK, Vänsterinner, active 1917-1929",Q5,https://www.aikstats.se/player.php?id=250
37,Magnus Eriksson,"Swedish association football player, played for AIK, Forward, active 2006-2008",Q5,https://www.aikstats.se/player.php?id=37
54,Márcio Costa Saraiva,"Swedish association football player, played for AIK, Back, active 2006-2006",Q5,https://www.aikstats.se/player.php?id=54
627,"Matts ""Marren"" Andersson","Swedish association football player, played for AIK, Målvakt, active 1993-1997",Q5,https://www.aikstats.se/player.php?id=627
337,"Tage ""Sparlågan"" Lindberg","Swedish association football player, played for AIK, Högerytter, active 1941-1950",Q5,https://www.aikstats.se/player.php?id=337
642,"Claes ""Labbe"" Green","Swedish association football player, played for AIK, Målvakt, active 1997-1997",Q5,https://www.aikstats.se/player.php?id=642
477,Yngve Eriksson,"Swedish association football player, played for AIK, Innerback, active 1960-1968",Q5,https://www.aikstats.se/player.php?id=477
698,Oscar Norgren,"Swedish association football player, played for AIK, , active ? - ?",Q5,https://www.aikstats.se/player.php?id=698
1429,Adam Kiani,"Swedish association football player, played for AIK, Mittfältare, active 2020- ?",Q5,https://www.aikstats.se/player.php?id=1429
1325,Oscar Bergqvist,"Swedish association football player, played for AIK, , active 1915- ?",Q5,https://www.aikstats.se/player.php?id=1325
387,"Elof ""Loffe"" Melin","Swedish association football player, played for AIK, Ytterhalv, active ? - ?",Q5,https://www.aikstats.se/player.php?id=387
691,Karl G Andersson,"Swedish association football player, played for AIK, , active ? - ?",Q5,https://www.aikstats.se/player.php?id=691
246,"Oscar ""Ocke"" Thysell","Swedish association football player, played for AIK, Vänsterback, active 1927-1929",Q5,https://www.aikstats.se/player.php?id=246
41,Patrik Grönvall,"Swedish association football player, played for AIK, Back, active 2002-2005",Q5,https://www.aikstats.se/player.php?id=41
1302,Valdemar Jacobsson,"Swedish association football player, played for AIK, , active ? - ?",Q5,https://www.aikstats.se/player.php?id=1302
349,"Börje ""Kanonen"" Persson","Swedish association football player, played for AIK, Högerytter, active 1944-1944",Q5,https://www.aikstats.se/player.php?id=349
365,"Åke ""Sillen"" Svedberg","Swedish association football player, played for AIK, Vänsterytter, active 1946-1952",Q5,https://www.aikstats.se/player.php?id=365
697,Gustaf Juhlin,"Swedish association football player, played for AIK, , active ? - ?",Q5,https://www.aikstats.se/player.php?id=697
394,"Karl-Erik ""Kläcken"" Ericsson","Swedish association football player, played for AIK, Högerback, active 1945-1972",Q5,https://www.aikstats.se/player.php?id=394
43,Jonas Forsberg,"Swedish association football player, played for AIK, Forward, active 2004-2006",Q5,https://www.aikstats.se/player.php?id=43
1183,Gabriel Ferreyra,"Swedish association football player, played for AIK, Mittfältare, active 2014-2015",Q5,https://www.aikstats.se/player.php?id=1183
513,"Jan ""Blomman, Janne"" Åkerblom","Swedish association football player, played for AIK, Vänsterytter, active 1971-1972",Q5,https://www.aikstats.se/player.php?id=513
1317,Samuel Dahl,"Swedish association football player, played for AIK, Back, active 2020-2022",Q5,https://www.aikstats.se/player.php?id=1317
340,"Ture ""Turken"" Olander","Swedish association football player, played for AIK, Målvakt, active 1936-1950",Q5,https://www.aikstats.se/player.php?id=340
508,Jan Nilsson,"Swedish association football player, played for AIK, Mittfältare, active ? - ?",Q5,https://www.aikstats.se/player.php?id=508
1406,John Chibuike,"Swedish association football player, played for AIK, Forward, active 2016-2017",Q5,https://www.aikstats.se/player.php?id=1406
1246,Sulejman Krpić,"Swedish association football player, played for AIK, Forward, active 2017-2017",Q5,https://www.aikstats.se/player.php?id=1246
636,Martin Hyský,"Swedish association football player, played for AIK, Vänsterback, active 1996-1996",Q5,https://www.aikstats.se/player.php?id=636
653,Marcus Bengtsson,"Swedish association football player, played for AIK, Mittfältare, active 1999-2000",Q5,https://www.aikstats.se/player.php?id=653
1355,Gabriel Aphrem,"Swedish association football player, played for AIK, Mittfältare, active 2018- ?",Q5,https://www.aikstats.se/player.php?id=1355
692,David Jahrl,"Swedish association football player, played for AIK, Vänsterback, active 1898-1901",Q5,https://www.aikstats.se/player.php?id=692
252,"Bertil ""Jeppe"" Andersson","Swedish association football player, played for AIK, Högerytter, active 1928-1928",Q5,https://www.aikstats.se/player.php?id=252
1556,Fr Ledin,"Swedish association football player, played for AIK, , active ? - ?",Q5,https://www.aikstats.se/player.php?id=1556
208,Tore Nilsson,"Swedish association football player, played for AIK, Vänsterback, active ? - ?",Q5,https://www.aikstats.se/player.php?id=208
689,Gunnar Franzén,"Swedish association football player, played for AIK, Center, active 1897-1901",Q5,https://www.aikstats.se/player.php?id=689
1400,Joshua Sivertsen,"Swedish association football player, played for AIK, , active ? - ?",Q5,https://www.aikstats.se/player.php?id=1400
371,"Hans ""Hasse"" Möller","Swedish association football player, played for AIK, Högerhalv, active 1946-1953",Q5,https://www.aikstats.se/player.php?id=371
492,Håkan Hansson,"Swedish association football player, played for AIK, Mittfältare, active 1967-1969",Q5,https://www.aikstats.se/player.php?id=492
249,"Hugo ""Sitting"" Söderström","Swedish association football player, played for AIK, Centerhalv, active 1928-1929",Q5,https://www.aikstats.se/player.php?id=249
586,Anders Bylin,"Swedish association football player, played for AIK, Mittfältare, active 1983-1985",Q5,https://www.aikstats.se/player.php?id=586
44,Kjell Jönsson,"Swedish association football player, played for AIK, Målvakt, active 2003-2006",Q5,https://www.aikstats.se/player.php?id=44
1220,Adam Ben Lamin,"Swedish association football player, played for AIK, Back, active 2011-2021",Q5,https://www.aikstats.se/player.php?id=1220
229,Eric Ramström,"Swedish association football player, played for AIK, Vänsterinner, active 1925-1925",Q5,https://www.aikstats.se/player.php?id=229
1440,Hadi Noori,"Swedish association football player, played for AIK, Mittfältare, active 2019- ?",Q5,https://www.aikstats.se/player.php?id=1440
311,Gunnar Larsson,"Swedish association football player, played for AIK, Center, active 1940-1942",Q5,https://www.aikstats.se/player.php?id=311
75,"Kweku ""Stone"" Turkson","Swedish association football player, played for AIK, Innermittfältare, active 2003-2003",Q5,https://www.aikstats.se/player.php?id=75
433,Börje Fridlund,"Swedish association football player, played for AIK, Målvakt, active 1954-1965",Q5,https://www.aikstats.se/player.php?id=433
1351,Stipe Vrdoljak,"Swedish association football player, played for AIK, Vänsterback, active 2017-2017",Q5,https://www.aikstats.se/player.php?id=1351
354,Gerhard Hill,"Swedish association football player, played for AIK, Vänsterytter, active ? -1949",Q5,https://www.aikstats.se/player.php?id=354
775,Mikael Wentzel,"Swedish association football player, played for AIK, Back, active ? - ?",Q5,https://www.aikstats.se/player.php?id=775
948,Sebastian Björk-Wänstrand,"Swedish association football player, played for AIK, , active ? - ?",Q5,https://www.aikstats.se/player.php?id=948
673,Lars Isaksson,"Swedish association football player, played for AIK, , active ? - ?",Q5,https://www.aikstats.se/player.php?id=673
277,"Sture ""Stöttan"" Gillström","Swedish association football player, played for AIK, Center, active 1933-1934",Q5,https://www.aikstats.se/player.php?id=277
1513,David Hulterström,"Swedish association football player, played for AIK, Målvakt, active 1914- ?",Q5,https://www.aikstats.se/player.php?id=1513
348,"Åke ""Åke Andersson II"" Andersson","Swedish association football player, played for AIK, Högerinner, active 1944-1946",Q5,https://www.aikstats.se/player.php?id=348
554,Stellan Nilsson,"Swedish association football player, played for AIK, Innerback, active 1977-1978",Q5,https://www.aikstats.se/player.php?id=554
1204,Frederic Kayembe,"Swedish association football player, played for AIK, Mittfältare, active 2013-2016",Q5,https://www.aikstats.se/player.php?id=1204
1387,Filip Bergman,"Swedish association football player, played for AIK, Mittback, active ? - ?",Q5,https://www.aikstats.se/player.php?id=1387
366,Olle Nyström,"Swedish association football player, played for AIK, , active 1947-1948",Q5,https://www.aikstats.se/player.php?id=366
512,Kjell Friman,"Swedish association football player, played for AIK, Mittfältare, active 1963-1971",Q5,https://www.aikstats.se/player.php?id=512
1249,Magnar Ødegaard,"Swedish association football player, played for AIK, Mittback, active 2019-2019",Q5,https://www.aikstats.se/player.php?id=1249
540,"Peter ""Saven"" Saverstam","Swedish association football player, played for AIK, Forward, active 1969-1975",Q5,https://www.aikstats.se/player.php?id=540
860,Karl-Erik Ahlström,"Swedish association football player, played for AIK, , active ? - ?",Q5,https://www.aikstats.se/player.php?id=860
1546,Åke Zachrisson,"Swedish association football player, played for AIK, , active ? - ?",Q5,https://www.aikstats.se/player.php?id=1546
323,"Sigvard ""Sigge, Sillen"" Sandin","Swedish association football player, played for AIK, Högerback, active ? -1943",Q5,https://www.aikstats.se/player.php?id=323
425,Bengt Ragnarsson,"Swedish association football player, played for AIK, Vänsterinner, active 1958-1958",Q5,https://www.aikstats.se/player.php?id=425
1069,William Sheriff,"Swedish association football player, played for AIK, , active 2012-2016",Q5,https://www.aikstats.se/player.php?id=1069
46,Jimmy Magnusson,"Swedish association football player, played for AIK, Forward, active 1999- ?",Q5,https://www.aikstats.se/player.php?id=46
1170,Willis Karlsson,"Swedish association football player, played for AIK, , active ? - ?",Q5,https://www.aikstats.se/player.php?id=1170
253,"Carl-Filip ""Fille"" Borgh","Swedish association football player, played for AIK, Center, active 1928-1929",Q5,https://www.aikstats.se/player.php?id=253
904,Jacob Ericsson,"Swedish association football player, played for AIK, Mittfältare, active 2011-2013",Q5,https://www.aikstats.se/player.php?id=904
316,"Carl-Hugo ""Calle"" Högberg","Swedish association football player, played for AIK, Center, active 1939-1942",Q5,https://www.aikstats.se/player.php?id=316
1475,Ayo Rupia-Ellis,"Swedish association football player, played for AIK, Back, active ? - ?",Q5,https://www.aikstats.se/player.php?id=1475
359,"Klas ""Klasse"" Lindström","Swedish association football player, played for AIK, Vänsterhalv, active 1933-1948",Q5,https://www.aikstats.se/player.php?id=359
973,Nils Blomkvist,"Swedish association football player, played for AIK, Målvakt, active ? - ?",Q5,https://www.aikstats.se/player.php?id=973
681,Lars Persson,"Swedish association football player, played for AIK, , active ? - ?",Q5,https://www.aikstats.se/player.php?id=681
1116,Otto Höijer,"Swedish association football player, played for AIK, , active 1905-1908",Q5,https://www.aikstats.se/player.php?id=1116
1197,Göte Almqvist,"Swedish association football player, played for AIK, , active ? - ?",Q5,https://www.aikstats.se/player.php?id=1197
234,Herman Carlson,"Swedish association football player, played for AIK, Högerinner, active ? - ?",Q5,https://www.aikstats.se/player.php?id=234
1232,Julian Larsson,"Swedish association football player, played for AIK, Forward, active 2005-2020",Q5,https://www.aikstats.se/player.php?id=1232
1033,William Jan,"Swedish association football player, played for AIK, , active 2003-2017",Q5,https://www.aikstats.se/player.php?id=1033
273,"Bertil ""Danskdödaren"" Ericsson","Swedish association football player, played for AIK, Center, active 1932-1932",Q5,https://www.aikstats.se/player.php?id=273
282,"Gustav ""Buckla"" Nordquist","Swedish association football player, played for AIK, Center, active ? - ?",Q5,https://www.aikstats.se/player.php?id=282
619,David Nildén,"Swedish association football player, played for AIK, Mittfältare, active 1985-1993",Q5,https://www.aikstats.se/player.php?id=619
385,Roland Lönn,"Swedish association football player, played for AIK, Vänsterytter, active 1950-1951",Q5,https://www.aikstats.se/player.php?id=385
560,Claes-Göran Forsberg,"Swedish association football player, played for AIK, Forward, active 1978-1979",Q5,https://www.aikstats.se/player.php?id=560
1424,Richie Omorowa,"Swedish association football player, played for AIK, Forward, active ? -2021",Q5,https://www.aikstats.se/player.php?id=1424
989,Goran Slavkovski,"Swedish association football player, played for AIK, Forward, active ? - ?",Q5,https://www.aikstats.se/player.php?id=989
1553,Kjellberg,"Swedish association football player, played for AIK, , active ? - ?",Q5,https://www.aikstats.se/player.php?id=1553
1133,Gunnar Malmqvist,"Swedish association football player, played for AIK, , active ? - ?",Q5,https://www.aikstats.se/player.php?id=1133
1019,Sandro José Ferreira da Silva,"Swedish association football player, played for AIK, Yttermittfältare, active ? - ?",Q5,https://www.aikstats.se/player.php?id=1019
1501,Ernfrid Christoffersson,"Swedish association football player, played for AIK, , active ? - ?",Q5,https://www.aikstats.se/player.php?id=1501
578,Robert Andersson,"Swedish association football player, played for AIK, Forward, active 1982-1983",Q5,https://www.aikstats.se/player.php?id=578
306,"Stig ""Murren"" Johansson","Swedish association football player, played for AIK, Vänsterback, active 1939-1943",Q5,https://www.aikstats.se/player.php?id=306
1110,"Johan ""Jonne, Kolan"" Kohlström","Swedish association football player, played for AIK, Målvakt, active ? - ?",Q5,https://www.aikstats.se/player.php?id=1110
1237,Melker Antonsson,"Swedish association football player, played for AIK, Mittfältare, active ? -2019",Q5,https://www.aikstats.se/player.php?id=1237
740,Karl Olofsson,"Swedish association football player, played for AIK, , active ? - ?",Q5,https://www.aikstats.se/player.php?id=740
1482,Nils Johansson,"Swedish association football player, played for AIK, Målvakt, active ? - ?",Q5,https://www.aikstats.se/player.php?id=1482
1135,E G Granfeldt,"Swedish association football player, played for AIK, , active ? - ?",Q5,https://www.aikstats.se/player.php?id=1135
1359,Alexander Snäcke,"Swedish association football player, played for AIK, Mittback, active ? -2018",Q5,https://www.aikstats.se/player.php?id=1359
235,Sten Mellgren,"Swedish association football player, played for AIK, Högerback, active 1924-1926",Q5,https://www.aikstats.se/player.php?id=235
308,Sten Heldt,"Swedish association football player, played for AIK, Center, active 1940-1940",Q5,https://www.aikstats.se/player.php?id=308
370,Henry Edholt,"Swedish association football player, played for AIK, Högerinner, active 1948-1951",Q5,https://www.aikstats.se/player.php?id=370
505,Lars Borgqvist,"Swedish association football player, played for AIK, Forward, active 1958-1970",Q5,https://www.aikstats.se/player.php?id=505
402,Leo Samuelsson,"Swedish association football player, played for AIK, Centerhalv, active 1953-1960",Q5,https://www.aikstats.se/player.php?id=402
767,Alieu Jagne,"Swedish association football player, played for AIK, Mittfältare, active ? - ?",Q5,https://www.aikstats.se/player.php?id=767
1028,Adam Stevens,"Swedish association football player, played for AIK, , active ? - ?",Q5,https://www.aikstats.se/player.php?id=1028
40,Jonas Gustavsson,"Swedish association football player, played for AIK, Forward, active 2006-2006",Q5,https://www.aikstats.se/player.php?id=40
1309,Maxime Sainte,"Swedish association football player, played for AIK, , active ? - ?",Q5,https://www.aikstats.se/player.php?id=1309
83,Mattias Nylund,"Swedish association football player, played for AIK, Vänsterback, active 2003-2003",Q5,https://www.aikstats.se/player.php?id=83
448,"Rolf ""Linus"" Lindgren","Swedish association football player, played for AIK, Vänsterytter, active 1963-1963",Q5,https://www.aikstats.se/player.php?id=448
1134,Evald Svensson,"Swedish association football player, played for AIK, , active ? - ?",Q5,https://www.aikstats.se/player.php?id=1134
687,Joakim Moström,"Swedish association football player, played for AIK, , active ? - ?",Q5,https://www.aikstats.se/player.php?id=687
291,"Olof ""Bällsta"" Johansson","Swedish association football player, played for AIK, Center, active 1931-1933",Q5,https://www.aikstats.se/player.php?id=291
361,"Ragnar ""Ragge"" Blom","Swedish association football player, played for AIK, Högerback, active 1946-1947",Q5,https://www.aikstats.se/player.php?id=361
487,"Stig ""Stickan"" Nilsson","Swedish association football player, played for AIK, , active 1968-1968",Q5,https://www.aikstats.se/player.php?id=487
683,Ola Törnberg,"Swedish association football player, played for AIK, , active ? - ?",Q5,https://www.aikstats.se/player.php?id=683
1229,Samuel Brolin,"Swedish association football player, played for AIK, Målvakt, active 2015-2018",Q5,https://www.aikstats.se/player.php?id=1229
1038,Daniel Ålund,"Swedish association football player, played for AIK, Mittfältare, active ? - ?",Q5,https://www.aikstats.se/player.php?id=1038
279,"Emil ""Mille"" Haag","Swedish association football player, played for AIK, Center, active 1932-1939",Q5,https://www.aikstats.se/player.php?id=279
342,"Evald ""Willis"" Wistrand","Swedish association football player, played for AIK, Högerytter, active 1944-1944",Q5,https://www.aikstats.se/player.php?id=342
1201,Kevin Yildiz Edlund,"Swedish association football player, played for AIK, Back, active 2010-2017",Q5,https://www.aikstats.se/player.php?id=1201
244,"Birger ""Bigge-Backis"" Karlsson","Swedish association football player, played for AIK, Högerback, active ? - ?",Q5,https://www.aikstats.se/player.php?id=244
557,"Jan ""Jana"" Holmgren","Swedish association football player, played for AIK, Forward, active 1975-1978",Q5,https://www.aikstats.se/player.php?id=557
1438,Rasmus Granath,"Swedish association football player, played for AIK, Mittfältare, active 2019- ?",Q5,https://www.aikstats.se/player.php?id=1438
1308,Axel Karlsson,"Swedish association football player, played for AIK, Back, active ? - ?",Q5,https://www.aikstats.se/player.php?id=1308
73,Daniel Johansson,"Swedish association football player, played for AIK, Back, active ? - ?",Q5,https://www.aikstats.se/player.php?id=73
686,Marcus Arencranz,"Swedish association football player, played for AIK, Back, active 2000- ?",Q5,https://www.aikstats.se/player.php?id=686
506,Jörgen Sandsten,"Swedish association football player, played for AIK, Ytterback, active 1967-1970",Q5,https://www.aikstats.se/player.php?id=506
694,Fritz Carlsson,"Swedish association football player, played for AIK, , active ? - ?",Q5,https://www.aikstats.se/player.php?id=694
1223,Gustav Berggren,"Swedish association football player, played for AIK, Mittfältare, active ? -2019",Q5,https://www.aikstats.se/player.php?id=1223
836,Milos Petkovic,"Swedish association football player, played for AIK, Målvakt, active 2009-2009",Q5,https://www.aikstats.se/player.php?id=836
1468,Manaf Rawufu,"Swedish association football player, played for AIK, Forward, active ? - ?",Q5,https://www.aikstats.se/player.php?id=1468
1549,W Jansson,"Swedish association football player, played for AIK, , active ? - ?",Q5,https://www.aikstats.se/player.php?id=1549
436,Tommy Lindh,"Swedish association football player, played for AIK, Inner, active 1960-1961",Q5,https://www.aikstats.se/player.php?id=436
444,Kurt Lindh,"Swedish association football player, played for AIK, Halvback, active ? - ?",Q5,https://www.aikstats.se/player.php?id=444
1354,Rany Georgis,"Swedish association football player, played for AIK, Forward, active ? - ?",Q5,https://www.aikstats.se/player.php?id=1354
674,Thomas Nilsson,"Swedish association football player, played for AIK, Målvakt, active ? - ?",Q5,https://www.aikstats.se/player.php?id=674
261,"Sven ""Djurgårn, Rödsven, Lill-John"" Johansson","Swedish association football player, played for AIK, Vänsterinner, active 1929- ?",Q5,https://www.aikstats.se/player.php?id=261
1165,Jannis Vasiliou,"Swedish association football player, played for AIK, Vänsterback, active ? -2001",Q5,https://www.aikstats.se/player.php?id=1165
510,"Roland ""Rolle, Hogge"" Hogart","Swedish association football player, played for AIK, Mittfältare, active 1966-1973",Q5,https://www.aikstats.se/player.php?id=510
1437,Salim Nkubiri,"Swedish association football player, played for AIK, , active 2021- ?",Q5,https://www.aikstats.se/player.php?id=1437
1283,Jonathan Hagman,"Swedish association football player, played for AIK, Mittfältare, active ? -2015",Q5,https://www.aikstats.se/player.php?id=1283
923,Clecio Nascimento Santos,"Swedish association football player, played for AIK, Forward, active 2010-2010",Q5,https://www.aikstats.se/player.php?id=923
1324,Henry Fredberg,"Swedish association football player, played for AIK, , active 1919-1921",Q5,https://www.aikstats.se/player.php?id=1324
1568,Mårtensson,"Swedish association football player, played for AIK, , active ? - ?",Q5,https://www.aikstats.se/player.php?id=1568
693,Gunnar Stenberg,"Swedish association football player, played for AIK, Högerhalv, active 1897-1902",Q5,https://www.aikstats.se/player.php?id=693
248,"Knut ""Putte"" Thysell","Swedish association football player, played for AIK, Forward, active 1927-1929",Q5,https://www.aikstats.se/player.php?id=248
263,"Algot ""Agge"" Haglund","Swedish association football player, played for AIK, Högerytter, active 1928-1934",Q5,https://www.aikstats.se/player.php?id=263
271,"Hans ""Hasse"" Garpe","Swedish association football player, played for AIK, Vänsterinner, active ? - ?",Q5,https://www.aikstats.se/player.php?id=271
1270,"Niklas ""NiP"" Persson","Swedish association football player, played for AIK, Yttermittfältare, active ? - ?",Q5,https://www.aikstats.se/player.php?id=1270
1516,Vilhelm Eriksson,"Swedish association football player, played for AIK, Forward, active ? - ?",Q5,https://www.aikstats.se/player.php?id=1516
297,Janne Borgqvist,"Swedish association football player, played for AIK, Högerback, active ? - ?",Q5,https://www.aikstats.se/player.php?id=297
1485,Jan Johansson,"Swedish association football player, played for AIK, , active ? - ?",Q5,https://www.aikstats.se/player.php?id=1485
1565,J Andersson,"Swedish association football player, played for AIK, , active ? - ?",Q5,https://www.aikstats.se/player.php?id=1565
1191,Strahinja Golic,"Swedish association football player, played for AIK, Back, active 2015- ?",Q5,https://www.aikstats.se/player.php?id=1191
1227,Joel Ekstrand,"Swedish association football player, played for AIK, Back, active 2018-2019",Q5,https://www.aikstats.se/player.php?id=1227
791,Obi Etie,"Swedish association football player, played for AIK, , active ? - ?",Q5,https://www.aikstats.se/player.php?id=791
1464,Lamine Dabo,"Swedish association football player, played for AIK, Mittfältare, active 2023- ?",Q5,https://www.aikstats.se/player.php?id=1464
1545,Gunnar Gallin,"Swedish association football player, played for AIK, , active ? - ?",Q5,https://www.aikstats.se/player.php?id=1545
630,"Per ""Pelle"" Olsson","Swedish association football player, played for AIK, Forward, active 1995-1995",Q5,https://www.aikstats.se/player.php?id=630
695,Hugo Berg,"Swedish association football player, played for AIK, , active ? - ?",Q5,https://www.aikstats.se/player.php?id=695
1502,Gunnar Linder,"Swedish association football player, played for AIK, Forward, active ? - ?",Q5,https://www.aikstats.se/player.php?id=1502
1272,Nebiyou Perry,"Swedish association football player, played for AIK, Yttermittfältare, active ? -2018",Q5,https://www.aikstats.se/player.php?id=1272
861,Lars Blomdahl,"Swedish association football player, played for AIK, , active ? - ?",Q5,https://www.aikstats.se/player.php?id=861
1518,Josef Kindlund,"Swedish association football player, played for AIK, , active ? - ?",Q5,https://www.aikstats.se/player.php?id=1518
1282,Ludwig Ahl,"Swedish association football player, played for AIK, Mittfältare, active ? -2014",Q5,https://www.aikstats.se/player.php?id=1282
1542,"Gustaf ""Blekberg"" Ekberg","Swedish association football player, played for AIK, , active ? - ?",Q5,https://www.aikstats.se/player.php?id=1542
1314,Suffian Kalokoh,"Swedish association football player, played for AIK, Forward, active ? - ?",Q5,https://www.aikstats.se/player.php?id=1314
1550,David Karlsson,"Swedish association football player, played for AIK, , active ? - ?",Q5,https://www.aikstats.se/player.php?id=1550
1161,Lars Söderberg,"Swedish association football player, played for AIK, Målvakt, active ? - ?",Q5,https://www.aikstats.se/player.php?id=1161
345,Lennart Persson,"Swedish association football player, played for AIK, Vänsterytter, active ? -1944",Q5,https://www.aikstats.se/player.php?id=345
1347,Ferid Ali,"Swedish association football player, played for AIK, Forward, active ? - ?",Q5,https://www.aikstats.se/player.php?id=1347
741,Ernst Mathison,"Swedish association football player, played for AIK, , active ? - ?",Q5,https://www.aikstats.se/player.php?id=741
1507,E Olsson,"Swedish association football player, played for AIK, , active ? - ?",Q5,https://www.aikstats.se/player.php?id=1507
1287,Filip Bergkvist,"Swedish association football player, played for AIK, Forward, active ? -2016",Q5,https://www.aikstats.se/player.php?id=1287
50,Johan Vega,"Swedish association football player, played for AIK, Forward, active 1996-2006",Q5,https://www.aikstats.se/player.php?id=50
600,Björn Andersson,"Swedish association football player, played for AIK, Vänsterback, active 1980-1989",Q5,https://www.aikstats.se/player.php?id=600
1466,Carl Melin,"Swedish association football player, played for AIK, Mittfältare, active ? - ?",Q5,https://www.aikstats.se/player.php?id=1466
947,Henrik De Sousa,"Swedish association football player, played for AIK, , active ? - ?",Q5,https://www.aikstats.se/player.php?id=947
1344,Alexander Jakobsen,"Swedish association football player, played for AIK, Yttermittfältare, active ? - ?",Q5,https://www.aikstats.se/player.php?id=1344
1136,Per Sjöholm,"Swedish association football player, played for AIK, , active ? - ?",Q5,https://www.aikstats.se/player.php?id=1136
680,Kent Elander,"Swedish association football player, played for AIK, Målvakt, active ? - ?",Q5,https://www.aikstats.se/player.php?id=680
267,"Gunnar ""Blomman"" Blomström","Swedish association football player, played for AIK, Center, active 1931-1934",Q5,https://www.aikstats.se/player.php?id=267
1043,Ulysses Veghelyi,"Swedish association football player, played for AIK, Mittback, active ? -2017",Q5,https://www.aikstats.se/player.php?id=1043
1316,Noa Ersa Engberg,"Swedish association football player, played for AIK, Forward, active 2019-2020",Q5,https://www.aikstats.se/player.php?id=1316
1479,Per Lundqvist,"Swedish association football player, played for AIK, Målvakt, active ? - ?",Q5,https://www.aikstats.se/player.php?id=1479
1115,Johan Björkegren,"Swedish association football player, played for AIK, , active ? - ?",Q5,https://www.aikstats.se/player.php?id=1115
447,Leif Iwarsson,"Swedish association football player, played for AIK, Högerytter, active 1963-1963",Q5,https://www.aikstats.se/player.php?id=447
666,Joakim Hagernäs,"Swedish association football player, played for AIK, Offensiv mittfältare, active 2004-2004",Q5,https://www.aikstats.se/player.php?id=666
395,"Lars ""Råttan"" Boman","Swedish association football player, played for AIK, Vänsterytter, active 1948-1953",Q5,https://www.aikstats.se/player.php?id=395
714,Bernhard Magnusson,"Swedish association football player, played for AIK, , active ? - ?",Q5,https://www.aikstats.se/player.php?id=714
1231,Gustaf Lagerbielke,"Swedish association football player, played for AIK, Back, active 2017-2019",Q5,https://www.aikstats.se/player.php?id=1231
241,Evald Allard,"Swedish association football player, played for AIK, Back, active 1920-1930",Q5,https://www.aikstats.se/player.php?id=241
1271,Claus Royo,"Swedish association football player, played for AIK, Back, active ? -2019",Q5,https://www.aikstats.se/player.php?id=1271
1452,William Rashidi,"Swedish association football player, played for AIK, Vänsterytter, active 2018- ?",Q5,https://www.aikstats.se/player.php?id=1452
602,"Krister ""Chippe"" Persson","Swedish association football player, played for AIK, Mittfältare, active 1980-1989",Q5,https://www.aikstats.se/player.php?id=602
1160,Ulf Carlsson,"Swedish association football player, played for AIK, , active ? - ?",Q5,https://www.aikstats.se/player.php?id=1160
384,Jerker Hannerz,"Swedish association football player, played for AIK, Center, active 1947-1954",Q5,https://www.aikstats.se/player.php?id=384
1029,Magnus Larsson,"Swedish association football player, played for AIK, , active ? - ?",Q5,https://www.aikstats.se/player.php?id=1029
1498,Heribert Kronberg,"Swedish association football player, played for AIK, , active ? - ?",Q5,https://www.aikstats.se/player.php?id=1498
1506,Friberg,"Swedish association football player, played for AIK, , active ? - ?",Q5,https://www.aikstats.se/player.php?id=1506
1268,Gustav Rydberg,"Swedish association football player, played for AIK, Mittfältare, active 2019-2020",Q5,https://www.aikstats.se/player.php?id=1268
1514,Axel Löf,"Swedish association football player, played for AIK, , active ? - ?",Q5,https://www.aikstats.se/player.php?id=1514
902,Bernt Gideonsson,"Swedish association football player, played for AIK, Målvakt, active ? - ?",Q5,https://www.aikstats.se/player.php?id=902
1310,Noah Tesfai,"Swedish association football player, played for AIK, Högerytter, active ? - ?",Q5,https://www.aikstats.se/player.php?id=1310
92,Tolga Ünal,"Swedish association football player, played for AIK, Forward, active 1999-2003",Q5,https://www.aikstats.se/player.php?id=92
1021,Andrew Sumba,"Swedish association football player, played for AIK, , active 2010- ?",Q5,https://www.aikstats.se/player.php?id=1021
761,Christer Ovansjö,"Swedish association football player, played for AIK, , active ? - ?",Q5,https://www.aikstats.se/player.php?id=761
1503,Dahlberg,"Swedish association football player, played for AIK, , active ? - ?",Q5,https://www.aikstats.se/player.php?id=1503
1511,Erik Pettersson,"Swedish association football player, played for AIK, , active ? - ?",Q5,https://www.aikstats.se/player.php?id=1511
781,Filip Terland,"Swedish association football player, played for AIK, , active ? - ?",Q5,https://www.aikstats.se/player.php?id=781
1295,Carl Krantz,"Swedish association football player, played for AIK, , active 1913-1922",Q5,https://www.aikstats.se/player.php?id=1295
300,"Bengt ""Bebbe"" Hellström","Swedish association football player, played for AIK, Högerback, active ? - ?",Q5,https://www.aikstats.se/player.php?id=300
612,"Jonas ""Jonte"" Henriksson","Swedish association football player, played for AIK, Forward, active 1984-1991",Q5,https://www.aikstats.se/player.php?id=612
1315,Robin Sundgren,"Swedish association football player, played for AIK, Back, active ? -2021",Q5,https://www.aikstats.se/player.php?id=1315
72,Kali Ongala,"Swedish association football player, played for AIK, Mittfältare, active 2007-2007",Q5,https://www.aikstats.se/player.php?id=72
1186,Rager Rebandi,"Swedish association football player, played for AIK, Målvakt, active 2010-2016",Q5,https://www.aikstats.se/player.php?id=1186
386,"Sven ""Sventa, Ekerö-Olle, Svenne"" Olsson","Swedish association football player, played for AIK, Vänsterinner, active 1948-1952",Q5,https://www.aikstats.se/player.php?id=386
1412,Abdul Latif Anabila,"Swedish association football player, played for AIK, Mittfältare, active ? - ?",Q5,https://www.aikstats.se/player.php?id=1412
757,"Sven ""Svenne Berka"" Bergqvist","Swedish association football player, played for AIK, , active 1936-1936",Q5,https://www.aikstats.se/player.php?id=757
1039,Bryan Massa,"Swedish association football player, played for AIK, Yttermittfältare, active ? - ?",Q5,https://www.aikstats.se/player.php?id=1039
569,Staffan Gillberg,"Swedish association football player, played for AIK, Målvakt, active 1972-1979",Q5,https://www.aikstats.se/player.php?id=569
1508,Lindqvist,"Swedish association football player, played for AIK, , active ? - ?",Q5,https://www.aikstats.se/player.php?id=1508
1280,Philip Olofsson,"Swedish association football player, played for AIK, Back, active ? -2015",Q5,https://www.aikstats.se/player.php?id=1280
1459,Marcus Valgma,"Swedish association football player, played for AIK, Back, active 2020- ?",Q5,https://www.aikstats.se/player.php?id=1459
1467,Oscar Sjöstrand,"Swedish association football player, played for AIK, Yttermittfältare, active ? - ?",Q5,https://www.aikstats.se/player.php?id=1467
1353,"Kevin ""KJ"" Jakobsson","Swedish association football player, played for AIK, Forward, active 2014-2018",Q5,https://www.aikstats.se/player.php?id=1353
727,Jonas Strandberg,"Swedish association football player, played for AIK, , active ? - ?",Q5,https://www.aikstats.se/player.php?id=727
1505,Nordenskjöld,"Swedish association football player, played for AIK, , active ? - ?",Q5,https://www.aikstats.se/player.php?id=1505
432,"Helge ""Timpa"" Karlsson","Swedish association football player, played for AIK, Högerytter, active 1956-1960",Q5,https://www.aikstats.se/player.php?id=432
1164,Lennart Ljung,"Swedish association football player, played for AIK, Målvakt, active ? -1972",Q5,https://www.aikstats.se/player.php?id=1164
1358,Housseinn Nightingale,"Swedish association football player, played for AIK, Mittfältare, active ? -2018",Q5,https://www.aikstats.se/player.php?id=1358
748,Johan Lundqvist,"Swedish association football player, played for AIK, , active ? - ?",Q5,https://www.aikstats.se/player.php?id=748
837,Christoffer Orfanidis,"Swedish association football player, played for AIK, Back, active ? - ?",Q5,https://www.aikstats.se/player.php?id=837
1419,Emil Bellander,"Swedish association football player, played for AIK, Forward, active ? - ?",Q5,https://www.aikstats.se/player.php?id=1419
1264,Anthony Atiendo,"Swedish association football player, played for AIK, , active ? - ?",Q5,https://www.aikstats.se/player.php?id=1264
1436,Daniel Henareh,"Swedish association football player, played for AIK, Målvakt, active ? - ?",Q5,https://www.aikstats.se/player.php?id=1436
1510,Bernhard Kraft,"Swedish association football player, played for AIK, , active ? - ?",Q5,https://www.aikstats.se/player.php?id=1510
1453,Carl Valgma,"Swedish association football player, played for AIK, , active 2019- ?",Q5,https://www.aikstats.se/player.php?id=1453
1526,Robin Semakala Glader,"Swedish association football player, played for AIK, Mittfältare, active 2021- ?",Q5,https://www.aikstats.se/player.php?id=1526
1534,Paul Bark,"Swedish association football player, played for AIK, , active ? - ?",Q5,https://www.aikstats.se/player.php?id=1534
914,Patrick Pupparo,"Swedish association football player, played for AIK, Mittfältare, active ? - ?",Q5,https://www.aikstats.se/player.php?id=914
1086,Adam Forslöv,"Swedish association football player, played for AIK, Forward, active ? - ?",Q5,https://www.aikstats.se/player.php?id=1086
319,Sten Jihde,"Swedish association football player, played for AIK, Högerytter, active 1941-1941",Q5,https://www.aikstats.se/player.php?id=319
1559,"Götrik ""Putte"" Frykman","Swedish association football player, played for AIK, Mittfältare, active ? - ?",Q5,https://www.aikstats.se/player.php?id=1559
1331,David Öhrwall,"Swedish association football player, played for AIK, Mittfältare, active 2012-2016",Q5,https://www.aikstats.se/player.php?id=1331
1567,Frithiof Rudén,"Swedish association football player, played for AIK, Målvakt, active ? - ?",Q5,https://www.aikstats.se/player.php?id=1567
1339,Wang,"Swedish association football player, played for AIK, , active ? - ?",Q5,https://www.aikstats.se/player.php?id=1339
1169,Bengt Essman,"Swedish association football player, played for AIK, , active ? - ?",Q5,https://www.aikstats.se/player.php?id=1169
353,Självmål (ev Henry Carlsson),"Swedish association football player, played for AIK, , active ? - ?",Q5,https://www.aikstats.se/player.php?id=353
1363,Marek Lemsalu,"Swedish association football player, played for AIK, Mittback, active ? - ?",Q5,https://www.aikstats.se/player.php?id=1363
1147,Christer Meckbach,"Swedish association football player, played for AIK, , active ? - ?",Q5,https://www.aikstats.se/player.php?id=1147
1193,Elias Lindberg Wahlström,"Swedish association football player, played for AIK, Back, active 2015- ?",Q5,https://www.aikstats.se/player.php?id=1193
201,Tyler Rosenlund,"Swedish association football player, played for AIK, Mittfältare, active 2007-2007",Q5,https://www.aikstats.se/player.php?id=201
712,E Livén,"Swedish association football player, played for AIK, , active ? - ?",Q5,https://www.aikstats.se/player.php?id=712
720,A Tilbom,"Swedish association football player, played for AIK, , active ? - ?",Q5,https://www.aikstats.se/player.php?id=720
1403,Pavlos Xhantopoulos,"Swedish association football player, played for AIK, Målvakt, active ? - ?",Q5,https://www.aikstats.se/player.php?id=1403
1238,Albin Mörfeldt,"Swedish association football player, played for AIK, Mittfältare, active ? - ?",Q5,https://www.aikstats.se/player.php?id=1238
732,G Johansson,"Swedish association football player, played for AIK, , active ? - ?",Q5,https://www.aikstats.se/player.php?id=732
1411,Pontus Karlsson,"Swedish association football player, played for AIK, Mittfältare, active 2015-2016",Q5,https://www.aikstats.se/player.php?id=1411
1025,John van Loenhout,"Swedish association football player, played for AIK, , active ? - ?",Q5,https://www.aikstats.se/player.php?id=1025
1416,Nikola Bjeloš,"Swedish association football player, played for AIK, Mittfältare, active ? - ?",Q5,https://www.aikstats.se/player.php?id=1416
1490,"Lennart ""Sillen"" Selinder","Swedish association football player, played for AIK, , active ? - ?",Q5,https://www.aikstats.se/player.php?id=1490
1030,Diego Quintero,"Swedish association football player, played for AIK, Forward, active ? - ?",Q5,https://www.aikstats.se/player.php?id=1030
1261,Gabriel Delin,"Swedish association football player, played for AIK, , active 2018- ?",Q5,https://www.aikstats.se/player.php?id=1261
850,Toni Koskela,"Swedish association football player, played for AIK, Mittfältare, active ? - ?",Q5,https://www.aikstats.se/player.php?id=850
1269,Hamza Gigovic,"Swedish association football player, played for AIK, Mittback, active ? - ?",Q5,https://www.aikstats.se/player.php?id=1269
894,Adam Modin,"Swedish association football player, played for AIK, Back, active ? - ?",Q5,https://www.aikstats.se/player.php?id=894
1523,Allen Smajić,"Swedish association football player, played for AIK, Mittfältare, active 2023- ?",Q5,https://www.aikstats.se/player.php?id=1523
42,Gatis Kalnins,"Swedish association football player, played for AIK, Forward, active 2006-2006",Q5,https://www.aikstats.se/player.php?id=42
1531,Gunnar Gren,"Swedish association football player, played for AIK, Högerinner, active ? - ?",Q5,https://www.aikstats.se/player.php?id=1531
1082,Philip Andersson,"Swedish association football player, played for AIK, Vänster mittfältare, active 2006-2015",Q5,https://www.aikstats.se/player.php?id=1082
1474,Hugo Aviander,"Swedish association football player, played for AIK, Mittfältare, active 2018-2023",Q5,https://www.aikstats.se/player.php?id=1474
1547,Olof Detter,"Swedish association football player, played for AIK, Forward, active ? - ?",Q5,https://www.aikstats.se/player.php?id=1547
616,Stefan Jonsson,"Swedish association football player, played for AIK, Mittfältare, active 1991-1992",Q5,https://www.aikstats.se/player.php?id=616
1320,Gustaf Bruzelius,"Swedish association football player, played for AIK, , active ? -2020",Q5,https://www.aikstats.se/player.php?id=1320
927,O Persson,"Swedish association football player, played for AIK, , active ? - ?",Q5,https://www.aikstats.se/player.php?id=927
1483,Nyström,"Swedish association football player, played for AIK, , active ? - ?",Q5,https://www.aikstats.se/player.php?id=1483
1099,Adam Ek,"Swedish association football player, played for AIK, Back, active ? - ?",Q5,https://www.aikstats.se/player.php?id=1099
1328,Marcus West,"Swedish association football player, played for AIK, Forward, active 2014-2015",Q5,https://www.aikstats.se/player.php?id=1328
1564,Sven Landberg,"Swedish association football player, played for AIK, Forward, active ? - ?",Q5,https://www.aikstats.se/player.php?id=1564
1158,"Hans ""Hasse, Trisse"" Nilsson","Swedish association football player, played for AIK, Mittfältare, active ? - ?",Q5,https://www.aikstats.se/player.php?id=1158
1336,LV,"Swedish association football player, played for AIK, , active ? - ?",Q5,https://www.aikstats.se/player.php?id=1336
1360,Mark Gorgos,"Swedish association football player, played for AIK, Mittfältare, active 2017-2018",Q5,https://www.aikstats.se/player.php?id=1360
1144,Lars-Göran Nilsson,"Swedish association football player, played for AIK, , active ? - ?",Q5,https://www.aikstats.se/player.php?id=1144
374,"Karl-Gustav ""KG"" Holmström","Swedish association football player, played for AIK, Målvakt, active 1948-1950",Q5,https://www.aikstats.se/player.php?id=374
1152,Jonas Olsson,"Swedish association football player, played for AIK, Målvakt, active ? -2014",Q5,https://www.aikstats.se/player.php?id=1152
1384,Max von Schlebrügge,"Swedish association football player, played for AIK, Mittback, active ? -1996",Q5,https://www.aikstats.se/player.php?id=1384
717,E Bergman,"Swedish association football player, played for AIK, , active ? - ?",Q5,https://www.aikstats.se/player.php?id=717
726,L Aspling,"Swedish association football player, played for AIK, , active ? - ?",Q5,https://www.aikstats.se/player.php?id=726
1408,Karlsson,"Swedish association football player, played for AIK, , active ? - ?",Q5,https://www.aikstats.se/player.php?id=1408
1022,Joakim Nilsson,"Swedish association football player, played for AIK, , active ? - ?",Q5,https://www.aikstats.se/player.php?id=1022
1243,Agustin Gomez,"Swedish association football player, played for AIK, Back, active 2017-2017",Q5,https://www.aikstats.se/player.php?id=1243
1487,Sören Jansson,"Swedish association football player, played for AIK, , active ? - ?",Q5,https://www.aikstats.se/player.php?id=1487
1495,Lövberg,"Swedish association football player, played for AIK, , active ? - ?",Q5,https://www.aikstats.se/player.php?id=1495
1504,Österlund,"Swedish association football player, played for AIK, , active ? - ?",Q5,https://www.aikstats.se/player.php?id=1504
1512,Valdemar Lindén,"Swedish association football player, played for AIK, , active ? - ?",Q5,https://www.aikstats.se/player.php?id=1512
1274,Pettersson,"Swedish association football player, played for AIK, , active ? - ?",Q5,https://www.aikstats.se/player.php?id=1274
782,Daniel Alderstad,"Swedish association football player, played for AIK, , active ? - ?",Q5,https://www.aikstats.se/player.php?id=782
863,Yngve Brodd,"Swedish association football player, played for AIK, , active ? - ?",Q5,https://www.aikstats.se/player.php?id=863
1446,Oscar Kahl,"Swedish association football player, played for AIK, Back, active ? -2017",Q5,https://www.aikstats.se/player.php?id=1446
1520,Carl Möllerberg,"Swedish association football player, played for AIK, Mittfältare, active 2019-2023",Q5,https://www.aikstats.se/player.php?id=1520
1062,George Saba,"Swedish association football player, played for AIK, , active ? - ?",Q5,https://www.aikstats.se/player.php?id=1062
39,Olle Nyberg,"Swedish association football player, played for AIK, Forward, active 2006-2006",Q5,https://www.aikstats.se/player.php?id=39
1528,Ragnvald Pålsson,"Swedish association football player, played for AIK, Centerhalv, active ? - ?",Q5,https://www.aikstats.se/player.php?id=1528
47,Oskar Smedstad,"Swedish association football player, played for AIK, Forward, active ? - ?",Q5,https://www.aikstats.se/player.php?id=47
1536,Rune Svensson,"Swedish association football player, played for AIK, , active ? - ?",Q5,https://www.aikstats.se/player.php?id=1536
321,"Carl ""Calle, Näckis"" Sjöblom","Swedish association football player, played for AIK, Högerback, active 1936-1941",Q5,https://www.aikstats.se/player.php?id=321
1561,Erik Lavass,"Swedish association football player, played for AIK, Back, active ? - ?",Q5,https://www.aikstats.se/player.php?id=1561
1333,Teng,"Swedish association football player, played for AIK, , active ? - ?",Q5,https://www.aikstats.se/player.php?id=1333
1569,"Gösta ""Pysen"" Wihlborg","Swedish association football player, played for AIK, Back, active ? - ?",Q5,https://www.aikstats.se/player.php?id=1569
1341,Ilija Jurković,"Swedish association football player, played for AIK, Yttermittfältare, active ? -2016",Q5,https://www.aikstats.se/player.php?id=1341
1349,Erik Figueroa,"Swedish association football player, played for AIK, Vänsterback, active ? - ?",Q5,https://www.aikstats.se/player.php?id=1349
355,Sven Åke Sundström,"Swedish association football player, played for AIK, Högerytter, active 1945-1946",Q5,https://www.aikstats.se/player.php?id=355
1357,Bilal Mohammed,"Swedish association football player, played for AIK, Forward, active ? - ?",Q5,https://www.aikstats.se/player.php?id=1357
1141,Roger Fransson,"Swedish association football player, played for AIK, , active ? - ?",Q5,https://www.aikstats.se/player.php?id=1141
1149,Conny Göransson,"Swedish association football player, played for AIK, , active ? - ?",Q5,https://www.aikstats.se/player.php?id=1149
1157,"Hans ""Tjalle"" Mild","Swedish association football player, played for AIK, Back, active ? - ?",Q5,https://www.aikstats.se/player.php?id=1157
1206,Oliver Granath,"Swedish association football player, played for AIK, Back, active 2010-2017",Q5,https://www.aikstats.se/player.php?id=1206
527,Michael Kanslätt,"Swedish association football player, played for AIK, Målvakt, active 1970-1973",Q5,https://www.aikstats.se/player.php?id=527
1397,Daniel Lindqvist,"Swedish association football player, played for AIK, Forward, active 2000- ?",Q5,https://www.aikstats.se/player.php?id=1397
723,R Browne,"Swedish association football player, played for AIK, , active ? - ?",Q5,https://www.aikstats.se/player.php?id=723
1405,Dinko Felić,"Swedish association football player, played for AIK, Forward, active ? - ?",Q5,https://www.aikstats.se/player.php?id=1405
1240,David Durak,"Swedish association football player, played for AIK, Forward, active 2017- ?",Q5,https://www.aikstats.se/player.php?id=1240
735,Elof Johansson,"Swedish association football player, played for AIK, , active ? - ?",Q5,https://www.aikstats.se/player.php?id=735
1413,Sergio Ramírez,"Swedish association football player, played for AIK, Forward, active ? - ?",Q5,https://www.aikstats.se/player.php?id=1413
1418,Navid Nasseri,"Swedish association football player, played for AIK, Yttermittfältare, active ? - ?",Q5,https://www.aikstats.se/player.php?id=1418
1263,Cedrick Dahna,"Swedish association football player, played for AIK, , active ? - ?",Q5,https://www.aikstats.se/player.php?id=1263
852,Rodrigo Soria,"Swedish association football player, played for AIK, , active ? - ?",Q5,https://www.aikstats.se/player.php?id=852
1434,Viggo Gustavsson,"Swedish association football player, played for AIK, , active ? - ?",Q5,https://www.aikstats.se/player.php?id=1434
1509,Malcom Lindkvist,"Swedish association football player, played for AIK, Målvakt, active ? - ?",Q5,https://www.aikstats.se/player.php?id=1509
281,"Bertil ""Berra"" Pettersson","Swedish association football player, played for AIK, Vänsterhalv, active 1934-1934",Q5,https://www.aikstats.se/player.php?id=281
1281,François Kamano,"Swedish association football player, played for AIK, Forward, active ? - ?",Q5,https://www.aikstats.se/player.php?id=1281
896,Hezha Agai,"Swedish association football player, played for AIK, Mittfältare, active ? - ?",Q5,https://www.aikstats.se/player.php?id=896
1525,Simon Törngren,"Swedish association football player, played for AIK, Mittfältare, active 2020- ?",Q5,https://www.aikstats.se/player.php?id=1525
1533,"Erik ""Berka"" Bergqvist","Swedish association football player, played for AIK, Vänsterytter, active ? - ?",Q5,https://www.aikstats.se/player.php?id=1533
913,Eldin Kozica,"Swedish association football player, played for AIK, Mittback, active ? - ?",Q5,https://www.aikstats.se/player.php?id=913
1558,Stendahl,"Swedish association football player, played for AIK, , active ? - ?",Q5,https://www.aikstats.se/player.php?id=1558
1330,Filip Nordström,"Swedish association football player, played for AIK, Back, active ? -2015",Q5,https://www.aikstats.se/player.php?id=1330
336,Hans Nilsson,"Swedish association football player, played for AIK, Högerback, active 1941- ?",Q5,https://www.aikstats.se/player.php?id=336
1566,"D ""Mr Jones"" Jonasson","Swedish association football player, played for AIK, , active ? - ?",Q5,https://www.aikstats.se/player.php?id=1566
1338,Feng,"Swedish association football player, played for AIK, , active ? - ?",Q5,https://www.aikstats.se/player.php?id=1338
344,"Charles ""Chala"" Reuterwald","Swedish association football player, played for AIK, Högerytter, active ? - ?",Q5,https://www.aikstats.se/player.php?id=344
949,Arabo Baghoomian,"Swedish association football player, played for AIK, , active ? - ?",Q5,https://www.aikstats.se/player.php?id=949
1346,George Moussally,"Swedish association football player, played for AIK, Mittback, active ? - ?",Q5,https://www.aikstats.se/player.php?id=1346
1146,Lars Lundqvist,"Swedish association football player, played for AIK, Forward, active ? - ?",Q5,https://www.aikstats.se/player.php?id=1146
1386,Ronny Sentongo,"Swedish association football player, played for AIK, Mittfältare, active ? - ?",Q5,https://www.aikstats.se/player.php?id=1386
719,Hans Karlsson,"Swedish association football player, played for AIK, , active ? - ?",Q5,https://www.aikstats.se/player.php?id=719
1402,Dani Hamzo,"Swedish association football player, played for AIK, Forward, active ? - ?",Q5,https://www.aikstats.se/player.php?id=1402
1410,Rinor Nushi,"Swedish association football player, played for AIK, Yttermittfältare, active ? - ?",Q5,https://www.aikstats.se/player.php?id=1410
1024,Hans Cedervall,"Swedish association football player, played for AIK, , active ? - ?",Q5,https://www.aikstats.se/player.php?id=1024
1415,Marko Simović,"Swedish association football player, played for AIK, Yttermittfältare, active ? - ?",Q5,https://www.aikstats.se/player.php?id=1415
1489,Bo Jansson,"Swedish association football player, played for AIK, , active ? - ?",Q5,https://www.aikstats.se/player.php?id=1489
753,Roger Boström,"Swedish association football player, played for AIK, , active ? - ?",Q5,https://www.aikstats.se/player.php?id=753
1037,Mtaka Simba,"Swedish association football player, played for AIK, Höger mittfältare, active ? - ?",Q5,https://www.aikstats.se/player.php?id=1037
1260,Luka Dobrijevic,"Swedish association football player, played for AIK, Mittfältare, active ? - ?",Q5,https://www.aikstats.se/player.php?id=1260
849,Johan Strömberg,"Swedish association football player, played for AIK, Ordförande i AIK Fotboll AB, active 2008-2013",Q5,https://www.aikstats.se/player.php?id=849
1055,Tim Lidell,"Swedish association football player, played for AIK, , active ? - ?",Q5,https://www.aikstats.se/player.php?id=1055
1277,Stjernborg,"Swedish association football player, played for AIK, , active ? - ?",Q5,https://www.aikstats.se/player.php?id=1277
784,Emil Berger,"Swedish association football player, played for AIK, Mittfältare, active 2008-2008",Q5,https://www.aikstats.se/player.php?id=784
1522,Jonah Kusi-Asare,"Swedish association football player, played for AIK, Forward, active 2023- ?",Q5,https://www.aikstats.se/player.php?id=1522
1064,Adhavan Rahjamohan,"Swedish association football player, played for AIK, , active ? - ?",Q5,https://www.aikstats.se/player.php?id=1064
1286,Elias Löfberg,"Swedish association football player, played for AIK, Back, active ? -2015",Q5,https://www.aikstats.se/player.php?id=1286
1530,Arne Nyberg,"Swedish association football player, played for AIK, Högerytter, active ? - ?",Q5,https://www.aikstats.se/player.php?id=1530
49,Mikko Muurinen,"Swedish association football player, played for AIK, Målvakt, active 2005-2005",Q5,https://www.aikstats.se/player.php?id=49
1538,S Cederlund,"Swedish association football player, played for AIK, , active ? - ?",Q5,https://www.aikstats.se/player.php?id=1538
1081,Jonathan Ring,"Swedish association football player, played for AIK, Mittfältare, active ? - ?",Q5,https://www.aikstats.se/player.php?id=1081
1318,Oliver Johansson,"Swedish association football player, played for AIK, Mittfältare, active 2017- ?",Q5,https://www.aikstats.se/player.php?id=1318
1555,Brundell,"Swedish association football player, played for AIK, , active ? - ?",Q5,https://www.aikstats.se/player.php?id=1555
1563,Ivar Friberg,"Swedish association football player, played for AIK, Forward, active ? - ?",Q5,https://www.aikstats.se/player.php?id=1563
1335,Fly,"Swedish association football player, played for AIK, , active ? - ?",Q5,https://www.aikstats.se/player.php?id=1335
341,Ingvar Andersson,"Swedish association football player, played for AIK, Högerytter, active 1943-1946",Q5,https://www.aikstats.se/player.php?id=341
946,Frank Pettersson,"Swedish association football player, played for AIK, Goalkeeper, active 2001-2004",Q5,https://www.aikstats.se/player.php?id=946
1343,Sakari Tukiainen,"Swedish association football player, played for AIK, Mittfältare, active ? - ?",Q5,https://www.aikstats.se/player.php?id=1343
1143,Nils-Göran NIlsson,"Swedish association football player, played for AIK, , active ? - ?",Q5,https://www.aikstats.se/player.php?id=1143
1151,Tommy Wastesson,"Swedish association football player, played for AIK, , active ? - ?",Q5,https://www.aikstats.se/player.php?id=1151
679,Bengt-Erik Gårdefors,"Swedish association football player, played for AIK, , active ? - ?",Q5,https://www.aikstats.se/player.php?id=679
688,Alysson Marendaz Marins,"Swedish association football player, played for AIK, Forward, active ? - ?",Q5,https://www.aikstats.se/player.php?id=688
1391,David Ericsson,"Swedish association football player, played for AIK, Back, active 2003- ?",Q5,https://www.aikstats.se/player.php?id=1391
716,L Johansson,"Swedish association football player, played for AIK, , active ? - ?",Q5,https://www.aikstats.se/player.php?id=716
1399,Peyman Zarifnejad,"Swedish association football player, played for AIK, Forward, active 2004- ?",Q5,https://www.aikstats.se/player.php?id=1399
1233,Daniel Björkman,"Swedish association football player, played for AIK, Back, active ? - ?",Q5,https://www.aikstats.se/player.php?id=1233
725,"Muritz ""Moje"" Öholm","Swedish association football player, played for AIK, , active ? - ?",Q5,https://www.aikstats.se/player.php?id=725
1407,Rosén,"Swedish association football player, played for AIK, , active ? - ?",Q5,https://www.aikstats.se/player.php?id=1407
1026,Grzegorz Król,"Swedish association football player, played for AIK, Forward, active ? - ?",Q5,https://www.aikstats.se/player.php?id=1026
749,Cain Dotson,"Swedish association football player, played for AIK, , active ? - ?",Q5,https://www.aikstats.se/player.php?id=749
1420,Meriton Qoraj,"Swedish association football player, played for AIK, Back, active ? - ?",Q5,https://www.aikstats.se/player.php?id=1420
266,Bertil Linde,"Swedish association football player, played for AIK, Målvakt, active 1930-1932",Q5,https://www.aikstats.se/player.php?id=266
1273,Marko Šarlija,"Swedish association football player, played for AIK, Målvakt, active ? - ?",Q5,https://www.aikstats.se/player.php?id=1273
862,Gösta Lundell,"Swedish association football player, played for AIK, , active ? - ?",Q5,https://www.aikstats.se/player.php?id=862
1445,Oscar Krusnell,"Swedish association football player, played for AIK, Vänsterback, active 2013-2015",Q5,https://www.aikstats.se/player.php?id=1445
1519,Nikola Radojcic,"Swedish association football player, played for AIK, Back, active 2020- ?",Q5,https://www.aikstats.se/player.php?id=1519
1527,Kawa Sulaiman,"Swedish association football player, played for AIK, Forward, active 2023- ?",Q5,https://www.aikstats.se/player.php?id=1527
55,Hjalmar Thorarinsson,"Swedish association football player, played for AIK, Forward, active 2006-2006",Q5,https://www.aikstats.se/player.php?id=55
915,Elvis da Silva Santana,"Swedish association football player, played for AIK, Mittfältare, active ? - ?",Q5,https://www.aikstats.se/player.php?id=915
1543,Gösta Sjödin,"Swedish association football player, played for AIK, , active ? - ?",Q5,https://www.aikstats.se/player.php?id=1543
1560,Knut Gustafsson,"Swedish association football player, played for AIK, Målvakt, active ? - ?",Q5,https://www.aikstats.se/player.php?id=1560
1340,Yang,"Swedish association football player, played for AIK, , active ? - ?",Q5,https://www.aikstats.se/player.php?id=1340
346,Erik Svensson,"Swedish association football player, played for AIK, Vänsterytter, active 1944-1944",Q5,https://www.aikstats.se/player.php?id=346
1348,Jimmi Brewitz,"Swedish association football player, played for AIK, Forward, active ? -2017",Q5,https://www.aikstats.se/player.php?id=1348
1364,Sergei Hohlov-Simson,"Swedish association football player, played for AIK, Mittback, active ? - ?",Q5,https://www.aikstats.se/player.php?id=1364
1148,Christer Lindström,"Swedish association football player, played for AIK, , active ? - ?",Q5,https://www.aikstats.se/player.php?id=1148
685,Denden Berhane,"Swedish association football player, played for AIK, , active ? - ?",Q5,https://www.aikstats.se/player.php?id=685
804,Kjell Stenström,"Swedish association football player, played for AIK, , active ? - ?",Q5,https://www.aikstats.se/player.php?id=804
1388,William von Schrowe,"Swedish association football player, played for AIK, Back, active ? - ?",Q5,https://www.aikstats.se/player.php?id=1388
713,C Rössel,"Swedish association football player, played for AIK, , active ? - ?",Q5,https://www.aikstats.se/player.php?id=713
721,G Lindblad,"Swedish association football player, played for AIK, , active ? - ?",Q5,https://www.aikstats.se/player.php?id=721
1404,Bojan Sulaver,"Swedish association football player, played for AIK, Back, active 2002- ?",Q5,https://www.aikstats.se/player.php?id=1404
1239,Jesper Merbom Adolfsson,"Swedish association football player, played for AIK, Back, active ? - ?",Q5,https://www.aikstats.se/player.php?id=1239
733,Vakant plats,"Swedish association football player, played for AIK, , active ? - ?",Q5,https://www.aikstats.se/player.php?id=733
1486,Per-Åke Carlsson,"Swedish association football player, played for AIK, , active ? - ?",Q5,https://www.aikstats.se/player.php?id=1486
742,Edvin Sandberg,"Swedish association football player, played for AIK, , active ? - ?",Q5,https://www.aikstats.se/player.php?id=742
1491,Tomas Fingal,"Swedish association football player, played for AIK, , active ? - ?",Q5,https://www.aikstats.se/player.php?id=1491
1031,Bright Igbinadolor,"Swedish association football player, played for AIK, Forward, active ? - ?",Q5,https://www.aikstats.se/player.php?id=1031
1253,Arne Larsson,"Swedish association football player, played for AIK, Mittback, active ? - ?",Q5,https://www.aikstats.se/player.php?id=1253
843,Fredrik Holster,"Swedish association football player, played for AIK, Mittfältare, active ? - ?",Q5,https://www.aikstats.se/player.php?id=843
1262,Somion Karku,"Swedish association football player, played for AIK, , active ? - ?",Q5,https://www.aikstats.se/player.php?id=1262
851,Jesper Carlsson,"Swedish association football player, played for AIK, Högerytter, active ? - ?",Q5,https://www.aikstats.se/player.php?id=851
1047,Viktor Claesson,"Swedish association football player, played for AIK, , active ? - ?",Q5,https://www.aikstats.se/player.php?id=1047
289,Oscar Albrechtsson,"Swedish association football player, played for AIK, Vänsterback, active 1932-1936",Q5,https://www.aikstats.se/player.php?id=289
895,Kristian Junegard,"Swedish association football player, played for AIK, Forward, active ? - ?",Q5,https://www.aikstats.se/player.php?id=895
1524,Adrian Navarrete Hultberg,"Swedish association football player, played for AIK, Mittfältare, active 2022- ?",Q5,https://www.aikstats.se/player.php?id=1524
1532,Holger Bengtsson,"Swedish association football player, played for AIK, Vänsterinner, active ? - ?",Q5,https://www.aikstats.se/player.php?id=1532
803,"Hans ""Hasse"" Friman","Swedish association football player, played for AIK, , active ? - ?",Q5,https://www.aikstats.se/player.php?id=803
912,Carl Nyström,"Swedish association football player, played for AIK, Mittback, active ? - ?",Q5,https://www.aikstats.se/player.php?id=912
1540,Nils Axelsson,"Swedish association football player, played for AIK, Back, active ? - ?",Q5,https://www.aikstats.se/player.php?id=1540
1083,Emil Skogh,"Swedish association football player, played for AIK, Vänsterback, active 2009-2014",Q5,https://www.aikstats.se/player.php?id=1083
920,"Ulf ""Lill-Pröjsarn"" Nilsson","Swedish association football player, played for AIK, , active 1967- ?",Q5,https://www.aikstats.se/player.php?id=920
1548,Ragnar Nilsson,"Swedish association football player, played for AIK, , active ? - ?",Q5,https://www.aikstats.se/player.php?id=1548
69,Andreas Thorleifsson,"Swedish association football player, played for AIK, Forward, active 2006-2006",Q5,https://www.aikstats.se/player.php?id=69
1557,Sundin,"Swedish association football player, played for AIK, , active ? - ?",Q5,https://www.aikstats.se/player.php?id=1557
1329,"Mathias ""Karre"" Karelius","Swedish association football player, played for AIK, Mittfältare, active 2008-2015",Q5,https://www.aikstats.se/player.php?id=1329
334,Eric Svensson,"Swedish association football player, played for AIK, Centerhalv, active 1942-1942",Q5,https://www.aikstats.se/player.php?id=334
1159,"Rolf ""Kocken"" Andersson","Swedish association football player, played for AIK, , active ? - ?",Q5,https://www.aikstats.se/player.php?id=1159
86,"Dieter ""Budde"" Burdenski","Swedish association football player, played for AIK, Målvakt, active 1988-1988",Q5,https://www.aikstats.se/player.php?id=86
1337,Liu,"Swedish association football player, played for AIK, , active ? - ?",Q5,https://www.aikstats.se/player.php?id=1337
1167,Göran Malmqvist,"Swedish association football player, played for AIK, Målvakt, active ? - ?",Q5,https://www.aikstats.se/player.php?id=1167
643,Bartosz Grzelak,"Swedish association football player, played for AIK, Mittfältare, active 1996-2022",Q5,https://www.aikstats.se/player.php?id=643
1137,Peiman Eliassi,"Swedish association football player, played for AIK, , active ? - ?",Q5,https://www.aikstats.se/player.php?id=1137
1145,Henning Müller,"Swedish association football player, played for AIK, , active ? - ?",Q5,https://www.aikstats.se/player.php?id=1145
375,Karl Schwartz,"Swedish association football player, played for AIK, Vänsterytter, active ? - ?",Q5,https://www.aikstats.se/player.php?id=375
690,Edvin Sandborg,"Swedish association football player, played for AIK, , active ? - ?",Q5,https://www.aikstats.se/player.php?id=690
1385,Tobias Solberg,"Swedish association football player, played for AIK, Mittfältare, active ? - ?",Q5,https://www.aikstats.se/player.php?id=1385
718,John Andersson,"Swedish association football player, played for AIK, , active ? - ?",Q5,https://www.aikstats.se/player.php?id=718
1401,Daniel Jansson,"Swedish association football player, played for AIK, Mittfältare, active ? - ?",Q5,https://www.aikstats.se/player.php?id=1401
1409,Alexander Hedman,"Swedish association football player, played for AIK, Mittback, active ? -2015",Q5,https://www.aikstats.se/player.php?id=1409
1023,Johan Wallinder,"Swedish association football player, played for AIK, Forward, active ? - ?",Q5,https://www.aikstats.se/player.php?id=1023
1488,Hans Öhman,"Swedish association football player, played for AIK, , active ? - ?",Q5,https://www.aikstats.se/player.php?id=1488
1496,Tord Johansson,"Swedish association football player, played for AIK, , active ? - ?",Q5,https://www.aikstats.se/player.php?id=1496
1259,Ibrahim Dumbia,"Swedish association football player, played for AIK, , active ? - ?",Q5,https://www.aikstats.se/player.php?id=1259
764,H Karlsson,"Swedish association football player, played for AIK, , active ? - ?",Q5,https://www.aikstats.se/player.php?id=764
1275,"Gösta ""Gadden"" Nielsen","Swedish association football player, played for AIK, , active 1965-1965",Q5,https://www.aikstats.se/player.php?id=1275
783,David Gustafsson,"Swedish association football player, played for AIK, , active ? - ?",Q5,https://www.aikstats.se/player.php?id=783
1521,Degome Dibaga,"Swedish association football player, played for AIK, Högerytter, active 2021- ?",Q5,https://www.aikstats.se/player.php?id=1521
1063,Robin Palacios,"Swedish association football player, played for AIK, , active ? - ?",Q5,https://www.aikstats.se/player.php?id=1063
1529,Folke Larsson,"Swedish association football player, played for AIK, Vänsterhalv, active ? - ?",Q5,https://www.aikstats.se/player.php?id=1529
48,Christian Jörnsved,"Swedish association football player, played for AIK, Målvakt, active 2002- ?",Q5,https://www.aikstats.se/player.php?id=48
598,"Urban ""Ubbe"" Hammar","Swedish association football player, played for AIK, Vänster mittfältare, active 1987-1987",Q5,https://www.aikstats.se/player.php?id=598
800,"Lars ""Lalla"" Andersson","Swedish association football player, played for AIK, , active ? - ?",Q5,https://www.aikstats.se/player.php?id=800
1537,L Björklund,"Swedish association football player, played for AIK, , active ? - ?",Q5,https://www.aikstats.se/player.php?id=1537
606,Per Vikman,"Swedish association football player, played for AIK, Målvakt, active 1988-1991",Q5,https://www.aikstats.se/player.php?id=606
1480,Lars Lundström,"Swedish association football player, played for AIK, Målvakt, active ? - ?",Q5,https://www.aikstats.se/player.php?id=1480
1554,Gösta Björck,"Swedish association football player, played for AIK, , active ? - ?",Q5,https://www.aikstats.se/player.php?id=1554
622,"Hernando ""Labbe"" L'Abbé","Swedish association football player, played for AIK, Målvakt, active 1993-1993",Q5,https://www.aikstats.se/player.php?id=622
1562,"Ragnar ""Ragge"" Wicksell","Swedish association football player, played for AIK, Mittfältare, active ? - ?",Q5,https://www.aikstats.se/player.php?id=1562
1334,Mah,"Swedish association football player, played for AIK, , active ? - ?",Q5,https://www.aikstats.se/player.php?id=1334
1570,G Pederqvist,"Swedish association football player, played for AIK, , active ? - ?",Q5,https://www.aikstats.se/player.php?id=1570
1342,Janne Saksela,"Swedish association football player, played for AIK, Högerback, active ? - ?",Q5,https://www.aikstats.se/player.php?id=1342
364,Carl-Ottil Johansson,"Swedish association football player, played for AIK, Högerback, active ? -1947",Q5,https://www.aikstats.se/player.php?id=364
1142,Per Lövfors,"Swedish association football player, played for AIK, Mittfältare, active ? - ?",Q5,https://www.aikstats.se/player.php?id=1142
1150,Lars Rooth,"Swedish association football player, played for AIK, , active ? - ?",Q5,https://www.aikstats.se/player.php?id=1150
678,"Karl ""Timpa"" Simonsson","Swedish association football player, played for AIK, , active ? - ?",Q5,https://www.aikstats.se/player.php?id=678
493,Jan Adolfsson,"Swedish association football player, played for AIK, Målvakt, active 1968-1968",Q5,https://www.aikstats.se/player.php?id=493
1382,Fredrik Petersjö,"Swedish association football player, played for AIK, Back, active 1999- ?",Q5,https://www.aikstats.se/player.php?id=1382
396,Bengt Jönsson,"Swedish association football player, played for AIK, Vänsterinner, active ? - ?",Q5,https://www.aikstats.se/player.php?id=396
715,Wald. Lindén,"Swedish association football player, played for AIK, , active ? - ?",Q5,https://www.aikstats.se/player.php?id=715
541,"Leif ""Klingan"" Klingborg","Swedish association football player, played for AIK, Vänsterytter, active 1974-1975",Q5,https://www.aikstats.se/player.php?id=541
724,B Johansson,"Swedish association football player, played for AIK, , active ? - ?",Q5,https://www.aikstats.se/player.php?id=724
1020,Mattias Genc,"Swedish association football player, played for AIK, , active ? - ?",Q5,https://www.aikstats.se/player.php?id=1020
739,CA Holmberg,"Swedish association football player, played for AIK, , active ? - ?",Q5,https://www.aikstats.se/player.php?id=739
1414,Morgan Fehrling,"Swedish association football player, played for AIK, Mittback, active ? -2017",Q5,https://www.aikstats.se/player.php?id=1414
1493,Gösta Ekholm,"Swedish association football player, played for AIK, , active ? - ?",Q5,https://www.aikstats.se/player.php?id=1493
1256,Bo Anderberg,"Swedish association football player, played for AIK, , active ? -1974",Q5,https://www.aikstats.se/player.php?id=1256
845,Joakim Mattson,"Swedish association football player, played for AIK, , active ? - ?",Q5,https://www.aikstats.se/player.php?id=845
1041,Mehdi Khalil,"Swedish association football player, played for AIK, Målvakt, active ? - ?",Q5,https://www.aikstats.se/player.php?id=1041
1050,Mathias Holm,"Swedish association football player, played for AIK, Ungdomstränare, active ? - ?",Q5,https://www.aikstats.se/player.php?id=1050
1444,Jens Gustafsson,"Swedish association football player, played for AIK, Assisterande tränare, active 2016-2016",Q5,https://www.aikstats.se/player.php?id=1444
1060,David Simbo,"Swedish association football player, played for AIK, , active ? - ?",Q5,https://www.aikstats.se/player.php?id=1060
788,Jesper Lindgren,"Swedish association football player, played for AIK, , active ? - ?",Q5,https://www.aikstats.se/player.php?id=788
1068,John Junior,"Swedish association football player, played for AIK, , active ? - ?",Q5,https://www.aikstats.se/player.php?id=1068
797,Pontus Farnerud,"Swedish association football player, played for AIK, , active ? - ?",Q5,https://www.aikstats.se/player.php?id=797
906,Sandro Catenacci,"Swedish association football player, played for AIK, , active ? - ?",Q5,https://www.aikstats.se/player.php?id=906
1461,Martin Falk,"Swedish association football player, played for AIK, Tränare, active 2018-2020",Q5,https://www.aikstats.se/player.php?id=1461
1469,Den saknade generationen,"Swedish association football player, played for AIK, Supporter, active ? - ?",Q5,https://www.aikstats.se/player.php?id=1469
922,Sebastian Hansen,"Swedish association football player, played for AIK, , active ? - ?",Q5,https://www.aikstats.se/player.php?id=922
1094,Simon Strand,"Swedish association football player, played for AIK, Supporter, active ? - ?",Q5,https://www.aikstats.se/player.php?id=1094
932,Elis Juhlin,"Swedish association football player, played for AIK, , active ? - ?",Q5,https://www.aikstats.se/player.php?id=932
941,Hannes Sigurdsson,"Swedish association football player, played for AIK, , active ? - ?",Q5,https://www.aikstats.se/player.php?id=941
950,Alagie Sosseh,"Swedish association football player, played for AIK, , active ? - ?",Q5,https://www.aikstats.se/player.php?id=950
1121,Leo Hjulström,"Swedish association football player, played for AIK, Back, active ? - ?",Q5,https://www.aikstats.se/player.php?id=1121
958,Paulinho Guará,"Swedish association football player, played for AIK, Forward, active ? - ?",Q5,https://www.aikstats.se/player.php?id=958
1130,Thomas Persson,"Swedish association football player, played for AIK, , active ? - ?",Q5,https://www.aikstats.se/player.php?id=1130
966,Gerry Peyton,"Swedish association football player, played for AIK, Målvaktstränare, active ? - ?",Q5,https://www.aikstats.se/player.php?id=966
1139,Christoffer Bodin,"Swedish association football player, played for AIK, AIK Media, active ? - ?",Q5,https://www.aikstats.se/player.php?id=1139
1371,Lajos Szendrődi,"Swedish association football player, played for AIK, Tränare, active 1960-1961",Q5,https://www.aikstats.se/player.php?id=1371
983,Henrik Dunge,"Swedish association football player, played for AIK, , active ? - ?",Q5,https://www.aikstats.se/player.php?id=983
1155,Gustaf Eriksson,"Swedish association football player, played for AIK, Styrelsemedlem, AIK FF, active ? - ?",Q5,https://www.aikstats.se/player.php?id=1155
1379,"Nils ""Nisse"" Andersson","Swedish association football player, played for AIK, Tränare, active 1987-1987",Q5,https://www.aikstats.se/player.php?id=1379
1001,Roger Wikström,"Swedish association football player, played for AIK, , active 2011- ?",Q5,https://www.aikstats.se/player.php?id=1001
1395,Joachim Andersson,"Swedish association football player, played for AIK, Back, active 2000- ?",Q5,https://www.aikstats.se/player.php?id=1395
1009,Göran Lööv,"Swedish association football player, played for AIK, Styrelsemedlem, active ? -2010",Q5,https://www.aikstats.se/player.php?id=1009
820,Erik Hamrén,"Swedish association football player, played for AIK, Tränare, active 1995-1997",Q5,https://www.aikstats.se/player.php?id=820
1017,Haisem Ismail,"Swedish association football player, played for AIK, Vänsterback, active ? - ?",Q5,https://www.aikstats.se/player.php?id=1017
833,"Lars ""Lasse"" Granqvist","Swedish association football player, played for AIK, Radiopratare och AIK:are, active ? - ?",Q5,https://www.aikstats.se/player.php?id=833
1252,Sean O’Shea,"Swedish association football player, played for AIK, Assisterande tränare, active ? -2019",Q5,https://www.aikstats.se/player.php?id=1252
766,Nicklas Rönn,"Swedish association football player, played for AIK, Målvakt, active 2009-2009",Q5,https://www.aikstats.se/player.php?id=766
1432,Andreas Janmyr,"Swedish association football player, played for AIK, Assisterande tränare, active 2021-2022",Q5,https://www.aikstats.se/player.php?id=1432
1046,Aljaz Struna,"Swedish association football player, played for AIK, Yttermittfältare, active ? - ?",Q5,https://www.aikstats.se/player.php?id=1046
26,Självmål,"Swedish association football player, played for AIK, Forward, active 1891- ?",Q5,https://www.aikstats.se/player.php?id=26
858,Mats Björeskog,"Swedish association football player, played for AIK, VD, active ? - ?",Q5,https://www.aikstats.se/player.php?id=858
1515,Johan Björkegren,"Swedish association football player, played for AIK, Forward, active ? - ?",Q5,https://www.aikstats.se/player.php?id=1515
1056,Christian Elkhoury,"Swedish association football player, played for AIK, , active ? - ?",Q5,https://www.aikstats.se/player.php?id=1056
785,Ammar Ahmed,"Swedish association football player, played for AIK, Mittfältare, active ? -2007",Q5,https://www.aikstats.se/player.php?id=785
793,Peter Ericsson,"Swedish association football player, played for AIK, Lagledare, active 2005-2010",Q5,https://www.aikstats.se/player.php?id=793
903,Joel Perovuo,"Swedish association football player, played for AIK, Innermittfältare, active ? - ?",Q5,https://www.aikstats.se/player.php?id=903
1458,André Esper,"Swedish association football player, played for AIK, Back, active ? - ?",Q5,https://www.aikstats.se/player.php?id=1458
1074,Philip Aremu,"Swedish association football player, played for AIK, , active ? - ?",Q5,https://www.aikstats.se/player.php?id=1074
802,Bertil Sandström,"Swedish association football player, played for AIK, , active ? - ?",Q5,https://www.aikstats.se/player.php?id=802
1539,Håkan Sjöberg,"Swedish association football player, played for AIK, Materialförvaltare, active 2017- ?",Q5,https://www.aikstats.se/player.php?id=1539
919,Mats Gustavsson,"Swedish association football player, played for AIK, , active ? -2010",Q5,https://www.aikstats.se/player.php?id=919
1091,Lars Ekholmer,"Swedish association football player, played for AIK, Styrelsemedlem, AIK Fotboll AB, active 2012-2013",Q5,https://www.aikstats.se/player.php?id=1091
938,Simon Lundgren,"Swedish association football player, played for AIK, , active ? - ?",Q5,https://www.aikstats.se/player.php?id=938
1108,Uchenna Ike,"Swedish association football player, played for AIK, , active ? - ?",Q5,https://www.aikstats.se/player.php?id=1108
85,Kristoffer Alfredsson,"Swedish association football player, played for AIK, Målvakt, active 2003-2003",Q5,https://www.aikstats.se/player.php?id=85
1118,Birger Nilsson,"Swedish association football player, played for AIK, , active 1928-1941",Q5,https://www.aikstats.se/player.php?id=1118
1166,Obren Čučković,"Swedish association football player, played for AIK, Målvakt, active ? - ?",Q5,https://www.aikstats.se/player.php?id=1166
955,Petter Hansson,"Swedish association football player, played for AIK, , active ? - ?",Q5,https://www.aikstats.se/player.php?id=955
1127,David Ehlton,"Swedish association football player, played for AIK, , active ? - ?",Q5,https://www.aikstats.se/player.php?id=1127
1352,Nicolaus Elfström,"Swedish association football player, played for AIK, Mittfältare, active ? -2018",Q5,https://www.aikstats.se/player.php?id=1352
963,Henrik Rydström,"Swedish association football player, played for AIK, , active ? - ?",Q5,https://www.aikstats.se/player.php?id=963
1190,Henrik Jurelius,"Swedish association football player, played for AIK, Koordinator, active 2010-2022",Q5,https://www.aikstats.se/player.php?id=1190
1368,István Wampetits,"Swedish association football player, played for AIK, Tränare, active 1945-1948",Q5,https://www.aikstats.se/player.php?id=1368
1376,Lars-Oscar Nilsson,"Swedish association football player, played for AIK, Tränare, active 1976-1976",Q5,https://www.aikstats.se/player.php?id=1376
1392,Anders Hamberg,"Swedish association football player, played for AIK, Forward, active 2001-2012",Q5,https://www.aikstats.se/player.php?id=1392
1006,Mikael Hagman,"Swedish association football player, played for AIK, Styrelsemedlem, active 2006- ?",Q5,https://www.aikstats.se/player.php?id=1006
817,David Wilson,"Swedish association football player, played for AIK, Tränare, active ? - ?",Q5,https://www.aikstats.se/player.php?id=817
1014,Jimmy Wallingstam,"Swedish association football player, played for AIK, , active 2000-2002",Q5,https://www.aikstats.se/player.php?id=1014
1234,"Leonardo ""Leo"" Garroz","Swedish association football player, played for AIK, Forward, active 2014-2019",Q5,https://www.aikstats.se/player.php?id=1234
825,Per Bystedt,"Swedish association football player, played for AIK, Styrelseordförande, active 2004-2010",Q5,https://www.aikstats.se/player.php?id=825
1027,Victor Capel,"Swedish association football player, played for AIK, , active ? - ?",Q5,https://www.aikstats.se/player.php?id=1027
839,Annela Yderberg,"Swedish association football player, played for AIK, VD, active 2008-2012",Q5,https://www.aikstats.se/player.php?id=839
1035,Oskar Andersson,"Swedish association football player, played for AIK, Mittback, active ? - ?",Q5,https://www.aikstats.se/player.php?id=1035
762,Olle Nordin,"Swedish association football player, played for AIK, Tränare, active 2001-2002",Q5,https://www.aikstats.se/player.php?id=762
847,Luis Oyarzo,"Swedish association football player, played for AIK, Naprapat, active 2009-2021",Q5,https://www.aikstats.se/player.php?id=847
1052,Abdi Yusuf,"Swedish association football player, played for AIK, , active ? - ?",Q5,https://www.aikstats.se/player.php?id=1052
1284,Magnus Käck,"Swedish association football player, played for AIK, , active ? - ?",Q5,https://www.aikstats.se/player.php?id=1284
899,"Publiken ""Black Army""","Swedish association football player, played for AIK, Läktaren, active 1891- ?",Q5,https://www.aikstats.se/player.php?id=899
1071,Mohamed Bangura,"Swedish association football player, played for AIK, , active ? - ?",Q5,https://www.aikstats.se/player.php?id=1071
908,Magnus Lind,"Swedish association football player, played for AIK, Läkare, active 2009- ?",Q5,https://www.aikstats.se/player.php?id=908
916,Peter Rosendal,"Swedish association football player, played for AIK, Målvakt, active ? - ?",Q5,https://www.aikstats.se/player.php?id=916
1088,Johan Cederbrant,"Swedish association football player, played for AIK, Marknadschef, active 2005-2012",Q5,https://www.aikstats.se/player.php?id=1088
924,Jerry Bengtson,"Swedish association football player, played for AIK, Forward, active ? - ?",Q5,https://www.aikstats.se/player.php?id=924
1096,Abdou-Fatawou Dodja,"Swedish association football player, played for AIK, Forward, active ? - ?",Q5,https://www.aikstats.se/player.php?id=1096
1105,Anthony Allison,"Swedish association football player, played for AIK, Forward, active ? - ?",Q5,https://www.aikstats.se/player.php?id=1105
943,Nenad Marinković,"Swedish association football player, played for AIK, Mittfältare, active ? - ?",Q5,https://www.aikstats.se/player.php?id=943
1163,Simon Nurme,"Swedish association football player, played for AIK, Målvakt, active ? - ?",Q5,https://www.aikstats.se/player.php?id=1163
952,Mattias Gillhart,"Swedish association football player, played for AIK, , active ? - ?",Q5,https://www.aikstats.se/player.php?id=952
960,Wanderson do Carmo,"Swedish association football player, played for AIK, , active ? - ?",Q5,https://www.aikstats.se/player.php?id=960
969,Erik Sundin,"Swedish association football player, played for AIK, , active 1985-2001",Q5,https://www.aikstats.se/player.php?id=969
1365,Ferdinand Humenberger,"Swedish association football player, played for AIK, Tränare, active 1930-1932",Q5,https://www.aikstats.se/player.php?id=1365
1196,Isidor Behrens,"Swedish association football player, played for AIK, Grundare, active ? - ?",Q5,https://www.aikstats.se/player.php?id=1196
1373,Torsten Lindberg,"Swedish association football player, played for AIK, Tränare, active 1969-1970",Q5,https://www.aikstats.se/player.php?id=1373
985,Filip Tronêt,"Swedish association football player, played for AIK, Forward, active ? - ?",Q5,https://www.aikstats.se/player.php?id=985
994,Mia Pettersson,"Swedish association football player, played for AIK, , active 1997-1999",Q5,https://www.aikstats.se/player.php?id=994
805,Lennart Sjögran,"Swedish association football player, played for AIK, , active ? - ?",Q5,https://www.aikstats.se/player.php?id=805
1389,Tommy Dagostino,"Swedish association football player, played for AIK, Målvakt, active 1999- ?",Q5,https://www.aikstats.se/player.php?id=1389
1003,William Amamoo,"Swedish association football player, played for AIK, , active ? - ?",Q5,https://www.aikstats.se/player.php?id=1003
814,Eddie Gustafsson,"Swedish association football player, played for AIK, Målvakt, active ? - ?",Q5,https://www.aikstats.se/player.php?id=814
1011,"Tommy ""Fröken"" Bäckman","Swedish association football player, played for AIK, , active 1995-1996",Q5,https://www.aikstats.se/player.php?id=1011
822,Dušan Uhrin,"Swedish association football player, played for AIK, Tränare, active 2002-2002",Q5,https://www.aikstats.se/player.php?id=822
830,Peter Wennberg,"Swedish association football player, played for AIK, Tränare, active 2022- ?",Q5,https://www.aikstats.se/player.php?id=830
1492,David Ekholm,"Swedish association football player, played for AIK, , active ? - ?",Q5,https://www.aikstats.se/player.php?id=1492
1032,Oliver Simic,"Swedish association football player, played for AIK, , active ? - ?",Q5,https://www.aikstats.se/player.php?id=1032
1254,Lars Wretman,"Swedish association football player, played for AIK, , active ? - ?",Q5,https://www.aikstats.se/player.php?id=1254
844,Christer Lans-Persson,"Swedish association football player, played for AIK, , active ? - ?",Q5,https://www.aikstats.se/player.php?id=844
1040,John Wall,"Swedish association football player, played for AIK, , active 2010-2013",Q5,https://www.aikstats.se/player.php?id=1040
1049,Robert Arreman,"Swedish association football player, played for AIK, Ungdomstränare, active ? - ?",Q5,https://www.aikstats.se/player.php?id=1049
1443,Godar Kabali,"Swedish association football player, played for AIK, Yttermittfältare, active 2016-2017",Q5,https://www.aikstats.se/player.php?id=1443
1517,"Ruben ""Massa"" Gelbord","Swedish association football player, played for AIK, , active ? - ?",Q5,https://www.aikstats.se/player.php?id=1517
1058,Norlla Amiri,"Swedish association football player, played for AIK, , active ? - ?",Q5,https://www.aikstats.se/player.php?id=1058
787,Sophie Josefsson,"Swedish association football player, played for AIK, Kommunikationschef, active 2007-2012",Q5,https://www.aikstats.se/player.php?id=787
1067,Branimir Hrgota,"Swedish association football player, played for AIK, , active ? - ?",Q5,https://www.aikstats.se/player.php?id=1067
1292,Lars Edin,"Swedish association football player, played for AIK, , active ? - ?",Q5,https://www.aikstats.se/player.php?id=1292
795,Karol Zyto,"Swedish association football player, played for AIK, Läkare, active 2005-2018",Q5,https://www.aikstats.se/player.php?id=795
905,Philip Haglund,"Swedish association football player, played for AIK, , active ? - ?",Q5,https://www.aikstats.se/player.php?id=905
1076,Thomas Edselius,"Swedish association football player, played for AIK, Ekonomichef, active 2011-2012",Q5,https://www.aikstats.se/player.php?id=1076
52,Jesper Winzerling,"Swedish association football player, played for AIK, Forward, active 2000- ?",Q5,https://www.aikstats.se/player.php?id=52
1541,F Velander,"Swedish association football player, played for AIK, , active ? - ?",Q5,https://www.aikstats.se/player.php?id=1541
1085,Oskar Cederling,"Swedish association football player, played for AIK, Back, active ? - ?",Q5,https://www.aikstats.se/player.php?id=1085
921,Jael Ferreira,"Swedish association football player, played for AIK, , active ? - ?",Q5,https://www.aikstats.se/player.php?id=921
1476,Andreas Brännström,"Swedish association football player, played for AIK, Tränare, active 2023- ?",Q5,https://www.aikstats.se/player.php?id=1476
1093,Mikael Ishak,"Swedish association football player, played for AIK, , active ? - ?",Q5,https://www.aikstats.se/player.php?id=1093
930,O Wallentin,"Swedish association football player, played for AIK, , active ? - ?",Q5,https://www.aikstats.se/player.php?id=930
1102,Ishmail Koroma,"Swedish association football player, played for AIK, Mittback, active ? - ?",Q5,https://www.aikstats.se/player.php?id=1102
1120,Niklas Nestlander,"Swedish association football player, played for AIK, , active ? - ?",Q5,https://www.aikstats.se/player.php?id=1120
957,Tom Wiking,"Swedish association football player, played for AIK, , active ? - ?",Q5,https://www.aikstats.se/player.php?id=957
1129,Robert Svanström,"Swedish association football player, played for AIK, , active ? - ?",Q5,https://www.aikstats.se/player.php?id=1129
965,Charlie Granfeldt,"Swedish association football player, played for AIK, , active ? - ?",Q5,https://www.aikstats.se/player.php?id=965
1138,Henrik Koch,"Swedish association football player, played for AIK, Säkerhetsansvarig, active ? - ?",Q5,https://www.aikstats.se/player.php?id=1138
1362,Rasmus Mattsson,"Swedish association football player, played for AIK, Mittfältare, active ? - ?",Q5,https://www.aikstats.se/player.php?id=1362
1192,Pétur Þorsteinsson,"Swedish association football player, played for AIK, Back, active 2015- ?",Q5,https://www.aikstats.se/player.php?id=1192
1370,Frank Soo,"Swedish association football player, played for AIK, Tränare, active 1958-1958",Q5,https://www.aikstats.se/player.php?id=1370
982,"Mats ""AIK-trubaduren"" Hellberg","Swedish association football player, played for AIK, Scenen, active ? - ?",Q5,https://www.aikstats.se/player.php?id=982
1154,Christer Danielsson,"Swedish association football player, played for AIK, Styrelsemedlem, AIK FF, active ? - ?",Q5,https://www.aikstats.se/player.php?id=1154
1378,"Frederick ""Fred"" Spiksley","Swedish association football player, played for AIK, Tränare, active 1911-1911",Q5,https://www.aikstats.se/player.php?id=1378
991,Johnny Nilsson,"Swedish association football player, played for AIK, Fysiolog, active 2011-2014",Q5,https://www.aikstats.se/player.php?id=991
700,Nicolas Escobar,"Swedish association football player, played for AIK, , active 2007-2008",Q5,https://www.aikstats.se/player.php?id=700
810,Tobias Eriksson,"Swedish association football player, played for AIK, Mittfältare, active ? - ?",Q5,https://www.aikstats.se/player.php?id=810
1394,Robin Mattsson,"Swedish association football player, played for AIK, Målvakt, active 2004- ?",Q5,https://www.aikstats.se/player.php?id=1394
1008,Thomas Gravius,"Swedish association football player, played for AIK, Styrelsemedlem, active 2011-2012",Q5,https://www.aikstats.se/player.php?id=1008
1228,Krsto Beko,"Swedish association football player, played for AIK, Mittfältare, active ? -2018",Q5,https://www.aikstats.se/player.php?id=1228
1016,Lukas Syberyjski,"Swedish association football player, played for AIK, Scout, active 2007-2017",Q5,https://www.aikstats.se/player.php?id=1016
827,"Alexander ""Alex"" Axén","Swedish association football player, played for AIK, , active ? - ?",Q5,https://www.aikstats.se/player.php?id=827
832,Christer Youssef,"Swedish association football player, played for AIK, Vänsterytter, active ? - ?",Q5,https://www.aikstats.se/player.php?id=832
1251,Joar Bach,"Swedish association football player, played for AIK, Assisterande naprapat, active ? -2018",Q5,https://www.aikstats.se/player.php?id=1251
765,Richard Money,"Swedish association football player, played for AIK, Tränare, active 2003-2004",Q5,https://www.aikstats.se/player.php?id=765
1045,Ilija Juvkovic,"Swedish association football player, played for AIK, Yttermittfältare, active ? - ?",Q5,https://www.aikstats.se/player.php?id=1045
773,Björn Wesström,"Swedish association football player, played for AIK, Scoutingchef, active 1999-2021",Q5,https://www.aikstats.se/player.php?id=773
857,Lennart Andersson,"Swedish association football player, played for AIK, Högerytter, active ? - ?",Q5,https://www.aikstats.se/player.php?id=857
893,Markus Ekenberg,"Swedish association football player, played for AIK, , active ? - ?",Q5,https://www.aikstats.se/player.php?id=893
1449,Mirza Hasanbegovic,"Swedish association football player, played for AIK, Forward, active ? -2020",Q5,https://www.aikstats.se/player.php?id=1449
801,Chrippe Persson,"Swedish association football player, played for AIK, , active ? - ?",Q5,https://www.aikstats.se/player.php?id=801
910,Erik Börjesson,"Swedish association football player, played for AIK, Fysrådgivare, active 2007-2010",Q5,https://www.aikstats.se/player.php?id=910
1465,Leo Ledin,"Swedish association football player, played for AIK, Målvakt, active ? - ?",Q5,https://www.aikstats.se/player.php?id=1465
918,Espen Johnsen,"Swedish association football player, played for AIK, , active ? - ?",Q5,https://www.aikstats.se/player.php?id=918
1090,Rickard Henze,"Swedish association football player, played for AIK, Styrelsemedlem, AIK Fotboll AB, active ? - ?",Q5,https://www.aikstats.se/player.php?id=1090
926,Jens Andersson,"Swedish association football player, played for AIK, Scoutingchef, active 2007-2019",Q5,https://www.aikstats.se/player.php?id=926
937,Philip Gustavsson,"Swedish association football player, played for AIK, , active ? - ?",Q5,https://www.aikstats.se/player.php?id=937
1107,Labinot Harbuzi,"Swedish association football player, played for AIK, Innermittfältare, active ? - ?",Q5,https://www.aikstats.se/player.php?id=1107
1117,Simon Leonidsson,"Swedish association football player, played for AIK, , active ? - ?",Q5,https://www.aikstats.se/player.php?id=1117
954,"Tomas ""Tommy"" Söderberg","Swedish association football player, played for AIK, Tränare, active 1991-1993",Q5,https://www.aikstats.se/player.php?id=954
962,Jesper Westerberg,"Swedish association football player, played for AIK, , active ? - ?",Q5,https://www.aikstats.se/player.php?id=962
1189,Henrik Nyhus,"Swedish association football player, played for AIK, Naprapatassistent, active 2014-2016",Q5,https://www.aikstats.se/player.php?id=1189
1367,Václav Simon,"Swedish association football player, played for AIK, Tränare, active 1940-1944",Q5,https://www.aikstats.se/player.php?id=1367
1375,Keith Spurgeon,"Swedish association football player, played for AIK, Tränare, active 1970-1970",Q5,https://www.aikstats.se/player.php?id=1375
996,Simon Werner,"Swedish association football player, played for AIK, , active ? - ?",Q5,https://www.aikstats.se/player.php?id=996
1005,Mats Carlsson,"Swedish association football player, played for AIK, Styrelsemedlem, active 2005-2013",Q5,https://www.aikstats.se/player.php?id=1005
816,Daniel Nannskog,"Swedish association football player, played for AIK, Forward, active ? - ?",Q5,https://www.aikstats.se/player.php?id=816
1013,"Patrik ""Tjocka feta"" Karlsson","Swedish association football player, played for AIK, , active 1993-1993",Q5,https://www.aikstats.se/player.php?id=1013
838,Mustafa Özmen,"Swedish association football player, played for AIK, , active ? - ?",Q5,https://www.aikstats.se/player.php?id=838
1494,Thomas Berntsen,"Swedish association football player, played for AIK, Sportchef, active 2023- ?",Q5,https://www.aikstats.se/player.php?id=1494
1034,Erik Saers,"Swedish association football player, played for AIK, Ekonomichef, active 2011-2011",Q5,https://www.aikstats.se/player.php?id=1034
846,Tomas Fransson,"Swedish association football player, played for AIK, Naprapat, active 1995- ?",Q5,https://www.aikstats.se/player.php?id=846
854,Mikael Gustavsson,"Swedish association football player, played for AIK, , active ? - ?",Q5,https://www.aikstats.se/player.php?id=854
1051,Damon Fard,"Swedish association football player, played for AIK, Mittfältare, active ? -2013",Q5,https://www.aikstats.se/player.php?id=1051
1061,Patrick Osiako,"Swedish association football player, played for AIK, , active ? - ?",Q5,https://www.aikstats.se/player.php?id=1061
789,Fredrik Helenius,"Swedish association football player, played for AIK, , active ? - ?",Q5,https://www.aikstats.se/player.php?id=789
898,Gustav Jansson,"Swedish association football player, played for AIK, , active ? - ?",Q5,https://www.aikstats.se/player.php?id=898
907,Stefan Lindblom,"Swedish association football player, played for AIK, , active ? - ?",Q5,https://www.aikstats.se/player.php?id=907
1087,Tobias Wennergrund,"Swedish association football player, played for AIK, Målvakt, active ? - ?",Q5,https://www.aikstats.se/player.php?id=1087
1478,Elias Ziani,"Swedish association football player, played for AIK, Back, active ? - ?",Q5,https://www.aikstats.se/player.php?id=1478
1095,Tom Bongay,"Swedish association football player, played for AIK, Forward, active ? - ?",Q5,https://www.aikstats.se/player.php?id=1095
933,Jesper Christiansen,"Swedish association football player, played for AIK, , active ? - ?",Q5,https://www.aikstats.se/player.php?id=933
1332,Kevin Kabran,"Swedish association football player, played for AIK, Mittfältare, active ? - ?",Q5,https://www.aikstats.se/player.php?id=1332
1162,Christian Frealdsson,"Swedish association football player, played for AIK, Målvakt, active 2013-2013",Q5,https://www.aikstats.se/player.php?id=1162
1122,Daniel Wilhelmsson,"Swedish association football player, played for AIK, , active ? - ?",Q5,https://www.aikstats.se/player.php?id=1122
959,Laurent Manuel,"Swedish association football player, played for AIK, , active ? - ?",Q5,https://www.aikstats.se/player.php?id=959
1356,Gustav Nyberg,"Swedish association football player, played for AIK, Målvakt, active ? -2018",Q5,https://www.aikstats.se/player.php?id=1356
967,Filip Burkhardt,"Swedish association football player, played for AIK, , active ? - ?",Q5,https://www.aikstats.se/player.php?id=967
1140,"Eyasu ""Lillen"" Alemayehu","Swedish association football player, played for AIK, Forward, active ? -2013",Q5,https://www.aikstats.se/player.php?id=1140
1194,"Patrik ""Palle"" Bodin","Swedish association football player, played for AIK, Statistiker, active ? - ?",Q5,https://www.aikstats.se/player.php?id=1194
1372,"Hilding ""Moggli"" Gustafsson","Swedish association football player, played for AIK, Tränare, active 1962-1964",Q5,https://www.aikstats.se/player.php?id=1372
984,Ronnie Smith,"Swedish association football player, played for AIK, Styrelsemedlem, active 2002-2005",Q5,https://www.aikstats.se/player.php?id=984
1156,Ulf Kristiansson,"Swedish association football player, played for AIK, Assisterande tränare, active 2001-2003",Q5,https://www.aikstats.se/player.php?id=1156
993,"Stefan ""Hatten"" Söderberg","Swedish association football player, played for AIK, , active 1990-2006",Q5,https://www.aikstats.se/player.php?id=993
1002,Bo Augustsson,"Swedish association football player, played for AIK, , active 2011-2012",Q5,https://www.aikstats.se/player.php?id=1002
812,Nordin Gerzić,"Swedish association football player, played for AIK, Mittfältare, active ? - ?",Q5,https://www.aikstats.se/player.php?id=812
1396,Max Zetterberg,"Swedish association football player, played for AIK, Back, active 2000- ?",Q5,https://www.aikstats.se/player.php?id=1396
1010,Emilia Reimer,"Swedish association football player, played for AIK, Styrelsemedlem, active ? -2010",Q5,https://www.aikstats.se/player.php?id=1010
821,Stuart Baxter,"Swedish association football player, played for AIK, Tränare, active 1998-2012",Q5,https://www.aikstats.se/player.php?id=821
1018,Sunday Bale,"Swedish association football player, played for AIK, Forward, active ? - ?",Q5,https://www.aikstats.se/player.php?id=1018
829,Christer Swärd,"Swedish association football player, played for AIK, Assisterande tränare, active 2008-2015",Q5,https://www.aikstats.se/player.php?id=829
1244,Nils-Yngve Bolling,"Swedish association football player, played for AIK, , active ? - ?",Q5,https://www.aikstats.se/player.php?id=1244
835,Yussif Chibsah,"Swedish association football player, played for AIK, Mittfältare, active ? - ?",Q5,https://www.aikstats.se/player.php?id=835
1417,Dejan Vitcovic,"Swedish association football player, played for AIK, Målvakt, active ? -2016",Q5,https://www.aikstats.se/player.php?id=1417
859,Sune Hellströmer,"Swedish association football player, played for AIK, , active 1999-2000",Q5,https://www.aikstats.se/player.php?id=859
1442,Manuel Lindberg,"Swedish association football player, played for AIK, Klubbdirektör, active 2022- ?",Q5,https://www.aikstats.se/player.php?id=1442
1057,Daniel Opolski,"Swedish association football player, played for AIK, , active ? - ?",Q5,https://www.aikstats.se/player.php?id=1057
786,Emil Karabuda,"Swedish association football player, played for AIK, , active ? - ?",Q5,https://www.aikstats.se/player.php?id=786
1066,Alfred Koroma,"Swedish association football player, played for AIK, , active ? - ?",Q5,https://www.aikstats.se/player.php?id=1066
794,Oskar Skatt,"Swedish association football player, played for AIK, Naprapat, active ? - ?",Q5,https://www.aikstats.se/player.php?id=794
51,Peter Björklund,"Swedish association football player, played for AIK, Forward, active 2005-2005",Q5,https://www.aikstats.se/player.php?id=51
1092,Jan-Carl de Geer,"Swedish association football player, played for AIK, Styrelsemedlem, AIK FF, active ? - ?",Q5,https://www.aikstats.se/player.php?id=1092
929,"Sigfrid ""Sigge"" Stenberg","Swedish association football player, played for AIK, Tränare, active 1896- ?",Q5,https://www.aikstats.se/player.php?id=929
1101,David Accam,"Swedish association football player, played for AIK, , active ? - ?",Q5,https://www.aikstats.se/player.php?id=1101
939,"Alexander ""Alex"" Miller","Swedish association football player, played for AIK, Huvudtränare, active 2010-2010",Q5,https://www.aikstats.se/player.php?id=939
1119,Petter Thelin,"Swedish association football player, played for AIK, , active ? - ?",Q5,https://www.aikstats.se/player.php?id=1119
1345,Alan Naib,"Swedish association football player, played for AIK, Forward, active ? -2018",Q5,https://www.aikstats.se/player.php?id=1345
956,Johan Segui,"Swedish association football player, played for AIK, Styrelseordförande, AIK FF, active 1990-2016",Q5,https://www.aikstats.se/player.php?id=956
1128,Patrik Wickman,"Swedish association football player, played for AIK, , active ? - ?",Q5,https://www.aikstats.se/player.php?id=1128
964,Jamal Mohammed,"Swedish association football player, played for AIK, , active ? - ?",Q5,https://www.aikstats.se/player.php?id=964
1361,Daniel Lundquist,"Swedish association football player, played for AIK, Målvakt, active ? -2019",Q5,https://www.aikstats.se/player.php?id=1361
1369,George Raynor,"Swedish association football player, played for AIK, Tränare, active 1948-1952",Q5,https://www.aikstats.se/player.php?id=1369
981,"Ivar ""Iffa"" Carlesson","Swedish association football player, played for AIK, Forward, active ? - ?",Q5,https://www.aikstats.se/player.php?id=981
1153,Manfred Aronsson,"Swedish association football player, played for AIK, Styrelsemedlem, AIK FF, active ? - ?",Q5,https://www.aikstats.se/player.php?id=1153
1377,Gunnar Nordahl,"Swedish association football player, played for AIK, Tränare, active 1977-1978",Q5,https://www.aikstats.se/player.php?id=1377
990,Charlie Mian,"Swedish association football player, played for AIK, Lagledare, active 2010-2012",Q5,https://www.aikstats.se/player.php?id=990
999,Adam Bergkvist,"Swedish association football player, played for AIK, , active 1998- ?",Q5,https://www.aikstats.se/player.php?id=999
809,"Lennart ""Fat Cat"" Johansson","Swedish association football player, played for AIK, Hedersordförande, active 1960-1980",Q5,https://www.aikstats.se/player.php?id=809
1393,Martin Erlandsson,"Swedish association football player, played for AIK, Forward, active 2002-2012",Q5,https://www.aikstats.se/player.php?id=1393
1007,Per Hägerö,"Swedish association football player, played for AIK, Styrelsemedlem, active 2010- ?",Q5,https://www.aikstats.se/player.php?id=1007
818,Stefan Batan,"Swedish association football player, played for AIK, , active 2005-2005",Q5,https://www.aikstats.se/player.php?id=818
1015,Gösta Mölleby,"Swedish association football player, played for AIK, , active 1981-1983",Q5,https://www.aikstats.se/player.php?id=1015
826,Labinot Kelmendi,"Swedish association football player, played for AIK, Mittfältare, active ? - ?",Q5,https://www.aikstats.se/player.php?id=826
1250,Teferi Tedla,"Swedish association football player, played for AIK, Assisterande naprapat, active ? -2018",Q5,https://www.aikstats.se/player.php?id=1250
848,Niklas Andersson,"Swedish association football player, played for AIK, Materialförvaltare, active 2008- ?",Q5,https://www.aikstats.se/player.php?id=848
1044,Ivan Dahlbeck,"Swedish association football player, played for AIK, Målvakt, active ? - ?",Q5,https://www.aikstats.se/player.php?id=1044
1267,Liam Öhrberg,"Swedish association football player, played for AIK, Mittfältare, active 2018- ?",Q5,https://www.aikstats.se/player.php?id=1267
772,Thomas Lindholm,"Swedish association football player, played for AIK, Fystränare, active 2005-2009",Q5,https://www.aikstats.se/player.php?id=772
856,Ulf Schramm,"Swedish association football player, played for AIK, Lagledare, active 1974-1974",Q5,https://www.aikstats.se/player.php?id=856
1053,Burhan Khalif,"Swedish association football player, played for AIK, , active ? - ?",Q5,https://www.aikstats.se/player.php?id=1053
1448,Oscar Holmbergh,"Swedish association football player, played for AIK, Mittfältare, active ? -2016",Q5,https://www.aikstats.se/player.php?id=1448
1285,Senka Turina,"Swedish association football player, played for AIK, , active ? - ?",Q5,https://www.aikstats.se/player.php?id=1285
901,"Hans ""Hasse"" Backe","Swedish association football player, played for AIK, Tränare, active 1970-1995",Q5,https://www.aikstats.se/player.php?id=901
1072,Anton Forssell,"Swedish association football player, played for AIK, Mittfältare, active ? - ?",Q5,https://www.aikstats.se/player.php?id=1072
909,Bengt-Olov Tengmark,"Swedish association football player, played for AIK, Läkare, active 2010-2016",Q5,https://www.aikstats.se/player.php?id=909
1080,Mohammed Saied,"Swedish association football player, played for AIK, , active ? - ?",Q5,https://www.aikstats.se/player.php?id=1080
1472,Mesut Meral,"Swedish association football player, played for AIK, Matchanalytiker, active 2023- ?",Q5,https://www.aikstats.se/player.php?id=1472
1089,"Lars ""Lasse"" Pettersson","Swedish association football player, played for AIK, Evenemangsansvarig, active ? - ?",Q5,https://www.aikstats.se/player.php?id=1089
925,Thomas Lyth,"Swedish association football player, played for AIK, Styrelsemedlem, active ? -2010",Q5,https://www.aikstats.se/player.php?id=925
1097,Robert Limpar,"Swedish association football player, played for AIK, Grässkötare, active ? - ?",Q5,https://www.aikstats.se/player.php?id=1097
74,Rikard Norling,"Swedish association football player, played for AIK, Tränare, active 1996-2020",Q5,https://www.aikstats.se/player.php?id=74
1106,Dijan Vukojević,"Swedish association football player, played for AIK, Mittfältare, active ? - ?",Q5,https://www.aikstats.se/player.php?id=1106
945,Mohamed Kamara,"Swedish association football player, played for AIK, , active ? - ?",Q5,https://www.aikstats.se/player.php?id=945
953,Ralf Engström,"Swedish association football player, played for AIK, , active ? - ?",Q5,https://www.aikstats.se/player.php?id=953
1350,Cletus Nombil,"Swedish association football player, played for AIK, Mittfältare, active ? - ?",Q5,https://www.aikstats.se/player.php?id=1350
961,Magnus Bahne,"Swedish association football player, played for AIK, , active ? - ?",Q5,https://www.aikstats.se/player.php?id=961
970,Joel Enarsson,"Swedish association football player, played for AIK, , active ? - ?",Q5,https://www.aikstats.se/player.php?id=970
1188,Thomas Thudin,"Swedish association football player, played for AIK, Målvaktstränare, active 2015- ?",Q5,https://www.aikstats.se/player.php?id=1188
1366,Jimmy Elliott,"Swedish association football player, played for AIK, Tränare, active 1932-1934",Q5,https://www.aikstats.se/player.php?id=1366
1374,"Jens ""Lill-Lotta"" Lindblom","Swedish association football player, played for AIK, Tränare, active 1971-1979",Q5,https://www.aikstats.se/player.php?id=1374
986,Gzim Istrefi,"Swedish association football player, played for AIK, , active ? - ?",Q5,https://www.aikstats.se/player.php?id=986
995,Victor Forssell,"Swedish association football player, played for AIK, , active ? - ?",Q5,https://www.aikstats.se/player.php?id=995
1390,Marcus Albertsson,"Swedish association football player, played for AIK, Back, active ? - ?",Q5,https://www.aikstats.se/player.php?id=1390
1004,Lars-Göran Bergström,"Swedish association football player, played for AIK, , active 2008-2010",Q5,https://www.aikstats.se/player.php?id=1004
815,Mikael Stahre,"Swedish association football player, played for AIK, Tränare, active 1998-2010",Q5,https://www.aikstats.se/player.php?id=815
1398,Chiharu Stocklassa,"Swedish association football player, played for AIK, Mittfältare, active 2000- ?",Q5,https://www.aikstats.se/player.php?id=1398
1012,Bobo Sörensen,"Swedish association football player, played for AIK, , active 1994-1994",Q5,https://www.aikstats.se/player.php?id=1012
1241,Birger Bergqvist,"Swedish association football player, played for AIK, , active ? - ?",Q5,https://www.aikstats.se/player.php?id=1241
831,Omar Jawo,"Swedish association football player, played for AIK, Back, active ? - ?",Q5,https://www.aikstats.se/player.php?id=831
