id,name,desc,type,url,wikidata
569,"Abo-Shark, Mohamed","Swedish association football player, played for BoIS, born 1994-01-29",Q5,https://boishistoria.se/visa-data/?what=spelare&id=569&link=visa-data,
549,"Adelstam, Mattias","Swedish association football player, played for BoIS, born 1982-03-07",Q5,https://boishistoria.se/visa-data/?what=spelare&id=549&link=visa-data,
347,"Afzelius, Jan","Swedish association football player, played for BoIS, born 1952-03-02",Q5,https://boishistoria.se/visa-data/?what=spelare&id=347&link=visa-data,
6,"Aganovic, Admir","Swedish association football player, played for BoIS, born 1986-08-25",Q5,https://boishistoria.se/visa-data/?what=spelare&id=6&link=visa-data,
211,"Aguiar, Fernando","Swedish association football player, played for BoIS, born 1972-03-18",Q5,https://boishistoria.se/visa-data/?what=spelare&id=211&link=visa-data,
221,"Ahl, Fredrik","Swedish association football player, played for BoIS, born 1987-06-08",Q5,https://boishistoria.se/visa-data/?what=spelare&id=221&link=visa-data,
182,"Ahmetovic, Enis","Swedish association football player, played for BoIS, born 1992-01-26",Q5,https://boishistoria.se/visa-data/?what=spelare&id=182&link=visa-data,
734,"Ahnelöv, Sten","Swedish association football player, played for BoIS, born 1926-01-18",Q5,https://boishistoria.se/visa-data/?what=spelare&id=734&link=visa-data,
3561,"Ajakpoloho, Christian","Swedish association football player, played for BoIS, born 1993-01-01",Q5,https://boishistoria.se/visa-data/?what=spelare&id=3561&link=visa-data,
600,"Akpoveta, Ojevwe","Swedish association football player, played for BoIS, born 1993-07-15",Q5,https://boishistoria.se/visa-data/?what=spelare&id=600&link=visa-data,
665,"al Kurdi, Raslan","Swedish association football player, played for BoIS, born 1989-04-23",Q5,https://boishistoria.se/visa-data/?what=spelare&id=665&link=visa-data,
3754,"Al-Karkhi, Ramy","Swedish association football player, played for BoIS, born None",Q5,https://boishistoria.se/visa-data/?what=spelare&id=3754&link=visa-data,
17,"Albrechtsson, Gunnar","Swedish association football player, played for BoIS, born 1908-07-08",Q5,https://boishistoria.se/visa-data/?what=spelare&id=17&link=visa-data,
171,"Alcalde Tieles, Donato ""Tati""","Swedish association football player, played for BoIS, born 1964-01-22",Q5,https://boishistoria.se/visa-data/?what=spelare&id=171&link=visa-data,
469,"Algerbo, Lars-Göran","Swedish association football player, played for BoIS, born 1969-12-07",Q5,https://boishistoria.se/visa-data/?what=spelare&id=469&link=visa-data,
428,"Alin, Kevin","Swedish association football player, played for BoIS, born 1996-10-07",Q5,https://boishistoria.se/visa-data/?what=spelare&id=428&link=visa-data,
452,"Alm, Lars","Swedish association football player, played for BoIS, born 1954-04-01",Q5,https://boishistoria.se/visa-data/?what=spelare&id=452&link=visa-data,
666,"Alm, Rasmus","Swedish association football player, played for BoIS, born 1995-08-17",Q5,https://boishistoria.se/visa-data/?what=spelare&id=666&link=visa-data,
716,"Alm, Simon","Swedish association football player, played for BoIS, born 1990-11-07",Q5,https://boishistoria.se/visa-data/?what=spelare&id=716&link=visa-data,
3555,"Almadjed, Sumar","Swedish association football player, played for BoIS, born 1996-03-13",Q5,https://boishistoria.se/visa-data/?what=spelare&id=3555&link=visa-data,
441,"Almqvist, Knut","Swedish association football player, played for BoIS, born 1924-01-13",Q5,https://boishistoria.se/visa-data/?what=spelare&id=441&link=visa-data,
3482,"Almqvist, Reine","Swedish association football player, played for BoIS, born 1949-04-12",Q5,https://boishistoria.se/visa-data/?what=spelare&id=3482&link=visa-data,
721,"Alvén, Stefan","Swedish association football player, played for BoIS, born 1968-12-12",Q5,https://boishistoria.se/visa-data/?what=spelare&id=721&link=visa-data,
429,"Amuneke, Kevin","Swedish association football player, played for BoIS, born 1986-05-10",Q5,https://boishistoria.se/visa-data/?what=spelare&id=429&link=visa-data,
433,"Amuneke, Kingsley","Swedish association football player, played for BoIS, born 1980-07-26",Q5,https://boishistoria.se/visa-data/?what=spelare&id=433&link=visa-data,
163,"Andelic, Darko","Swedish association football player, played for BoIS, born 1969-09-11",Q5,https://boishistoria.se/visa-data/?what=spelare&id=163&link=visa-data,
217,"Anderberg, Frans ""Ziska""","Swedish association football player, played for BoIS, born 1893-07-30",Q5,https://boishistoria.se/visa-data/?what=spelare&id=217&link=visa-data,
239,"Anderberg, Gunnar","Swedish association football player, played for BoIS, born 1918-03-11",Q5,https://boishistoria.se/visa-data/?what=spelare&id=239&link=visa-data,
387,"Anderberg, John","Swedish association football player, played for BoIS, born 1923-02-25",Q5,https://boishistoria.se/visa-data/?what=spelare&id=387&link=visa-data,
127,"Anderson, Charles","Swedish association football player, played for BoIS, born 1985-12-28",Q5,https://boishistoria.se/visa-data/?what=spelare&id=127&link=visa-data,
66,"Andersson, Axel","Swedish association football player, played for BoIS, born 1901-04-23",Q5,https://boishistoria.se/visa-data/?what=spelare&id=66&link=visa-data,
115,"Andersson, Börje","Swedish association football player, played for BoIS, born 1924-12-01",Q5,https://boishistoria.se/visa-data/?what=spelare&id=115&link=visa-data,
141,"Andersson, Christian","Swedish association football player, played for BoIS, born 1978-06-17",Q5,https://boishistoria.se/visa-data/?what=spelare&id=141&link=visa-data,
831,"Andersson, Emil","Swedish association football player, played for BoIS, born 1893-03-21",Q5,https://boishistoria.se/visa-data/?what=spelare&id=831&link=visa-data,
186,"Andersson, Erik ""Eslöv""","Swedish association football player, played for BoIS, born 1906-04-21",Q5,https://boishistoria.se/visa-data/?what=spelare&id=186&link=visa-data,
185,"Andersson, Erik ""Fjösarn""","Swedish association football player, played for BoIS, born 1914-03-14",Q5,https://boishistoria.se/visa-data/?what=spelare&id=185&link=visa-data,
184,"Andersson, Erik ""1997""","Swedish association football player, played for BoIS, born 1997-05-03",Q5,https://boishistoria.se/visa-data/?what=spelare&id=184&link=visa-data,
253,"Andersson, Gustaf","Swedish association football player, played for BoIS, born 1979-11-06",Q5,https://boishistoria.se/visa-data/?what=spelare&id=253&link=visa-data,
274,"Andersson, Hans ""Håsa""","Swedish association football player, played for BoIS, born 1899-07-14",Q5,https://boishistoria.se/visa-data/?what=spelare&id=274&link=visa-data,
295,"Andersson, Helge","Swedish association football player, played for BoIS, born 1895-06-01",Q5,https://boishistoria.se/visa-data/?what=spelare&id=295&link=visa-data,
314,"Andersson, Hugo ""Fyran""","Swedish association football player, played for BoIS, born 1903-11-06",Q5,https://boishistoria.se/visa-data/?what=spelare&id=314&link=visa-data,
315,"Andersson, Hugo ""1965""","Swedish association football player, played for BoIS, born 1965-11-17",Q5,https://boishistoria.se/visa-data/?what=spelare&id=315&link=visa-data,
319,"Andersson, Håkan","Swedish association football player, played for BoIS, born 1972-10-30",Q5,https://boishistoria.se/visa-data/?what=spelare&id=319&link=visa-data,
340,"Andersson, Ivar","Swedish association football player, played for BoIS, born 1908-08-21",Q5,https://boishistoria.se/visa-data/?what=spelare&id=340&link=visa-data,
3456,"Andersson, Jakob","Swedish association football player, played for BoIS, born 1999-12-24",Q5,https://boishistoria.se/visa-data/?what=spelare&id=3456&link=visa-data,
348,"Andersson, Jan","Swedish association football player, played for BoIS, born 1949-03-13",Q5,https://boishistoria.se/visa-data/?what=spelare&id=348&link=visa-data,
376,"Andersson, Johan","Swedish association football player, played for BoIS, born 1983-08-22",Q5,https://boishistoria.se/visa-data/?what=spelare&id=376&link=visa-data,
446,"Andersson, Kurt ""Notting""","Swedish association football player, played for BoIS, born 1934-06-03",Q5,https://boishistoria.se/visa-data/?what=spelare&id=446&link=visa-data,
454,"Andersson, Lars 50","Swedish association football player, played for BoIS, born 1950-10-29",Q5,https://boishistoria.se/visa-data/?what=spelare&id=454&link=visa-data,
453,"Andersson, Lars 59","Swedish association football player, played for BoIS, born 1959-08-02",Q5,https://boishistoria.se/visa-data/?what=spelare&id=453&link=visa-data,
455,"Andersson, Lars 60","Swedish association football player, played for BoIS, born 1960-12-10",Q5,https://boishistoria.se/visa-data/?what=spelare&id=455&link=visa-data,
456,"Andersson, Lars 68","Swedish association football player, played for BoIS, born 1968-11-02",Q5,https://boishistoria.se/visa-data/?what=spelare&id=456&link=visa-data,
483,"Andersson, Lennart","Swedish association football player, played for BoIS, born 1947-04-09",Q5,https://boishistoria.se/visa-data/?what=spelare&id=483&link=visa-data,
533,"Andersson, Mathias","Swedish association football player, played for BoIS, born 1993-04-05",Q5,https://boishistoria.se/visa-data/?what=spelare&id=533&link=visa-data,
536,"Andersson, Mats 62","Swedish association football player, played for BoIS, born 1960-07-28",Q5,https://boishistoria.se/visa-data/?what=spelare&id=536&link=visa-data,
537,"Andersson, Mats 65","Swedish association football player, played for BoIS, born 1965-10-12",Q5,https://boishistoria.se/visa-data/?what=spelare&id=537&link=visa-data,
583,"Andersson, Niklas","Swedish association football player, played for BoIS, born 1965-04-25",Q5,https://boishistoria.se/visa-data/?what=spelare&id=583&link=visa-data,
589,"Andersson, Nils ""Trusse""","Swedish association football player, played for BoIS, born 1929-03-22",Q5,https://boishistoria.se/visa-data/?what=spelare&id=589&link=visa-data,
605,"Andersson, Olle","Swedish association football player, played for BoIS, born 1932-02-02",Q5,https://boishistoria.se/visa-data/?what=spelare&id=605&link=visa-data,
608,"Andersson, Olof","Swedish association football player, played for BoIS, born 1972-08-27",Q5,https://boishistoria.se/visa-data/?what=spelare&id=608&link=visa-data,
611,"Andersson, Oskar ""Gobben""","Swedish association football player, played for BoIS, born 1896-12-01",Q5,https://boishistoria.se/visa-data/?what=spelare&id=611&link=visa-data,
654,"Andersson, Philip","Swedish association football player, played for BoIS, born 1992-05-12",Q5,https://boishistoria.se/visa-data/?what=spelare&id=654&link=visa-data,
691,"Andersson, Rolf","Swedish association football player, played for BoIS, born 1929-10-05",Q5,https://boishistoria.se/visa-data/?what=spelare&id=691&link=visa-data,
722,"Andersson, Stefan","Swedish association football player, played for BoIS, born 1971-06-08",Q5,https://boishistoria.se/visa-data/?what=spelare&id=722&link=visa-data,
769,"Andersson, Thomas","Swedish association football player, played for BoIS, born 1978-08-07",Q5,https://boishistoria.se/visa-data/?what=spelare&id=769&link=visa-data,
780,"Andersson, Tim","Swedish association football player, played for BoIS, born 1989-08-01",Q5,https://boishistoria.se/visa-data/?what=spelare&id=780&link=visa-data,
814,"Andersson, Villie","Swedish association football player, played for BoIS, born 1926-06-09",Q5,https://boishistoria.se/visa-data/?what=spelare&id=814&link=visa-data,
820,"Andersson, Åke","Swedish association football player, played for BoIS, born 1926-03-01",Q5,https://boishistoria.se/visa-data/?what=spelare&id=820&link=visa-data,
597,"Andersson (Isberg), Nils-Åke","Swedish association football player, played for BoIS, born 1932-10-28",Q5,https://boishistoria.se/visa-data/?what=spelare&id=597&link=visa-data,
237,"Andrijevski, Greger","Swedish association football player, played for BoIS, born 1973-04-29",Q5,https://boishistoria.se/visa-data/?what=spelare&id=237&link=visa-data,
678,"Andrijevski, Robert","Swedish association football player, played for BoIS, born 1974-09-06",Q5,https://boishistoria.se/visa-data/?what=spelare&id=678&link=visa-data,
717,"Andrijevski, Simon","Swedish association football player, played for BoIS, born 1949-07-05",Q5,https://boishistoria.se/visa-data/?what=spelare&id=717&link=visa-data,
142,"Antoine, Christian","Swedish association football player, played for BoIS, born 1966-04-15",Q5,https://boishistoria.se/visa-data/?what=spelare&id=142&link=visa-data,
538,"Aronsson, Mats","Swedish association football player, played for BoIS, born 1951-08-16",Q5,https://boishistoria.se/visa-data/?what=spelare&id=538&link=visa-data,
328,"Arsenijevic, Igor","Swedish association football player, played for BoIS, born 1986-05-29",Q5,https://boishistoria.se/visa-data/?what=spelare&id=328&link=visa-data,
577,"Asanovski, Muamet","Swedish association football player, played for BoIS, born 1991-07-14",Q5,https://boishistoria.se/visa-data/?what=spelare&id=577&link=visa-data,
3732,"Asare, Kofi","Swedish association football player, played for BoIS, born 2002-05-31",Q5,https://boishistoria.se/visa-data/?what=spelare&id=3732&link=visa-data,
157,"Ask, Daniel","Swedish association football player, played for BoIS, born 1998-12-20",Q5,https://boishistoria.se/visa-data/?what=spelare&id=157&link=visa-data,
320,"Ask, Håkan","Swedish association football player, played for BoIS, born 1967-05-15",Q5,https://boishistoria.se/visa-data/?what=spelare&id=320&link=visa-data,
409,"Ask, Jörgen","Swedish association football player, played for BoIS, born 1958-07-07",Q5,https://boishistoria.se/visa-data/?what=spelare&id=409&link=visa-data,
781,"Ask, Tobias","Swedish association football player, played for BoIS, born 1986-08-23",Q5,https://boishistoria.se/visa-data/?what=spelare&id=781&link=visa-data,
349,"Asp, Jan","Swedish association football player, played for BoIS, born 1944-01-11",Q5,https://boishistoria.se/visa-data/?what=spelare&id=349&link=visa-data,
3556,"Asp, Jonathan","Swedish association football player, played for BoIS, born 1990-05-06",Q5,https://boishistoria.se/visa-data/?what=spelare&id=3556&link=visa-data,
275,"Assarsson, Hans","Swedish association football player, played for BoIS, born 1939-05-02",Q5,https://boishistoria.se/visa-data/?what=spelare&id=275&link=visa-data,
632,"Assarsson, Per","Swedish association football player, played for BoIS, born 1935-06-08",Q5,https://boishistoria.se/visa-data/?what=spelare&id=632&link=visa-data,
3455,"Atajic, Bahrudin","Swedish association football player, played for BoIS, born 1993-11-16",Q5,https://boishistoria.se/visa-data/?what=spelare&id=3455&link=visa-data,
104,"Augustsson, Bo","Swedish association football player, played for BoIS, born 1949-12-28",Q5,https://boishistoria.se/visa-data/?what=spelare&id=104&link=visa-data,
345,"Augustsson, Jakob","Swedish association football player, played for BoIS, born 1980-10-08",Q5,https://boishistoria.se/visa-data/?what=spelare&id=345&link=visa-data,
377,"Augustsson, Johan","Swedish association football player, played for BoIS, born 1974-03-07",Q5,https://boishistoria.se/visa-data/?what=spelare&id=377&link=visa-data,
410,"Augustsson, Jörgen","Swedish association football player, played for BoIS, born 1952-10-28",Q5,https://boishistoria.se/visa-data/?what=spelare&id=410&link=visa-data,
178,"Aulin, Emil ""Stubb""","Swedish association football player, played for BoIS, born 1893-12-28",Q5,https://boishistoria.se/visa-data/?what=spelare&id=178&link=visa-data,
573,"Avnskjold, Morten","Swedish association football player, played for BoIS, born 1979-08-26",Q5,https://boishistoria.se/visa-data/?what=spelare&id=573&link=visa-data,
423,"Axelsson, Kenneth","Swedish association football player, played for BoIS, born 1946-02-19",Q5,https://boishistoria.se/visa-data/?what=spelare&id=423&link=visa-data,
709,"Aziz, Samuel","Swedish association football player, played for BoIS, born 1991-07-05",Q5,https://boishistoria.se/visa-data/?what=spelare&id=709&link=visa-data,
705,"Azizi, Saber","Swedish association football player, played for BoIS, born 1996-01-13",Q5,https://boishistoria.se/visa-data/?what=spelare&id=705&link=visa-data,
132,"Backman, Christer","Swedish association football player, played for BoIS, born 1949-05-27",Q5,https://boishistoria.se/visa-data/?what=spelare&id=132&link=visa-data,
232,"Balint, Geronimo","Swedish association football player, played for BoIS, born 1996-09-13",Q5,https://boishistoria.se/visa-data/?what=spelare&id=232&link=visa-data,
471,"Baxter, Lee","Swedish association football player, played for BoIS, born 1976-06-17",Q5,https://boishistoria.se/visa-data/?what=spelare&id=471&link=visa-data,
747,"Baxter, Stuart","Swedish association football player, played for BoIS, born 1953-08-16",Q5,https://boishistoria.se/visa-data/?what=spelare&id=747&link=visa-data,
337,"Bedelev, Ivan","Swedish association football player, played for BoIS, born 1961-09-21",Q5,https://boishistoria.se/visa-data/?what=spelare&id=337&link=visa-data,
457,"Behmer, Lars","Swedish association football player, played for BoIS, born 1901-01-01",Q5,https://boishistoria.se/visa-data/?what=spelare&id=457&link=visa-data,
35,"Bengtsson, Anders","Swedish association football player, played for BoIS, born 1971-12-19",Q5,https://boishistoria.se/visa-data/?what=spelare&id=35&link=visa-data,
55,"Bengtsson, Arne ""Bertini""","Swedish association football player, played for BoIS, born 1920-12-13",Q5,https://boishistoria.se/visa-data/?what=spelare&id=55&link=visa-data,
82,"Bengtsson, Bertil","Swedish association football player, played for BoIS, born 1928-12-08",Q5,https://boishistoria.se/visa-data/?what=spelare&id=82&link=visa-data,
83,"Bengtsson, Bertil 40","Swedish association football player, played for BoIS, born 1940-11-17",Q5,https://boishistoria.se/visa-data/?what=spelare&id=83&link=visa-data,
121,"Bengtsson, Carl","Swedish association football player, played for BoIS, born 1909-03-13",Q5,https://boishistoria.se/visa-data/?what=spelare&id=121&link=visa-data,
271,"Bengtsson, Göte","Swedish association football player, played for BoIS, born 1930-02-26",Q5,https://boishistoria.se/visa-data/?what=spelare&id=271&link=visa-data,
308,"Bengtsson, Henry","Swedish association football player, played for BoIS, born 1906-10-07",Q5,https://boishistoria.se/visa-data/?what=spelare&id=308&link=visa-data,
371,"Bengtsson, Joakim","Swedish association football player, played for BoIS, born 1967-02-16",Q5,https://boishistoria.se/visa-data/?what=spelare&id=371&link=visa-data,
832,"Bengtsson, Karl","Swedish association football player, played for BoIS, born None",Q5,https://boishistoria.se/visa-data/?what=spelare&id=832&link=visa-data,
484,"Bengtsson, Lennart","Swedish association football player, played for BoIS, born 1947-11-10",Q5,https://boishistoria.se/visa-data/?what=spelare&id=484&link=visa-data,
516,"Bengtsson, Marcus","Swedish association football player, played for BoIS, born 1980-09-15",Q5,https://boishistoria.se/visa-data/?what=spelare&id=516&link=visa-data,
555,"Bengtsson, Mikael","Swedish association football player, played for BoIS, born 1956-07-28",Q5,https://boishistoria.se/visa-data/?what=spelare&id=555&link=visa-data,
554,"Bengtsson, Mikael 81","Swedish association football player, played for BoIS, born 1981-12-05",Q5,https://boishistoria.se/visa-data/?what=spelare&id=554&link=visa-data,
617,"Bengtsson, Ove","Swedish association football player, played for BoIS, born 1935-07-16",Q5,https://boishistoria.se/visa-data/?what=spelare&id=617&link=visa-data,
692,"Bengtsson, Rolf","Swedish association football player, played for BoIS, born 1939-05-16",Q5,https://boishistoria.se/visa-data/?what=spelare&id=692&link=visa-data,
723,"Bengtsson, Stefan","Swedish association football player, played for BoIS, born 1961-05-17",Q5,https://boishistoria.se/visa-data/?what=spelare&id=723&link=visa-data,
762,"Bengtsson, Sylve","Swedish association football player, played for BoIS, born 1958-06-18",Q5,https://boishistoria.se/visa-data/?what=spelare&id=762&link=visa-data,
783,"Bengtsson, Tommy","Swedish association football player, played for BoIS, born 1959-04-14",Q5,https://boishistoria.se/visa-data/?what=spelare&id=783&link=visa-data,
821,"Bengtsson, Åke","Swedish association football player, played for BoIS, born 1926-09-07",Q5,https://boishistoria.se/visa-data/?what=spelare&id=821&link=visa-data,
424,"Berg, Kenneth","Swedish association football player, played for BoIS, born 1944-01-24",Q5,https://boishistoria.se/visa-data/?what=spelare&id=424&link=visa-data,
735,"Berg, Sten","Swedish association football player, played for BoIS, born 1898-08-31",Q5,https://boishistoria.se/visa-data/?what=spelare&id=735&link=visa-data,
208,"Berghult, Esbjörn","Swedish association football player, played for BoIS, born 1971-09-16",Q5,https://boishistoria.se/visa-data/?what=spelare&id=208&link=visa-data,
612,"Bergman, Oskar","Swedish association football player, played for BoIS, born 1934-04-24",Q5,https://boishistoria.se/visa-data/?what=spelare&id=612&link=visa-data,
616,"Bergman, Otto","Swedish association football player, played for BoIS, born 1919-09-10",Q5,https://boishistoria.se/visa-data/?what=spelare&id=616&link=visa-data,
240,"Bergsten, Gunnar","Swedish association football player, played for BoIS, born 1910-02-28",Q5,https://boishistoria.se/visa-data/?what=spelare&id=240&link=visa-data,
447,"Bergsten, Kurt","Swedish association football player, played for BoIS, born 1912-06-24",Q5,https://boishistoria.se/visa-data/?what=spelare&id=447&link=visa-data,
3465,"Berisha, Adonis","Swedish association football player, played for BoIS, born None",Q5,https://boishistoria.se/visa-data/?what=spelare&id=3465&link=visa-data,
539,"Bernebring, Mats","Swedish association football player, played for BoIS, born 1959-03-30",Q5,https://boishistoria.se/visa-data/?what=spelare&id=539&link=visa-data,
176,"Besic, Eldin","Swedish association football player, played for BoIS, born 1991-06-06",Q5,https://boishistoria.se/visa-data/?what=spelare&id=176&link=visa-data,
472,"Björk, Leif","Swedish association football player, played for BoIS, born 1950-06-25",Q5,https://boishistoria.se/visa-data/?what=spelare&id=472&link=visa-data,
458,"Björkström, Lars","Swedish association football player, played for BoIS, born 1976-01-28",Q5,https://boishistoria.se/visa-data/?what=spelare&id=458&link=visa-data,
540,"Bladh, Mats","Swedish association football player, played for BoIS, born 1961-12-18",Q5,https://boishistoria.se/visa-data/?what=spelare&id=540&link=visa-data,
129,"Blais, Chris","Swedish association football player, played for BoIS, born 1989-05-06",Q5,https://boishistoria.se/visa-data/?what=spelare&id=129&link=visa-data,
770,"Blidberg, Thomas","Swedish association football player, played for BoIS, born 1950-04-19",Q5,https://boishistoria.se/visa-data/?what=spelare&id=770&link=visa-data,
3636,"Blixt, Jacob","Swedish association football player, played for BoIS, born 1996-01-26",Q5,https://boishistoria.se/visa-data/?what=spelare&id=3636&link=visa-data,
202,"Blomberg, Ernst","Swedish association football player, played for BoIS, born 1901-03-03",Q5,https://boishistoria.se/visa-data/?what=spelare&id=202&link=visa-data,
699,"Blomberg, Roy","Swedish association football player, played for BoIS, born 1944-07-29",Q5,https://boishistoria.se/visa-data/?what=spelare&id=699&link=visa-data,
796,"Blomberg, Tore","Swedish association football player, played for BoIS, born 1934-06-16",Q5,https://boishistoria.se/visa-data/?what=spelare&id=796&link=visa-data,
284,"Boakai, Hanson","Swedish association football player, played for BoIS, born 1996-10-28",Q5,https://boishistoria.se/visa-data/?what=spelare&id=284&link=visa-data,
71,"Bohn, Gerhard","Swedish association football player, played for BoIS, born 1906-03-18",Q5,https://boishistoria.se/visa-data/?what=spelare&id=71&link=visa-data,
112,"Bola, Bobo","Swedish association football player, played for BoIS, born 1985-10-02",Q5,https://boishistoria.se/visa-data/?what=spelare&id=112&link=visa-data,
20,"Borg, Alexander","Swedish association football player, played for BoIS, born 1989-02-02",Q5,https://boishistoria.se/visa-data/?what=spelare&id=20&link=visa-data,
276,"Borgström, Hans","Swedish association football player, played for BoIS, born 1927-01-29",Q5,https://boishistoria.se/visa-data/?what=spelare&id=276&link=visa-data,
497,"Boriero, Lino","Swedish association football player, played for BoIS, born 1965-01-24",Q5,https://boishistoria.se/visa-data/?what=spelare&id=497&link=visa-data,
62,"Bork, Arvid","Swedish association football player, played for BoIS, born 1892-11-28",Q5,https://boishistoria.se/visa-data/?what=spelare&id=62&link=visa-data,
3735,"Bourahla, Kevin","Swedish association football player, played for BoIS, born 2004-06-22",Q5,https://boishistoria.se/visa-data/?what=spelare&id=3735&link=visa-data,
3736,"Bourahla, Kevin","Swedish association football player, played for BoIS, born 2004-06-22",Q5,https://boishistoria.se/visa-data/?what=spelare&id=3736&link=visa-data,
3713,"Brandqvist, Elis","Swedish association football player, played for BoIS, born 2005-01-01",Q5,https://boishistoria.se/visa-data/?what=spelare&id=3713&link=visa-data,
3618,"Brandt Erlandsson, Alec","Swedish association football player, played for BoIS, born 2004-05-23",Q5,https://boishistoria.se/visa-data/?what=spelare&id=3618&link=visa-data,
756,"Branting, Sven","Swedish association football player, played for BoIS, born 1910-08-15",Q5,https://boishistoria.se/visa-data/?what=spelare&id=756&link=visa-data,
459,"Broberg, Lars","Swedish association football player, played for BoIS, born 1923-07-22",Q5,https://boishistoria.se/visa-data/?what=spelare&id=459&link=visa-data,
378,"Bruér, Johan","Swedish association football player, played for BoIS, born 1983-11-20",Q5,https://boishistoria.se/visa-data/?what=spelare&id=378&link=visa-data,
3751,"Bruzelius, Gustaf","Swedish association football player, played for BoIS, born 2002-08-24",Q5,https://boishistoria.se/visa-data/?what=spelare&id=3751&link=visa-data,
793,"Brüzelius, Torbjörn","Swedish association football player, played for BoIS, born 1960-07-11",Q5,https://boishistoria.se/visa-data/?what=spelare&id=793&link=visa-data,
154,"Brzokoupil, Dan ""Brådskan""","Swedish association football player, played for BoIS, born 1947-05-08",Q5,https://boishistoria.se/visa-data/?what=spelare&id=154&link=visa-data,
3757,"Burakovsky, Samuel","Swedish association football player, played for BoIS, born 2002-12-29",Q5,https://boishistoria.se/visa-data/?what=spelare&id=3757&link=visa-data,
621,"Burda, Patrik","Swedish association football player, played for BoIS, born 1990-01-31",Q5,https://boishistoria.se/visa-data/?what=spelare&id=621&link=visa-data,
3467,"Burnikell, Bill","Swedish association football player, played for BoIS, born None",Q5,https://boishistoria.se/visa-data/?what=spelare&id=3467&link=visa-data,
784,"Börjesson, Tommy","Swedish association football player, played for BoIS, born 1959-04-20",Q5,https://boishistoria.se/visa-data/?what=spelare&id=784&link=visa-data,
3773,"Capotondi, Constantino","Swedish association football player, played for BoIS, born 2000-10-07",Q5,https://boishistoria.se/visa-data/?what=spelare&id=3773&link=visa-data,
473,"Carlsen, Leif","Swedish association football player, played for BoIS, born 1943-12-04",Q5,https://boishistoria.se/visa-data/?what=spelare&id=473&link=visa-data,
143,"Carlsson, Christoffer","Swedish association football player, played for BoIS, born 1989-01-15",Q5,https://boishistoria.se/visa-data/?what=spelare&id=143&link=visa-data,
460,"Carlsson, Lars","Swedish association football player, played for BoIS, born 1940-08-05",Q5,https://boishistoria.se/visa-data/?what=spelare&id=460&link=visa-data,
12,"Cecunjanin, Alaudin","Swedish association football player, played for BoIS, born 1990-03-30",Q5,https://boishistoria.se/visa-data/?what=spelare&id=12&link=visa-data,
661,"Cederqvist, Pär","Swedish association football player, played for BoIS, born 1980-03-10",Q5,https://boishistoria.se/visa-data/?what=spelare&id=661&link=visa-data,
292,"Cetinkaya, Hasan","Swedish association football player, played for BoIS, born 1977-01-27",Q5,https://boishistoria.se/visa-data/?what=spelare&id=292&link=visa-data,
724,"Claesson, Stefan","Swedish association football player, played for BoIS, born 1976-03-01",Q5,https://boishistoria.se/visa-data/?what=spelare&id=724&link=visa-data,
173,"Condrup, Edwin","Swedish association football player, played for BoIS, born 1999-03-26",Q5,https://boishistoria.se/visa-data/?what=spelare&id=173&link=visa-data,
165,"Conradi, David","Swedish association football player, played for BoIS, born 1974-10-19",Q5,https://boishistoria.se/visa-data/?what=spelare&id=165&link=visa-data,
417,"Corneliusson, Karl","Swedish association football player, played for BoIS, born 1976-11-17",Q5,https://boishistoria.se/visa-data/?what=spelare&id=417&link=visa-data,
146,"Cronqvist, Claes","Swedish association football player, played for BoIS, born 1944-10-15",Q5,https://boishistoria.se/visa-data/?what=spelare&id=146&link=visa-data,
646,"Csirmaz, Peter","Swedish association football player, played for BoIS, born 1958-04-15",Q5,https://boishistoria.se/visa-data/?what=spelare&id=646&link=visa-data,
332,"Cöster, Ingvar","Swedish association football player, played for BoIS, born 1927-01-26",Q5,https://boishistoria.se/visa-data/?what=spelare&id=332&link=visa-data,
675,"Dahan, Rickard","Swedish association football player, played for BoIS, born 1967-10-20",Q5,https://boishistoria.se/visa-data/?what=spelare&id=675&link=visa-data,
15,"Dahl, Albin","Swedish association football player, played for BoIS, born 1900-01-02",Q5,https://boishistoria.se/visa-data/?what=spelare&id=15&link=visa-data,
45,"Dahl, Andreas","Swedish association football player, played for BoIS, born 1984-06-06",Q5,https://boishistoria.se/visa-data/?what=spelare&id=45&link=visa-data,
285,"Dahl, Harry ""Hacke""","Swedish association football player, played for BoIS, born 1902-06-25",Q5,https://boishistoria.se/visa-data/?what=spelare&id=285&link=visa-data,
97,"Dahlgren, Birger ""Bobby""","Swedish association football player, played for BoIS, born 1894-05-18",Q5,https://boishistoria.se/visa-data/?what=spelare&id=97&link=visa-data,
116,"Dahlgren, Börje","Swedish association football player, played for BoIS, born 1926-07-17",Q5,https://boishistoria.se/visa-data/?what=spelare&id=116&link=visa-data,
233,"Dahlgren, Gert","Swedish association football player, played for BoIS, born 1954-08-02",Q5,https://boishistoria.se/visa-data/?what=spelare&id=233&link=visa-data,
241,"Dahlgren, Gunnar ""Bobby""","Swedish association football player, played for BoIS, born 1922-09-04",Q5,https://boishistoria.se/visa-data/?what=spelare&id=241&link=visa-data,
425,"Dahlgren, Kenneth","Swedish association football player, played for BoIS, born 1948-09-26",Q5,https://boishistoria.se/visa-data/?what=spelare&id=425&link=visa-data,
556,"Dahlgren, Mikael","Swedish association football player, played for BoIS, born 1984-07-19",Q5,https://boishistoria.se/visa-data/?what=spelare&id=556&link=visa-data,
827,"Dahlgren, Örjan","Swedish association football player, played for BoIS, born 1935-12-29",Q5,https://boishistoria.se/visa-data/?what=spelare&id=827&link=visa-data,
3670,"Dahlqvist, Edvin","Swedish association football player, played for BoIS, born 1999-06-14",Q5,https://boishistoria.se/visa-data/?what=spelare&id=3670&link=visa-data,
3557,"Dane Wallgård, Beck","Swedish association football player, played for BoIS, born 1999-10-26",Q5,https://boishistoria.se/visa-data/?what=spelare&id=3557&link=visa-data,
640,"Danielsson, Per-Erik","Swedish association football player, played for BoIS, born 1966-10-03",Q5,https://boishistoria.se/visa-data/?what=spelare&id=640&link=visa-data,
73,"Danland, Bengt","Swedish association football player, played for BoIS, born 1936-04-16",Q5,https://boishistoria.se/visa-data/?what=spelare&id=73&link=visa-data,
629,"Dejenfelt, Paul","Swedish association football player, played for BoIS, born 1955-05-02",Q5,https://boishistoria.se/visa-data/?what=spelare&id=629&link=visa-data,
334,"Diawara, Ismael","Swedish association football player, played for BoIS, born 1994-11-11",Q5,https://boishistoria.se/visa-data/?what=spelare&id=334&link=visa-data,
3671,"Diawara, Ousmane","Swedish association football player, played for BoIS, born 1999-10-10",Q5,https://boishistoria.se/visa-data/?what=spelare&id=3671&link=visa-data,
11,"Dodd, Alan","Swedish association football player, played for BoIS, born 1953-09-20",Q5,https://boishistoria.se/visa-data/?what=spelare&id=11&link=visa-data,
3,"Dodja, Abdou-Fatawou","Swedish association football player, played for BoIS, born 1991-12-24",Q5,https://boishistoria.se/visa-data/?what=spelare&id=3&link=visa-data,
8,"Dodoo, Afo","Swedish association football player, played for BoIS, born 1973-11-23",Q5,https://boishistoria.se/visa-data/?what=spelare&id=8&link=visa-data,
679,"Drwiega, Robert","Swedish association football player, played for BoIS, born 1983-04-15",Q5,https://boishistoria.se/visa-data/?what=spelare&id=679&link=visa-data,
3678,"Dzabic, Robin","Swedish association football player, played for BoIS, born 2001-04-03",Q5,https://boishistoria.se/visa-data/?what=spelare&id=3678&link=visa-data,
388,"Ebere Ekeh, John","Swedish association football player, played for BoIS, born 1998-12-06",Q5,https://boishistoria.se/visa-data/?what=spelare&id=388&link=visa-data,
84,"Edpalm, Bertil","Swedish association football player, played for BoIS, born 1934-09-29",Q5,https://boishistoria.se/visa-data/?what=spelare&id=84&link=visa-data,
3726,"Edvardsson, David","Swedish association football player, played for BoIS, born 2002-03-05",Q5,https://boishistoria.se/visa-data/?what=spelare&id=3726&link=visa-data,
442,"Edvinsson, Knut ""Nacka""","Swedish association football player, played for BoIS, born 1930-09-19",Q5,https://boishistoria.se/visa-data/?what=spelare&id=442&link=visa-data,
172,"Egbedi, Edafe","Swedish association football player, played for BoIS, born 1993-08-05",Q5,https://boishistoria.se/visa-data/?what=spelare&id=172&link=visa-data,
3680,"Egnell, Adam","Swedish association football player, played for BoIS, born 1999-09-30",Q5,https://boishistoria.se/visa-data/?what=spelare&id=3680&link=visa-data,
618,"Ejlertsson, Ove","Swedish association football player, played for BoIS, born 1935-05-15",Q5,https://boishistoria.se/visa-data/?what=spelare&id=618&link=visa-data,
27,"Ek, Allan ""Bananen""","Swedish association football player, played for BoIS, born 1922-07-05",Q5,https://boishistoria.se/visa-data/?what=spelare&id=27&link=visa-data,
242,"Ek, Gunnar","Swedish association football player, played for BoIS, born 1927-10-10",Q5,https://boishistoria.se/visa-data/?what=spelare&id=242&link=visa-data,
379,"Ek, Johan","Swedish association football player, played for BoIS, born 1899-12-02",Q5,https://boishistoria.se/visa-data/?what=spelare&id=379&link=visa-data,
3588,"Ekblom, Viktor","Swedish association football player, played for BoIS, born 1998-07-15",Q5,https://boishistoria.se/visa-data/?what=spelare&id=3588&link=visa-data,
700,"Ekdahl, Roy","Swedish association football player, played for BoIS, born 1932-01-03",Q5,https://boishistoria.se/visa-data/?what=spelare&id=700&link=visa-data,
541,"Ekelund, Mats","Swedish association football player, played for BoIS, born 1962-09-06",Q5,https://boishistoria.se/visa-data/?what=spelare&id=541&link=visa-data,
647,"Ekelund, Peter","Swedish association football player, played for BoIS, born 1960-07-11",Q5,https://boishistoria.se/visa-data/?what=spelare&id=647&link=visa-data,
517,"Ekheim, Marcus","Swedish association football player, played for BoIS, born 1967-07-12",Q5,https://boishistoria.se/visa-data/?what=spelare&id=517&link=visa-data,
547,"Eklund, Matthias","Swedish association football player, played for BoIS, born 1976-07-23",Q5,https://boishistoria.se/visa-data/?what=spelare&id=547&link=visa-data,
485,"Ekström, Lennart","Swedish association football player, played for BoIS, born 1948-12-17",Q5,https://boishistoria.se/visa-data/?what=spelare&id=485&link=visa-data,
435,"Ekvall, Kjell","Swedish association football player, played for BoIS, born 1911-01-22",Q5,https://boishistoria.se/visa-data/?what=spelare&id=435&link=visa-data,
578,"Ekvall, Måns","Swedish association football player, played for BoIS, born 1995-01-04",Q5,https://boishistoria.se/visa-data/?what=spelare&id=578&link=visa-data,
214,"Eldh, Fingal ""Finte""","Swedish association football player, played for BoIS, born 1895-09-26",Q5,https://boishistoria.se/visa-data/?what=spelare&id=214&link=visa-data,
421,"Elgström, Kenneth ""Kecka""","Swedish association football player, played for BoIS, born 1956-05-25",Q5,https://boishistoria.se/visa-data/?what=spelare&id=421&link=visa-data,
23,"Eliasson, Alexander R","Swedish association football player, played for BoIS, born 1985-11-26",Q5,https://boishistoria.se/visa-data/?what=spelare&id=23&link=visa-data,
85,"Engdahl, Bertil","Swedish association football player, played for BoIS, born 1939-10-19",Q5,https://boishistoria.se/visa-data/?what=spelare&id=85&link=visa-data,
304,"Eriksson, Henrik","Swedish association football player, played for BoIS, born None",Q5,https://boishistoria.se/visa-data/?what=spelare&id=304&link=visa-data,
321,"Eriksson, Håkan","Swedish association football player, played for BoIS, born 1956-10-06",Q5,https://boishistoria.se/visa-data/?what=spelare&id=321&link=visa-data,
436,"Eriksson, Kjell","Swedish association football player, played for BoIS, born 1923-12-16",Q5,https://boishistoria.se/visa-data/?what=spelare&id=436&link=visa-data,
794,"Eriksson, Torbjörn","Swedish association football player, played for BoIS, born 1951-03-24",Q5,https://boishistoria.se/visa-data/?what=spelare&id=794&link=visa-data,
86,"Erlandsson, Bertil","Swedish association football player, played for BoIS, born 1948-03-09",Q5,https://boishistoria.se/visa-data/?what=spelare&id=86&link=visa-data,
229,"Eterovic, Georg","Swedish association football player, played for BoIS, born 1967-01-22",Q5,https://boishistoria.se/visa-data/?what=spelare&id=229&link=visa-data,
399,"Evaldsson, Jonas","Swedish association football player, played for BoIS, born 1967-03-20",Q5,https://boishistoria.se/visa-data/?what=spelare&id=399&link=visa-data,
350,"Evertsson, Jan","Swedish association football player, played for BoIS, born 1935-08-16",Q5,https://boishistoria.se/visa-data/?what=spelare&id=350&link=visa-data,
260,"Fagerström, Göran","Swedish association football player, played for BoIS, born 1968-01-15",Q5,https://boishistoria.se/visa-data/?what=spelare&id=260&link=visa-data,
815,"Fajersson, Villy","Swedish association football player, played for BoIS, born 1920-04-15",Q5,https://boishistoria.se/visa-data/?what=spelare&id=815&link=visa-data,
3462,"Fakhouri, Jihad","Swedish association football player, played for BoIS, born 2000-09-09",Q5,https://boishistoria.se/visa-data/?what=spelare&id=3462&link=visa-data,
771,"Fanedl, Tomas","Swedish association football player, played for BoIS, born 1968-11-10",Q5,https://boishistoria.se/visa-data/?what=spelare&id=771&link=visa-data,
810,"Fanedl, Viktor","Swedish association football player, played for BoIS, born 1998-09-12",Q5,https://boishistoria.se/visa-data/?what=spelare&id=810&link=visa-data,
21,"Farnerud, Alexander","Swedish association football player, played for BoIS, born 1984-05-01",Q5,https://boishistoria.se/visa-data/?what=spelare&id=21&link=visa-data,
659,"Farnerud, Pontus","Swedish association football player, played for BoIS, born 1980-06-04",Q5,https://boishistoria.se/visa-data/?what=spelare&id=659&link=visa-data,
3463,"Ferhm, Hampus","Swedish association football player, played for BoIS, born 1999-09-05",Q5,https://boishistoria.se/visa-data/?what=spelare&id=3463&link=visa-data,
133,"Fermvik, Christer","Swedish association football player, played for BoIS, born 1948-05-02",Q5,https://boishistoria.se/visa-data/?what=spelare&id=133&link=visa-data,
336,"Fernandez, Italo","Swedish association football player, played for BoIS, born 1987-06-26",Q5,https://boishistoria.se/visa-data/?what=spelare&id=336&link=visa-data,
688,"Fors, Ronald","Swedish association football player, played for BoIS, born 1943-02-05",Q5,https://boishistoria.se/visa-data/?what=spelare&id=688&link=visa-data,
687,"Forsberg, Roland","Swedish association football player, played for BoIS, born 1929-06-17",Q5,https://boishistoria.se/visa-data/?what=spelare&id=687&link=visa-data,
486,"Forslund, Lennart","Swedish association football player, played for BoIS, born 1930-11-19",Q5,https://boishistoria.se/visa-data/?what=spelare&id=486&link=visa-data,
400,"Forss, Jonas","Swedish association football player, played for BoIS, born 1970-01-12",Q5,https://boishistoria.se/visa-data/?what=spelare&id=400&link=visa-data,
674,"Franca, Renam","Swedish association football player, played for BoIS, born 1988-11-04",Q5,https://boishistoria.se/visa-data/?what=spelare&id=674&link=visa-data,
405,"Frantzen, Jonathan","Swedish association football player, played for BoIS, born 1995-02-25",Q5,https://boishistoria.se/visa-data/?what=spelare&id=405&link=visa-data,
822,"Fredriksson, Åke ""Pilla""","Swedish association football player, played for BoIS, born 1929-01-19",Q5,https://boishistoria.se/visa-data/?what=spelare&id=822&link=visa-data,
7,"Friberg, Adolf","Swedish association football player, played for BoIS, born 1898-11-06",Q5,https://boishistoria.se/visa-data/?what=spelare&id=7&link=visa-data,
36,"Friberg, Anders","Swedish association football player, played for BoIS, born 1975-08-06",Q5,https://boishistoria.se/visa-data/?what=spelare&id=36&link=visa-data,
305,"Fridholm, Henrik","Swedish association football player, played for BoIS, born 1978-08-14",Q5,https://boishistoria.se/visa-data/?what=spelare&id=305&link=visa-data,
3517,"Frithzell, Melvin","Swedish association football player, played for BoIS, born 1996-08-09",Q5,https://boishistoria.se/visa-data/?what=spelare&id=3517&link=visa-data,
505,"Fritz, Lukas","Swedish association football player, played for BoIS, born 1998-03-10",Q5,https://boishistoria.se/visa-data/?what=spelare&id=505&link=visa-data,
98,"Fritz Gräns, Birger","Swedish association football player, played for BoIS, born 1907-06-12",Q5,https://boishistoria.se/visa-data/?what=spelare&id=98&link=visa-data,
3493,"Fuchs, Andreas","Swedish association football player, played for BoIS, born 1996-03-24",Q5,https://boishistoria.se/visa-data/?what=spelare&id=3493&link=visa-data,
207,"Fuchs, Erwin","Swedish association football player, played for BoIS, born 1940-03-30",Q5,https://boishistoria.se/visa-data/?what=spelare&id=207&link=visa-data,
99,"Fure, Björn","Swedish association football player, played for BoIS, born 1916-10-11",Q5,https://boishistoria.se/visa-data/?what=spelare&id=99&link=visa-data,
372,"Gabrielsson, Joakim","Swedish association football player, played for BoIS, born 1972-10-09",Q5,https://boishistoria.se/visa-data/?what=spelare&id=372&link=visa-data,
658,"Gallo, Pierre","Swedish association football player, played for BoIS, born 1975-01-24",Q5,https://boishistoria.se/visa-data/?what=spelare&id=658&link=visa-data,
667,"Gaspar Nilsson, Rasmus","Swedish association football player, played for BoIS, born 1998-03-25",Q5,https://boishistoria.se/visa-data/?what=spelare&id=667&link=visa-data,
119,"Genberg, Calle","Swedish association football player, played for BoIS, born 1983-07-04",Q5,https://boishistoria.se/visa-data/?what=spelare&id=119&link=visa-data,
373,"Gernersson, Joakim","Swedish association football player, played for BoIS, born 1988-02-07",Q5,https://boishistoria.se/visa-data/?what=spelare&id=373&link=visa-data,
523,"Gersic, Mario","Swedish association football player, played for BoIS, born 1967-04-25",Q5,https://boishistoria.se/visa-data/?what=spelare&id=523&link=visa-data,
277,"Green, Hans ""Petter""","Swedish association football player, played for BoIS, born 1905-10-22",Q5,https://boishistoria.se/visa-data/?what=spelare&id=277&link=visa-data,
14,"Gudmundsson, Albert","Swedish association football player, played for BoIS, born 1958-04-30",Q5,https://boishistoria.se/visa-data/?what=spelare&id=14&link=visa-data,
3491,"Gulda, Per","Swedish association football player, played for BoIS, born 1991-01-07",Q5,https://boishistoria.se/visa-data/?what=spelare&id=3491&link=visa-data,
222,"Gunnarsson, Fredrik","Swedish association football player, played for BoIS, born 1996-09-23",Q5,https://boishistoria.se/visa-data/?what=spelare&id=222&link=visa-data,
106,"Gustafsson, Bo","Swedish association football player, played for BoIS, born 1948-03-16",Q5,https://boishistoria.se/visa-data/?what=spelare&id=106&link=visa-data,
243,"Gustafsson, Gunnar","Swedish association football player, played for BoIS, born 1928-07-29",Q5,https://boishistoria.se/visa-data/?what=spelare&id=243&link=visa-data,
772,"Gustafsson, Thomas","Swedish association football player, played for BoIS, born 1966-01-18",Q5,https://boishistoria.se/visa-data/?what=spelare&id=772&link=visa-data,
3479,"Gustafsson, Tommy","Swedish association football player, played for BoIS, born None",Q5,https://boishistoria.se/visa-data/?what=spelare&id=3479&link=visa-data,
809,"Gustafsson, Victor","Swedish association football player, played for BoIS, born 1997-05-07",Q5,https://boishistoria.se/visa-data/?what=spelare&id=809&link=visa-data,
823,"Gustafsson, Åke ""Dala""","Swedish association football player, played for BoIS, born 1935-03-10",Q5,https://boishistoria.se/visa-data/?what=spelare&id=823&link=visa-data,
785,"Gustavsson, Tommy ""Gyxa""","Swedish association football player, played for BoIS, born 1948-07-02",Q5,https://boishistoria.se/visa-data/?what=spelare&id=785&link=visa-data,
811,"Gustavsson, Viktor","Swedish association football player, played for BoIS, born 1997-05-07",Q5,https://boishistoria.se/visa-data/?what=spelare&id=811&link=visa-data,
258,"Göken, Günther","Swedish association football player, played for BoIS, born 1946-12-10",Q5,https://boishistoria.se/visa-data/?what=spelare&id=258&link=visa-data,
2,"Hadrous, Abdo","Swedish association football player, played for BoIS, born 1997-05-11",Q5,https://boishistoria.se/visa-data/?what=spelare&id=2&link=visa-data,
261,"Hagberg, Göran","Swedish association football player, played for BoIS, born 1947-11-08",Q5,https://boishistoria.se/visa-data/?what=spelare&id=261&link=visa-data,
663,"Hagman, Ragnar","Swedish association football player, played for BoIS, born 1924-01-04",Q5,https://boishistoria.se/visa-data/?what=spelare&id=663&link=visa-data,
707,"Haiba, Samir","Swedish association football player, played for BoIS, born 1979-02-16",Q5,https://boishistoria.se/visa-data/?what=spelare&id=707&link=visa-data,
3674,"Hajdari, Ardi","Swedish association football player, played for BoIS, born 2003-01-20",Q5,https://boishistoria.se/visa-data/?what=spelare&id=3674&link=visa-data,
3449,"Haliti, Jetmir","Swedish association football player, played for BoIS, born 1996-09-14",Q5,https://boishistoria.se/visa-data/?what=spelare&id=3449&link=visa-data,
37,"Hall, Anders","Swedish association football player, played for BoIS, born 1966-09-16",Q5,https://boishistoria.se/visa-data/?what=spelare&id=37&link=visa-data,
16,"Hallbäck, Albin","Swedish association football player, played for BoIS, born 1902-04-06",Q5,https://boishistoria.se/visa-data/?what=spelare&id=16&link=visa-data,
474,"Hallbäck, Leif","Swedish association football player, played for BoIS, born 1958-09-21",Q5,https://boishistoria.se/visa-data/?what=spelare&id=474&link=visa-data,
748,"Hallén, Sture","Swedish association football player, played for BoIS, born 1919-11-05",Q5,https://boishistoria.se/visa-data/?what=spelare&id=748&link=visa-data,
187,"Halling, Erik","Swedish association football player, played for BoIS, born 1912-08-13",Q5,https://boishistoria.se/visa-data/?what=spelare&id=187&link=visa-data,
95,"Halvorsen, Bill","Swedish association football player, played for BoIS, born 1987-05-08",Q5,https://boishistoria.se/visa-data/?what=spelare&id=95&link=visa-data,
3484,"Hansen, Roar","Swedish association football player, played for BoIS, born None",Q5,https://boishistoria.se/visa-data/?what=spelare&id=3484&link=visa-data,
74,"Hansson, Bengt","Swedish association football player, played for BoIS, born 1931-03-10",Q5,https://boishistoria.se/visa-data/?what=spelare&id=74&link=visa-data,
87,"Hansson, Bertil","Swedish association football player, played for BoIS, born None",Q5,https://boishistoria.se/visa-data/?what=spelare&id=87&link=visa-data,
117,"Hansson, Börje ""Laura""","Swedish association football player, played for BoIS, born 1922-05-16",Q5,https://boishistoria.se/visa-data/?what=spelare&id=117&link=visa-data,
834,"Hansson, Christian","Swedish association football player, played for BoIS, born 1980-01-01",Q5,https://boishistoria.se/visa-data/?what=spelare&id=834&link=visa-data,
3563,"Hansson, Christian ""76""","Swedish association football player, played for BoIS, born 1976-10-24",Q5,https://boishistoria.se/visa-data/?what=spelare&id=3563&link=visa-data,
212,"Hansson, Filip","Swedish association football player, played for BoIS, born 1990-11-29",Q5,https://boishistoria.se/visa-data/?what=spelare&id=212&link=visa-data,
833,"Hansson, Fredrik","Swedish association football player, played for BoIS, born 1984-02-19",Q5,https://boishistoria.se/visa-data/?what=spelare&id=833&link=visa-data,
262,"Hansson, Göran","Swedish association football player, played for BoIS, born 1947-01-16",Q5,https://boishistoria.se/visa-data/?what=spelare&id=262&link=visa-data,
286,"Hansson, Harry ""Tjorra""","Swedish association football player, played for BoIS, born 1902-05-24",Q5,https://boishistoria.se/visa-data/?what=spelare&id=286&link=visa-data,
443,"Hansson, Knut ""Buckla""","Swedish association football player, played for BoIS, born 1911-05-09",Q5,https://boishistoria.se/visa-data/?what=spelare&id=443&link=visa-data,
487,"Hansson, Lennart","Swedish association football player, played for BoIS, born 1931-09-14",Q5,https://boishistoria.se/visa-data/?what=spelare&id=487&link=visa-data,
518,"Hansson, Marcus","Swedish association football player, played for BoIS, born 1986-10-04",Q5,https://boishistoria.se/visa-data/?what=spelare&id=518&link=visa-data,
726,"Hansson, Stefan","Swedish association football player, played for BoIS, born 1958-03-30",Q5,https://boishistoria.se/visa-data/?what=spelare&id=726&link=visa-data,
725,"Hansson, Stefan 77","Swedish association football player, played for BoIS, born 1977-01-12",Q5,https://boishistoria.se/visa-data/?what=spelare&id=725&link=visa-data,
633,"Harrysson, Per","Swedish association football player, played for BoIS, born 1967-02-20",Q5,https://boishistoria.se/visa-data/?what=spelare&id=633&link=visa-data,
103,"Haugen, Björn-Tore","Swedish association football player, played for BoIS, born 1964-02-13",Q5,https://boishistoria.se/visa-data/?what=spelare&id=103&link=visa-data,
3681,"Hedenquist, Erik","Swedish association football player, played for BoIS, born 1999-03-02",Q5,https://boishistoria.se/visa-data/?what=spelare&id=3681&link=visa-data,
791,"Hedin, Tony","Swedish association football player, played for BoIS, born 1976-04-09",Q5,https://boishistoria.se/visa-data/?what=spelare&id=791&link=visa-data,
38,"Hedqvist, Anders","Swedish association football player, played for BoIS, born 1958-01-10",Q5,https://boishistoria.se/visa-data/?what=spelare&id=38&link=visa-data,
411,"Hegdahl, Jörgen","Swedish association football player, played for BoIS, born 1970-06-04",Q5,https://boishistoria.se/visa-data/?what=spelare&id=411&link=visa-data,
506,"Hegdahl, Magnus","Swedish association football player, played for BoIS, born 1967-02-10",Q5,https://boishistoria.se/visa-data/?what=spelare&id=506&link=visa-data,
3677,"Hegdal, Sam","Swedish association football player, played for BoIS, born 2005-09-09",Q5,https://boishistoria.se/visa-data/?what=spelare&id=3677&link=visa-data,
380,"Heide, Johan","Swedish association football player, played for BoIS, born 1988-02-16",Q5,https://boishistoria.se/visa-data/?what=spelare&id=380&link=visa-data,
3587,"Heier, Melker","Swedish association football player, played for BoIS, born 2001-05-08",Q5,https://boishistoria.se/visa-data/?what=spelare&id=3587&link=visa-data,
64,"Helgason, Audun","Swedish association football player, played for BoIS, born 1974-06-18",Q5,https://boishistoria.se/visa-data/?what=spelare&id=64&link=visa-data,
598,"Hellman, Odair","Swedish association football player, played for BoIS, born 1977-01-22",Q5,https://boishistoria.se/visa-data/?what=spelare&id=598&link=visa-data,
3388,"Helmvik, Christian","Swedish association football player, played for BoIS, born 1979-08-21",Q5,https://boishistoria.se/visa-data/?what=spelare&id=3388&link=visa-data,
105,"Hemby, Bengt-Olof ""Bosse""","Swedish association football player, played for BoIS, born 1932-07-07",Q5,https://boishistoria.se/visa-data/?what=spelare&id=105&link=visa-data,
219,"Herlin, Freddy","Swedish association football player, played for BoIS, born 1940-04-28",Q5,https://boishistoria.se/visa-data/?what=spelare&id=219&link=visa-data,
606,"Hermansen, Olle","Swedish association football player, played for BoIS, born 1916-04-23",Q5,https://boishistoria.se/visa-data/?what=spelare&id=606&link=visa-data,
309,"Hermansson, Henry","Swedish association football player, played for BoIS, born 1925-04-23",Q5,https://boishistoria.se/visa-data/?what=spelare&id=309&link=visa-data,
3622,"Hildeman, Svante","Swedish association football player, played for BoIS, born 1995-06-11",Q5,https://boishistoria.se/visa-data/?what=spelare&id=3622&link=visa-data,
238,"Hjartarsson, Gretar","Swedish association football player, played for BoIS, born 1977-11-26",Q5,https://boishistoria.se/visa-data/?what=spelare&id=238&link=visa-data,
381,"Hjelte, Johan","Swedish association football player, played for BoIS, born 1967-08-14",Q5,https://boishistoria.se/visa-data/?what=spelare&id=381&link=visa-data,
557,"Hjelte, Mikael","Swedish association football player, played for BoIS, born 1961-05-23",Q5,https://boishistoria.se/visa-data/?what=spelare&id=557&link=visa-data,
422,"Hjertsson, Kenneth","Swedish association football player, played for BoIS, born 1950-07-25",Q5,https://boishistoria.se/visa-data/?what=spelare&id=422&link=visa-data,
681,"Hofsö, Robin","Swedish association football player, played for BoIS, born 1994-01-15",Q5,https://boishistoria.se/visa-data/?what=spelare&id=681&link=visa-data,
100,"Hofvendahl, Björn","Swedish association football player, played for BoIS, born 1974-04-10",Q5,https://boishistoria.se/visa-data/?what=spelare&id=100&link=visa-data,
434,"Holm, Kjeld","Swedish association football player, played for BoIS, born 1946-10-16",Q5,https://boishistoria.se/visa-data/?what=spelare&id=434&link=visa-data,
444,"Holm, Knut","Swedish association football player, played for BoIS, born 1906-12-06",Q5,https://boishistoria.se/visa-data/?what=spelare&id=444&link=visa-data,
527,"Holm, Martin","Swedish association football player, played for BoIS, born 1991-06-08",Q5,https://boishistoria.se/visa-data/?what=spelare&id=527&link=visa-data,
766,"Holm, Tage","Swedish association football player, played for BoIS, born 1910-02-21",Q5,https://boishistoria.se/visa-data/?what=spelare&id=766&link=visa-data,
622,"Holmgren, Patrik","Swedish association football player, played for BoIS, born 1987-05-27",Q5,https://boishistoria.se/visa-data/?what=spelare&id=622&link=visa-data,
488,"Holmqvist, Lennart ""Lill-Mulle""","Swedish association football player, played for BoIS, born 1933-01-09",Q5,https://boishistoria.se/visa-data/?what=spelare&id=488&link=visa-data,
763,"Holmstedt, Sölve","Swedish association football player, played for BoIS, born 1907-06-22",Q5,https://boishistoria.se/visa-data/?what=spelare&id=763&link=visa-data,
806,"Holmstedt, Valter ""Knallen""","Swedish association football player, played for BoIS, born 1896-05-20",Q5,https://boishistoria.se/visa-data/?what=spelare&id=806&link=visa-data,
153,"Hopson, Dale","Swedish association football player, played for BoIS, born 1992-09-13",Q5,https://boishistoria.se/visa-data/?what=spelare&id=153&link=visa-data,
122,"Hult, Carl","Swedish association football player, played for BoIS, born 1900-12-12",Q5,https://boishistoria.se/visa-data/?what=spelare&id=122&link=visa-data,
3472,"Hult, Carl-Erik","Swedish association football player, played for BoIS, born None",Q5,https://boishistoria.se/visa-data/?what=spelare&id=3472&link=visa-data,
475,"Hult, Leif","Swedish association football player, played for BoIS, born 1946-01-16",Q5,https://boishistoria.se/visa-data/?what=spelare&id=475&link=visa-data,
22,"Hylander, Alexander","Swedish association football player, played for BoIS, born 1997-02-11",Q5,https://boishistoria.se/visa-data/?what=spelare&id=22&link=visa-data,
88,"Håkansson, Bertil","Swedish association football player, played for BoIS, born 1949-04-27",Q5,https://boishistoria.se/visa-data/?what=spelare&id=88&link=visa-data,
394,"Håkansson, Johnny","Swedish association football player, played for BoIS, born 1942-08-04",Q5,https://boishistoria.se/visa-data/?what=spelare&id=394&link=visa-data,
418,"Håkansson, Karl","Swedish association football player, played for BoIS, born 1922-08-16",Q5,https://boishistoria.se/visa-data/?what=spelare&id=418&link=visa-data,
448,"Håkansson, Kurt","Swedish association football player, played for BoIS, born 1922-06-20",Q5,https://boishistoria.se/visa-data/?what=spelare&id=448&link=visa-data,
590,"Håkansson, Nils","Swedish association football player, played for BoIS, born 1903-10-02",Q5,https://boishistoria.se/visa-data/?what=spelare&id=590&link=visa-data,
244,"Hägg, Gunnar","Swedish association football player, played for BoIS, born 1914-11-13",Q5,https://boishistoria.se/visa-data/?what=spelare&id=244&link=visa-data,
3755,"Ihler, Frederik","Swedish association football player, played for BoIS, born 2003-06-25",Q5,https://boishistoria.se/visa-data/?what=spelare&id=3755&link=visa-data,
528,"Ingelsson, Martin","Swedish association football player, played for BoIS, born 1985-02-27",Q5,https://boishistoria.se/visa-data/?what=spelare&id=528&link=visa-data,
310,"Isberg, Henry ""Tolan""","Swedish association football player, played for BoIS, born 1924-10-28",Q5,https://boishistoria.se/visa-data/?what=spelare&id=310&link=visa-data,
553,"Istrefi, Meriton","Swedish association football player, played for BoIS, born 1997-05-01",Q5,https://boishistoria.se/visa-data/?what=spelare&id=553&link=visa-data,
671,"Jacobsen, Ray","Swedish association football player, played for BoIS, born 1953-12-31",Q5,https://boishistoria.se/visa-data/?what=spelare&id=671&link=visa-data,
134,"Jacobsson, Christer","Swedish association football player, played for BoIS, born 1951-01-26",Q5,https://boishistoria.se/visa-data/?what=spelare&id=134&link=visa-data,
467,"Jacobsson, Lars-Arne","Swedish association football player, played for BoIS, born 1964-05-11",Q5,https://boishistoria.se/visa-data/?what=spelare&id=467&link=visa-data,
676,"Jacobsson, Rickard","Swedish association football player, played for BoIS, born 1961-07-27",Q5,https://boishistoria.se/visa-data/?what=spelare&id=676&link=visa-data,
46,"Jakobsson, Andreas","Swedish association football player, played for BoIS, born 1972-10-06",Q5,https://boishistoria.se/visa-data/?what=spelare&id=46&link=visa-data,
158,"Jarl, Daniel","Swedish association football player, played for BoIS, born 1992-04-13",Q5,https://boishistoria.se/visa-data/?what=spelare&id=158&link=visa-data,
61,"Jashari, Arton","Swedish association football player, played for BoIS, born 1995-04-28",Q5,https://boishistoria.se/visa-data/?what=spelare&id=61&link=visa-data,
3625,"Jebara, Camil","Swedish association football player, played for BoIS, born 2003-01-19",Q5,https://boishistoria.se/visa-data/?what=spelare&id=3625&link=visa-data,
567,"Jelecak, Mirza","Swedish association football player, played for BoIS, born 1983-03-02",Q5,https://boishistoria.se/visa-data/?what=spelare&id=567&link=visa-data,
835,"Jensen, Kevin","Swedish association football player, played for BoIS, born 2001-06-15",Q5,https://boishistoria.se/visa-data/?what=spelare&id=835&link=visa-data,
603,"Jensen, Ole","Swedish association football player, played for BoIS, born 1962-05-19",Q5,https://boishistoria.se/visa-data/?what=spelare&id=603&link=visa-data,
727,"Jensen, Stefan","Swedish association football player, played for BoIS, born 1951-03-19",Q5,https://boishistoria.se/visa-data/?what=spelare&id=727&link=visa-data,
430,"Jeppsson, Kim","Swedish association football player, played for BoIS, born 1989-02-02",Q5,https://boishistoria.se/visa-data/?what=spelare&id=430&link=visa-data,
476,"Jeppsson, Leif","Swedish association football player, played for BoIS, born 1930-09-08",Q5,https://boishistoria.se/visa-data/?what=spelare&id=476&link=visa-data,
3485,"Jingblad, Mats","Swedish association football player, played for BoIS, born None",Q5,https://boishistoria.se/visa-data/?what=spelare&id=3485&link=visa-data,
648,"Joelsson, Peter","Swedish association football player, played for BoIS, born 1963-08-04",Q5,https://boishistoria.se/visa-data/?what=spelare&id=648&link=visa-data,
3386,"Johannesson, Mathias","Swedish association football player, played for BoIS, born 1979-06-18",Q5,https://boishistoria.se/visa-data/?what=spelare&id=3386&link=visa-data,
3684,"Johansen, Jazz","Swedish association football player, played for BoIS, born 2003-06-16",Q5,https://boishistoria.se/visa-data/?what=spelare&id=3684&link=visa-data,
67,"Johansson, Axel ""Satte""","Swedish association football player, played for BoIS, born 1907-10-02",Q5,https://boishistoria.se/visa-data/?what=spelare&id=67&link=visa-data,
113,"Johansson, Boris","Swedish association football player, played for BoIS, born 1959-07-02",Q5,https://boishistoria.se/visa-data/?what=spelare&id=113&link=visa-data,
135,"Johansson, Christer","Swedish association football player, played for BoIS, born 1949-02-18",Q5,https://boishistoria.se/visa-data/?what=spelare&id=135&link=visa-data,
188,"Johansson, Erik ""Nota""","Swedish association football player, played for BoIS, born 1917-04-27",Q5,https://boishistoria.se/visa-data/?what=spelare&id=188&link=visa-data,
333,"Johansson, Ingvar","Swedish association football player, played for BoIS, born 1962-06-08",Q5,https://boishistoria.se/visa-data/?what=spelare&id=333&link=visa-data,
461,"Johansson, Lars ""Biffen""","Swedish association football player, played for BoIS, born 1947-07-26",Q5,https://boishistoria.se/visa-data/?what=spelare&id=461&link=visa-data,
477,"Johansson, Leif","Swedish association football player, played for BoIS, born 1938-09-11",Q5,https://boishistoria.se/visa-data/?what=spelare&id=477&link=visa-data,
489,"Johansson, Lennart","Swedish association football player, played for BoIS, born 1928-12-03",Q5,https://boishistoria.se/visa-data/?what=spelare&id=489&link=visa-data,
599,"Johansson, Odin","Swedish association football player, played for BoIS, born 1892-03-09",Q5,https://boishistoria.se/visa-data/?what=spelare&id=599&link=visa-data,
623,"Johansson, Patrik","Swedish association football player, played for BoIS, born 1968-04-02",Q5,https://boishistoria.se/visa-data/?what=spelare&id=623&link=visa-data,
641,"Johansson, Per-Erik ""Pärlan""","Swedish association football player, played for BoIS, born 1940-07-21",Q5,https://boishistoria.se/visa-data/?what=spelare&id=641&link=visa-data,
642,"Johansson, Per-Ola","Swedish association football player, played for BoIS, born 1969-02-13",Q5,https://boishistoria.se/visa-data/?what=spelare&id=642&link=visa-data,
680,"Johansson, Robert","Swedish association football player, played for BoIS, born 1922-01-24",Q5,https://boishistoria.se/visa-data/?what=spelare&id=680&link=visa-data,
684,"Johansson, Roger","Swedish association football player, played for BoIS, born 1968-07-08",Q5,https://boishistoria.se/visa-data/?what=spelare&id=684&link=visa-data,
719,"Johansson, Sonny","Swedish association football player, played for BoIS, born 1948-10-17",Q5,https://boishistoria.se/visa-data/?what=spelare&id=719&link=visa-data,
749,"Johansson, Sture","Swedish association football player, played for BoIS, born 1903-12-02",Q5,https://boishistoria.se/visa-data/?what=spelare&id=749&link=visa-data,
803,"Johansson, Ulf","Swedish association football player, played for BoIS, born 1949-03-26",Q5,https://boishistoria.se/visa-data/?what=spelare&id=803&link=visa-data,
824,"Johansson, Åke ""Noran""","Swedish association football player, played for BoIS, born 1923-11-03",Q5,https://boishistoria.se/visa-data/?what=spelare&id=824&link=visa-data,
107,"Johnsson, Bo","Swedish association football player, played for BoIS, born 1950-05-11",Q5,https://boishistoria.se/visa-data/?what=spelare&id=107&link=visa-data,
490,"Johnsson, Lennart","Swedish association football player, played for BoIS, born 1957-04-02",Q5,https://boishistoria.se/visa-data/?what=spelare&id=490&link=visa-data,
797,"Johnsson, Tore","Swedish association football player, played for BoIS, born 1918-03-05",Q5,https://boishistoria.se/visa-data/?what=spelare&id=797&link=visa-data,
839,"Jonsson, Anton","Swedish association football player, played for BoIS, born 1993-01-31",Q5,https://boishistoria.se/visa-data/?what=spelare&id=839&link=visa-data,
3682,"Jonsson, Melker","Swedish association football player, played for BoIS, born 2002-07-10",Q5,https://boishistoria.se/visa-data/?what=spelare&id=3682&link=visa-data,
338,"Juric, Ivan","Swedish association football player, played for BoIS, born 1995-01-03",Q5,https://boishistoria.se/visa-data/?what=spelare&id=338&link=visa-data,
792,"Jurkiewicz, Tony","Swedish association football player, played for BoIS, born 1958-07-13",Q5,https://boishistoria.se/visa-data/?what=spelare&id=792&link=visa-data,
75,"Jönsson, Bengt","Swedish association football player, played for BoIS, born 1923-09-25",Q5,https://boishistoria.se/visa-data/?what=spelare&id=75&link=visa-data,
179,"Jönsson, Emil","Swedish association football player, played for BoIS, born 1911-03-15",Q5,https://boishistoria.se/visa-data/?what=spelare&id=179&link=visa-data,
3516,"Jönsson, Emil ""01""","Swedish association football player, played for BoIS, born 2001-04-28",Q5,https://boishistoria.se/visa-data/?what=spelare&id=3516&link=visa-data,
189,"Jönsson, Erik ""Pilsa""","Swedish association football player, played for BoIS, born 1907-07-04",Q5,https://boishistoria.se/visa-data/?what=spelare&id=189&link=visa-data,
190,"Jönsson, Erik ""Sladden""","Swedish association football player, played for BoIS, born 1921-06-04",Q5,https://boishistoria.se/visa-data/?what=spelare&id=190&link=visa-data,
278,"Jönsson, Hans","Swedish association football player, played for BoIS, born 1935-07-29",Q5,https://boishistoria.se/visa-data/?what=spelare&id=278&link=visa-data,
287,"Jönsson, Harry ""Tapper""","Swedish association football player, played for BoIS, born 1929-05-30",Q5,https://boishistoria.se/visa-data/?what=spelare&id=287&link=visa-data,
296,"Jönsson, Helge","Swedish association football player, played for BoIS, born 1904-02-04",Q5,https://boishistoria.se/visa-data/?what=spelare&id=296&link=visa-data,
311,"Jönsson, Henry","Swedish association football player, played for BoIS, born 1919-09-17",Q5,https://boishistoria.se/visa-data/?what=spelare&id=311&link=visa-data,
316,"Jönsson, Hugo","Swedish association football player, played for BoIS, born 1924-01-13",Q5,https://boishistoria.se/visa-data/?what=spelare&id=316&link=visa-data,
3483,"Jönsson, Jan","Swedish association football player, played for BoIS, born None",Q5,https://boishistoria.se/visa-data/?what=spelare&id=3483&link=visa-data,
382,"Jönsson, Johan","Swedish association football player, played for BoIS, born 1977-11-19",Q5,https://boishistoria.se/visa-data/?what=spelare&id=382&link=visa-data,
389,"Jönsson, John ""Ziska""","Swedish association football player, played for BoIS, born 1907-07-15",Q5,https://boishistoria.se/visa-data/?what=spelare&id=389&link=visa-data,
397,"Jönsson, Jon","Swedish association football player, played for BoIS, born 1983-07-08",Q5,https://boishistoria.se/visa-data/?what=spelare&id=397&link=visa-data,
408,"Jönsson, Jonny ""Bula""","Swedish association football player, played for BoIS, born 1938-05-16",Q5,https://boishistoria.se/visa-data/?what=spelare&id=408&link=visa-data,
462,"Jönsson, Lars","Swedish association football player, played for BoIS, born 1965-05-10",Q5,https://boishistoria.se/visa-data/?what=spelare&id=462&link=visa-data,
514,"Jönsson, Malte","Swedish association football player, played for BoIS, born 1923-09-17",Q5,https://boishistoria.se/visa-data/?what=spelare&id=514&link=visa-data,
3458,"Jönsson, Martin","Swedish association football player, played for BoIS, born 1999-05-14",Q5,https://boishistoria.se/visa-data/?what=spelare&id=3458&link=visa-data,
584,"Jönsson, Niklas","Swedish association football player, played for BoIS, born 1996-07-11",Q5,https://boishistoria.se/visa-data/?what=spelare&id=584&link=visa-data,
693,"Jönsson, Rolf","Swedish association football player, played for BoIS, born 1936-04-05",Q5,https://boishistoria.se/visa-data/?what=spelare&id=693&link=visa-data,
728,"Jönsson, Stefan","Swedish association football player, played for BoIS, born 1973-07-17",Q5,https://boishistoria.se/visa-data/?what=spelare&id=728&link=visa-data,
750,"Jönsson, Sture ""Tollabössa""","Swedish association football player, played for BoIS, born 1926-02-09",Q5,https://boishistoria.se/visa-data/?what=spelare&id=750&link=visa-data,
828,"Jönsson, Östen","Swedish association football player, played for BoIS, born 1948-09-20",Q5,https://boishistoria.se/visa-data/?what=spelare&id=828&link=visa-data,
745,"Jörnehav, Stig-Göran","Swedish association football player, played for BoIS, born 1947-12-17",Q5,https://boishistoria.se/visa-data/?what=spelare&id=745&link=visa-data,
34,"Kaddoura, Amr","Swedish association football player, played for BoIS, born 1994-07-01",Q5,https://boishistoria.se/visa-data/?what=spelare&id=34&link=visa-data,
706,"Karim, Sadat","Swedish association football player, played for BoIS, born 1991-10-24",Q5,https://boishistoria.se/visa-data/?what=spelare&id=706&link=visa-data,
39,"Karlsson, Anders","Swedish association football player, played for BoIS, born 1963-04-23",Q5,https://boishistoria.se/visa-data/?what=spelare&id=39&link=visa-data,
60,"Karlsson, Arthur ""Atte""","Swedish association football player, played for BoIS, born 1914-06-23",Q5,https://boishistoria.se/visa-data/?what=spelare&id=60&link=visa-data,
3480,"Karlsson, Conny","Swedish association football player, played for BoIS, born None",Q5,https://boishistoria.se/visa-data/?what=spelare&id=3480&link=visa-data,
174,"Karlsson, Edvin","Swedish association football player, played for BoIS, born 1896-12-13",Q5,https://boishistoria.se/visa-data/?what=spelare&id=174&link=visa-data,
191,"Karlsson, Erik","Swedish association football player, played for BoIS, born 1931-05-10",Q5,https://boishistoria.se/visa-data/?what=spelare&id=191&link=visa-data,
223,"Karlsson, Fredrik","Swedish association football player, played for BoIS, born 1986-05-08",Q5,https://boishistoria.se/visa-data/?what=spelare&id=223&link=visa-data,
234,"Karlsson, Gert","Swedish association football player, played for BoIS, born 1947-02-15",Q5,https://boishistoria.se/visa-data/?what=spelare&id=234&link=visa-data,
343,"Karlsson, John","Swedish association football player, played for BoIS, born 1933-04-06",Q5,https://boishistoria.se/visa-data/?what=spelare&id=343&link=visa-data,
390,"Karlsson, John","Swedish association football player, played for BoIS, born None",Q5,https://boishistoria.se/visa-data/?what=spelare&id=390&link=visa-data,
449,"Karlsson, Kurt ""Kuta""","Swedish association football player, played for BoIS, born 1922-09-24",Q5,https://boishistoria.se/visa-data/?what=spelare&id=449&link=visa-data,
463,"Karlsson, Lars","Swedish association football player, played for BoIS, born 1948-10-18",Q5,https://boishistoria.se/visa-data/?what=spelare&id=463&link=visa-data,
649,"Karlsson, Peter","Swedish association football player, played for BoIS, born 1985-09-03",Q5,https://boishistoria.se/visa-data/?what=spelare&id=649&link=visa-data,
685,"Karlsson, Roger","Swedish association football player, played for BoIS, born 1945-04-12",Q5,https://boishistoria.se/visa-data/?what=spelare&id=685&link=visa-data,
703,"Karlsson, Rune","Swedish association football player, played for BoIS, born 1928-09-07",Q5,https://boishistoria.se/visa-data/?what=spelare&id=703&link=visa-data,
710,"Karlsson, Sebastian","Swedish association football player, played for BoIS, born 1982-04-24",Q5,https://boishistoria.se/visa-data/?what=spelare&id=710&link=visa-data,
720,"Karlsson, Sonny","Swedish association football player, played for BoIS, born 1988-06-14",Q5,https://boishistoria.se/visa-data/?what=spelare&id=720&link=visa-data,
729,"Karlsson, Stefan","Swedish association football player, played for BoIS, born 1956-12-26",Q5,https://boishistoria.se/visa-data/?what=spelare&id=729&link=visa-data,
737,"Karlsson, Stig","Swedish association football player, played for BoIS, born 1937-07-03",Q5,https://boishistoria.se/visa-data/?what=spelare&id=737&link=visa-data,
3762,"Karlsson, Viktor","Swedish association football player, played for BoIS, born 2001-05-18",Q5,https://boishistoria.se/visa-data/?what=spelare&id=3762&link=visa-data,
49,"Kelly, Andrew","Swedish association football player, played for BoIS, born 1984-01-09",Q5,https://boishistoria.se/visa-data/?what=spelare&id=49&link=visa-data,
3589,"Khattab, Osama","Swedish association football player, played for BoIS, born 2002-01-01",Q5,https://boishistoria.se/visa-data/?what=spelare&id=3589&link=visa-data,
450,"Kilcewskis, Kurt ""Killis""","Swedish association football player, played for BoIS, born 1958-02-18",Q5,https://boishistoria.se/visa-data/?what=spelare&id=450&link=visa-data,
507,"Kjellsson, Magnus","Swedish association football player, played for BoIS, born 1979-01-22",Q5,https://boishistoria.se/visa-data/?what=spelare&id=507&link=visa-data,
1,"Klein, Atell","Swedish association football player, played for BoIS, born 1898-11-14",Q5,https://boishistoria.se/visa-data/?what=spelare&id=1&link=visa-data,
344,"Knutsson, Johan","Swedish association football player, played for BoIS, born 1896-04-04",Q5,https://boishistoria.se/visa-data/?what=spelare&id=344&link=visa-data,
395,"Kongsbög, Johnny","Swedish association football player, played for BoIS, born 1966-12-01",Q5,https://boishistoria.se/visa-data/?what=spelare&id=395&link=visa-data,
3756,"Kotto, Samuel","Swedish association football player, played for BoIS, born 2003-09-03",Q5,https://boishistoria.se/visa-data/?what=spelare&id=3756&link=visa-data,
215,"Krasniqi, Florent","Swedish association football player, played for BoIS, born 1995-06-24",Q5,https://boishistoria.se/visa-data/?what=spelare&id=215&link=visa-data,
807,"Kristersson, Valter","Swedish association football player, played for BoIS, born 1903-12-12",Q5,https://boishistoria.se/visa-data/?what=spelare&id=807&link=visa-data,
689,"Kropp, Roland","Swedish association football player, played for BoIS, born 1927-12-19",Q5,https://boishistoria.se/visa-data/?what=spelare&id=689&link=visa-data,
312,"Kruse, Henry","Swedish association football player, played for BoIS, born 1920-01-05",Q5,https://boishistoria.se/visa-data/?what=spelare&id=312&link=visa-data,
9,"Kujovic, Ajsel","Swedish association football player, played for BoIS, born 1986-03-01",Q5,https://boishistoria.se/visa-data/?what=spelare&id=9&link=visa-data,
181,"Kujovic, Emir","Swedish association football player, played for BoIS, born 1988-06-22",Q5,https://boishistoria.se/visa-data/?what=spelare&id=181&link=visa-data,
3733,"Kulego, Emanuel","Swedish association football player, played for BoIS, born 2002-06-07",Q5,https://boishistoria.se/visa-data/?what=spelare&id=3733&link=visa-data,
407,"Kusi Asare, Jones","Swedish association football player, played for BoIS, born 1980-05-21",Q5,https://boishistoria.se/visa-data/?what=spelare&id=407&link=visa-data,
591,"Kvist, Nils","Swedish association football player, played for BoIS, born 1938-03-28",Q5,https://boishistoria.se/visa-data/?what=spelare&id=591&link=visa-data,
624,"Kvist, Patrik","Swedish association football player, played for BoIS, born 1967-03-31",Q5,https://boishistoria.se/visa-data/?what=spelare&id=624&link=visa-data,
755,"Kvist, Svante","Swedish association football player, played for BoIS, born 1904-03-07",Q5,https://boishistoria.se/visa-data/?what=spelare&id=755&link=visa-data,
813,"Kvist, William","Swedish association football player, played for BoIS, born 1994-08-25",Q5,https://boishistoria.se/visa-data/?what=spelare&id=813&link=visa-data,
3679,"Ladan, Nikola","Swedish association football player, played for BoIS, born 1993-03-15",Q5,https://boishistoria.se/visa-data/?what=spelare&id=3679&link=visa-data,
805,"Lai, Valentino","Swedish association football player, played for BoIS, born 1984-02-03",Q5,https://boishistoria.se/visa-data/?what=spelare&id=805&link=visa-data,
288,"Landgren, Harry","Swedish association football player, played for BoIS, born 1939-03-19",Q5,https://boishistoria.se/visa-data/?what=spelare&id=288&link=visa-data,
604,"Langnes, Ole","Swedish association football player, played for BoIS, born 1971-07-16",Q5,https://boishistoria.se/visa-data/?what=spelare&id=604&link=visa-data,
519,"Lantz, Marcus","Swedish association football player, played for BoIS, born 1975-10-23",Q5,https://boishistoria.se/visa-data/?what=spelare&id=519&link=visa-data,
168,"Larsen, Dennis","Swedish association football player, played for BoIS, born 1965-02-27",Q5,https://boishistoria.se/visa-data/?what=spelare&id=168&link=visa-data,
3387,"Larsson, Andreas","Swedish association football player, played for BoIS, born 1973-04-19",Q5,https://boishistoria.se/visa-data/?what=spelare&id=3387&link=visa-data,
51,"Larsson, Anton","Swedish association football player, played for BoIS, born 1991-01-28",Q5,https://boishistoria.se/visa-data/?what=spelare&id=51&link=visa-data,
76,"Larsson, Bengt","Swedish association football player, played for BoIS, born 1938-06-20",Q5,https://boishistoria.se/visa-data/?what=spelare&id=76&link=visa-data,
3487,"Larsson, Henrik","Swedish association football player, played for BoIS, born None",Q5,https://boishistoria.se/visa-data/?what=spelare&id=3487&link=visa-data,
401,"Larsson, Jonas","Swedish association football player, played for BoIS, born 1981-01-21",Q5,https://boishistoria.se/visa-data/?what=spelare&id=401&link=visa-data,
412,"Larsson, Jörgen","Swedish association football player, played for BoIS, born 1971-01-09",Q5,https://boishistoria.se/visa-data/?what=spelare&id=412&link=visa-data,
496,"Larsson, Leo","Swedish association football player, played for BoIS, born 1956-11-12",Q5,https://boishistoria.se/visa-data/?what=spelare&id=496&link=visa-data,
634,"Larsson, Per","Swedish association football player, played for BoIS, born 1954-06-22",Q5,https://boishistoria.se/visa-data/?what=spelare&id=634&link=visa-data,
718,"Larsson, Simon","Swedish association football player, played for BoIS, born 1987-11-08",Q5,https://boishistoria.se/visa-data/?what=spelare&id=718&link=visa-data,
757,"Larsson, Sven ""Lunkan""","Swedish association football player, played for BoIS, born 1939-06-14",Q5,https://boishistoria.se/visa-data/?what=spelare&id=757&link=visa-data,
773,"Larsson, Thomas","Swedish association football player, played for BoIS, born 1978-01-31",Q5,https://boishistoria.se/visa-data/?what=spelare&id=773&link=visa-data,
786,"Larsson, Tommy","Swedish association football player, played for BoIS, born 1951-09-07",Q5,https://boishistoria.se/visa-data/?what=spelare&id=786&link=visa-data,
818,"Larsson, Yngve","Swedish association football player, played for BoIS, born 1916-10-24",Q5,https://boishistoria.se/visa-data/?what=spelare&id=818&link=visa-data,
3761,"Lataj, Albin","Swedish association football player, played for BoIS, born 2005-11-01",Q5,https://boishistoria.se/visa-data/?what=spelare&id=3761&link=visa-data,
183,"Laurenius, Eric","Swedish association football player, played for BoIS, born 1984-03-03",Q5,https://boishistoria.se/visa-data/?what=spelare&id=183&link=visa-data,
501,"Leci, Liridon","Swedish association football player, played for BoIS, born 1985-02-11",Q5,https://boishistoria.se/visa-data/?what=spelare&id=501&link=visa-data,
359,"Leech, Jarrett","Swedish association football player, played for BoIS, born 1986-08-02",Q5,https://boishistoria.se/visa-data/?what=spelare&id=359&link=visa-data,
673,"Lekic, Rajko","Swedish association football player, played for BoIS, born 1981-07-03",Q5,https://boishistoria.se/visa-data/?what=spelare&id=673&link=visa-data,
3385,"Lenty,","Swedish association football player, played for BoIS, born None",Q5,https://boishistoria.se/visa-data/?what=spelare&id=3385&link=visa-data,
363,"Lernesjö, Jesper","Swedish association football player, played for BoIS, born 1995-09-11",Q5,https://boishistoria.se/visa-data/?what=spelare&id=363&link=visa-data,
524,"Leth Pedersen, Mark","Swedish association football player, played for BoIS, born 1989-08-17",Q5,https://boishistoria.se/visa-data/?what=spelare&id=524&link=visa-data,
28,"Levén, Allan ""Kleven""","Swedish association football player, played for BoIS, born 1920-03-28",Q5,https://boishistoria.se/visa-data/?what=spelare&id=28&link=visa-data,
406,"Levi, Jonathan","Swedish association football player, played for BoIS, born 1996-01-23",Q5,https://boishistoria.se/visa-data/?what=spelare&id=406&link=visa-data,
72,"Licina, Belvin","Swedish association football player, played for BoIS, born 1993-10-09",Q5,https://boishistoria.se/visa-data/?what=spelare&id=72&link=visa-data,
650,"Lind, Peter","Swedish association football player, played for BoIS, born 1968-01-30",Q5,https://boishistoria.se/visa-data/?what=spelare&id=650&link=visa-data,
313,"Lindberg, Herbert","Swedish association football player, played for BoIS, born 1903-10-27",Q5,https://boishistoria.se/visa-data/?what=spelare&id=313&link=visa-data,
351,"Lindberg, Jan ""Tjola""","Swedish association football player, played for BoIS, born 1939-04-01",Q5,https://boishistoria.se/visa-data/?what=spelare&id=351&link=visa-data,
542,"Lindberg, Mats","Swedish association football player, played for BoIS, born 1962-05-26",Q5,https://boishistoria.se/visa-data/?what=spelare&id=542&link=visa-data,
592,"Lindberg, Nils","Swedish association football player, played for BoIS, born 1906-03-23",Q5,https://boishistoria.se/visa-data/?what=spelare&id=592&link=visa-data,
713,"Lindberg, Sigfrid ""Sigge""","Swedish association football player, played for BoIS, born 1897-03-26",Q5,https://boishistoria.se/visa-data/?what=spelare&id=713&link=visa-data,
751,"Lindberg, Sture","Swedish association football player, played for BoIS, born 1899-04-20",Q5,https://boishistoria.se/visa-data/?what=spelare&id=751&link=visa-data,
754,"Lindberg, Sune","Swedish association football player, played for BoIS, born 1934-03-19",Q5,https://boishistoria.se/visa-data/?what=spelare&id=754&link=visa-data,
798,"Lindberg, Tore","Swedish association football player, played for BoIS, born 1897-03-20",Q5,https://boishistoria.se/visa-data/?what=spelare&id=798&link=visa-data,
89,"Lindblad, Bertil","Swedish association football player, played for BoIS, born 1931-07-28",Q5,https://boishistoria.se/visa-data/?what=spelare&id=89&link=visa-data,
543,"Lindblad, Mats","Swedish association football player, played for BoIS, born 1967-03-16",Q5,https://boishistoria.se/visa-data/?what=spelare&id=543&link=visa-data,
3766,"Lindeberg, Linus","Swedish association football player, played for BoIS, born 2007-01-01",Q5,https://boishistoria.se/visa-data/?what=spelare&id=3766&link=visa-data,
90,"Lindell, Bertil","Swedish association football player, played for BoIS, born 1941-04-19",Q5,https://boishistoria.se/visa-data/?what=spelare&id=90&link=visa-data,
3576,"Lindell, Carl","Swedish association football player, played for BoIS, born 1991-09-12",Q5,https://boishistoria.se/visa-data/?what=spelare&id=3576&link=visa-data,
193,"Linder, Erik","Swedish association football player, played for BoIS, born 1903-12-23",Q5,https://boishistoria.se/visa-data/?what=spelare&id=193&link=visa-data,
299,"Linder, Henning","Swedish association football player, played for BoIS, born 1905-11-08",Q5,https://boishistoria.se/visa-data/?what=spelare&id=299&link=visa-data,
3486,"Linderoth, Anders","Swedish association football player, played for BoIS, born None",Q5,https://boishistoria.se/visa-data/?what=spelare&id=3486&link=visa-data,
227,"Lindfors, Fritz ""Frille""","Swedish association football player, played for BoIS, born 1895-04-07",Q5,https://boishistoria.se/visa-data/?what=spelare&id=227&link=visa-data,
3490,"Lindfors, Fritz","Swedish association football player, played for BoIS, born None",Q5,https://boishistoria.se/visa-data/?what=spelare&id=3490&link=visa-data,
81,"Lindgren, Bernt","Swedish association football player, played for BoIS, born 1949-02-10",Q5,https://boishistoria.se/visa-data/?what=spelare&id=81&link=visa-data,
136,"Lindgren, Christer ""Huggarn""","Swedish association football player, played for BoIS, born 1947-01-17",Q5,https://boishistoria.se/visa-data/?what=spelare&id=136&link=visa-data,
416,"Lindgren, Kalle","Swedish association football player, played for BoIS, born 1980-04-29",Q5,https://boishistoria.se/visa-data/?what=spelare&id=416&link=visa-data,
491,"Lindgren, Lennart","Swedish association football player, played for BoIS, born 1897-12-20",Q5,https://boishistoria.se/visa-data/?what=spelare&id=491&link=visa-data,
508,"Lindgren, Magnus","Swedish association football player, played for BoIS, born 1971-08-06",Q5,https://boishistoria.se/visa-data/?what=spelare&id=508&link=visa-data,
668,"Lindgren, Rasmus","Swedish association football player, played for BoIS, born 1984-11-29",Q5,https://boishistoria.se/visa-data/?what=spelare&id=668&link=visa-data,
289,"Lindh, Harry","Swedish association football player, played for BoIS, born 1924-10-19",Q5,https://boishistoria.se/visa-data/?what=spelare&id=289&link=visa-data,
402,"Lindh, Jonas","Swedish association football player, played for BoIS, born 1982-06-24",Q5,https://boishistoria.se/visa-data/?what=spelare&id=402&link=visa-data,
272,"Lindholm, Göte","Swedish association football player, played for BoIS, born 1927-02-21",Q5,https://boishistoria.se/visa-data/?what=spelare&id=272&link=visa-data,
3675,"Lindman, Emil","Swedish association football player, played for BoIS, born 2003-02-18",Q5,https://boishistoria.se/visa-data/?what=spelare&id=3675&link=visa-data,
509,"Lindqvist, Magnus","Swedish association football player, played for BoIS, born 1969-12-05",Q5,https://boishistoria.se/visa-data/?what=spelare&id=509&link=visa-data,
322,"Lindroth, Håkan","Swedish association football player, played for BoIS, born 1962-09-22",Q5,https://boishistoria.se/visa-data/?what=spelare&id=322&link=visa-data,
194,"Lindskog, Erik ""Lirra""","Swedish association football player, played for BoIS, born 1903-12-06",Q5,https://boishistoria.se/visa-data/?what=spelare&id=194&link=visa-data,
607,"Lindstedt, Olle","Swedish association football player, played for BoIS, born 1915-09-16",Q5,https://boishistoria.se/visa-data/?what=spelare&id=607&link=visa-data,
437,"Lindstrand, Kjell","Swedish association football player, played for BoIS, born 1939-01-01",Q5,https://boishistoria.se/visa-data/?what=spelare&id=437&link=visa-data,
526,"Lindström, Markus","Swedish association football player, played for BoIS, born 1992-03-23",Q5,https://boishistoria.se/visa-data/?what=spelare&id=526&link=visa-data,
795,"Lindström, Torbjörn","Swedish association football player, played for BoIS, born 1947-05-11",Q5,https://boishistoria.se/visa-data/?what=spelare&id=795&link=visa-data,
438,"Lindvall, Kjell","Swedish association football player, played for BoIS, born 1927-09-16",Q5,https://boishistoria.se/visa-data/?what=spelare&id=438&link=visa-data,
712,"Ling, Sigfrid","Swedish association football player, played for BoIS, born 1899-09-29",Q5,https://boishistoria.se/visa-data/?what=spelare&id=712&link=visa-data,
3669,"Linnér, Albin","Swedish association football player, played for BoIS, born 1999-02-14",Q5,https://boishistoria.se/visa-data/?what=spelare&id=3669&link=visa-data,
224,"Liverstam, Fredrik","Swedish association football player, played for BoIS, born 1988-03-04",Q5,https://boishistoria.se/visa-data/?what=spelare&id=224&link=visa-data,
364,"Ljung, Jesper","Swedish association football player, played for BoIS, born 1973-12-31",Q5,https://boishistoria.se/visa-data/?what=spelare&id=364&link=visa-data,
643,"Ljung, Per-Ola","Swedish association football player, played for BoIS, born 1967-11-07",Q5,https://boishistoria.se/visa-data/?what=spelare&id=643&link=visa-data,
655,"Ljung, Philip","Swedish association football player, played for BoIS, born 1997-11-12",Q5,https://boishistoria.se/visa-data/?what=spelare&id=655&link=visa-data,
40,"Ljungberg, Anders ""Puskas""","Swedish association football player, played for BoIS, born 1947-07-12",Q5,https://boishistoria.se/visa-data/?what=spelare&id=40&link=visa-data,
203,"Ljunggren, Ernst","Swedish association football player, played for BoIS, born 1921-03-28",Q5,https://boishistoria.se/visa-data/?what=spelare&id=203&link=visa-data,
137,"Lorichs, Christer","Swedish association football player, played for BoIS, born 1958-06-07",Q5,https://boishistoria.se/visa-data/?what=spelare&id=137&link=visa-data,
164,"Lukanovic, Darko","Swedish association football player, played for BoIS, born 1984-06-01",Q5,https://boishistoria.se/visa-data/?what=spelare&id=164&link=visa-data,
746,"Lukic, Stojan","Swedish association football player, played for BoIS, born 1979-12-28",Q5,https://boishistoria.se/visa-data/?what=spelare&id=746&link=visa-data,
138,"Lundberg, Christer","Swedish association football player, played for BoIS, born 1949-11-09",Q5,https://boishistoria.se/visa-data/?what=spelare&id=138&link=visa-data,
254,"Lundberg, Gustaf","Swedish association football player, played for BoIS, born 1911-11-26",Q5,https://boishistoria.se/visa-data/?what=spelare&id=254&link=visa-data,
365,"Lundberg, Jesper","Swedish association football player, played for BoIS, born 1993-10-24",Q5,https://boishistoria.se/visa-data/?what=spelare&id=365&link=visa-data,
396,"Lundberg, Johnny","Swedish association football player, played for BoIS, born 1982-04-15",Q5,https://boishistoria.se/visa-data/?what=spelare&id=396&link=visa-data,
787,"Lundh, Tommy 48","Swedish association football player, played for BoIS, born 1948-12-11",Q5,https://boishistoria.se/visa-data/?what=spelare&id=787&link=visa-data,
788,"Lundh, Tommy 65","Swedish association football player, played for BoIS, born 1965-05-13",Q5,https://boishistoria.se/visa-data/?what=spelare&id=788&link=visa-data,
216,"Lundqvist, Folke ""Lunkan""","Swedish association football player, played for BoIS, born 1921-08-29",Q5,https://boishistoria.se/visa-data/?what=spelare&id=216&link=visa-data,
145,"Lydén, Cimon","Swedish association football player, played for BoIS, born 1995-07-25",Q5,https://boishistoria.se/visa-data/?what=spelare&id=145&link=visa-data,
96,"Magnusson, Billy","Swedish association football player, played for BoIS, born 1978-10-21",Q5,https://boishistoria.se/visa-data/?what=spelare&id=96&link=visa-data,
686,"Magnusson, Roger","Swedish association football player, played for BoIS, born 1954-05-19",Q5,https://boishistoria.se/visa-data/?what=spelare&id=686&link=visa-data,
730,"Magnusson, Stefan","Swedish association football player, played for BoIS, born 1962-07-02",Q5,https://boishistoria.se/visa-data/?what=spelare&id=730&link=visa-data,
210,"Magro, Felix","Swedish association football player, played for BoIS, born 1979-02-02",Q5,https://boishistoria.se/visa-data/?what=spelare&id=210&link=visa-data,
3753,"Mahmood, Yosef","Swedish association football player, played for BoIS, born None",Q5,https://boishistoria.se/visa-data/?what=spelare&id=3753&link=visa-data,
836,"Majetic, Ivan","Swedish association football player, played for BoIS, born 2000-06-30",Q5,https://boishistoria.se/visa-data/?what=spelare&id=836&link=visa-data,
782,"Malm, Tobias","Swedish association football player, played for BoIS, born 1992-01-21",Q5,https://boishistoria.se/visa-data/?what=spelare&id=782&link=visa-data,
147,"Malmberg, Claes","Swedish association football player, played for BoIS, born 1952-03-11",Q5,https://boishistoria.se/visa-data/?what=spelare&id=147&link=visa-data,
758,"Malmborg, Sven ""Skinka""","Swedish association football player, played for BoIS, born 1938-03-01",Q5,https://boishistoria.se/visa-data/?what=spelare&id=758&link=visa-data,
419,"Malmqvist, Karl","Swedish association football player, played for BoIS, born 1891-12-15",Q5,https://boishistoria.se/visa-data/?what=spelare&id=419&link=visa-data,
498,"Malmqvist, Linus","Swedish association football player, played for BoIS, born 1981-09-09",Q5,https://boishistoria.se/visa-data/?what=spelare&id=498&link=visa-data,
204,"Malmsten, Ernst","Swedish association football player, played for BoIS, born 1896-02-13",Q5,https://boishistoria.se/visa-data/?what=spelare&id=204&link=visa-data,
635,"Malmsten, Per","Swedish association football player, played for BoIS, born 1971-04-29",Q5,https://boishistoria.se/visa-data/?what=spelare&id=635&link=visa-data,
335,"Manglind, Issa","Swedish association football player, played for BoIS, born 1971-09-22",Q5,https://boishistoria.se/visa-data/?what=spelare&id=335&link=visa-data,
3520,"Mansour, Akram","Swedish association football player, played for BoIS, born 1990-08-16",Q5,https://boishistoria.se/visa-data/?what=spelare&id=3520&link=visa-data,
3477,"Marshall, Frank","Swedish association football player, played for BoIS, born None",Q5,https://boishistoria.se/visa-data/?what=spelare&id=3477&link=visa-data,
257,"Martines, Gustavo","Swedish association football player, played for BoIS, born 1979-02-20",Q5,https://boishistoria.se/visa-data/?what=spelare&id=257&link=visa-data,
558,"Martinsson, Mikael","Swedish association football player, played for BoIS, born 1960-09-18",Q5,https://boishistoria.se/visa-data/?what=spelare&id=558&link=visa-data,
802,"Matanovic, Tvarko","Swedish association football player, played for BoIS, born 1964-06-05",Q5,https://boishistoria.se/visa-data/?what=spelare&id=802&link=visa-data,
566,"Mattsson, Mike","Swedish association football player, played for BoIS, born 1959-01-11",Q5,https://boishistoria.se/visa-data/?what=spelare&id=566&link=visa-data,
259,"Mauermann, Günther","Swedish association football player, played for BoIS, born 1959-06-27",Q5,https://boishistoria.se/visa-data/?what=spelare&id=259&link=visa-data,
3438,"Mesic, Dino","Swedish association football player, played for BoIS, born 1995-02-09",Q5,https://boishistoria.se/visa-data/?what=spelare&id=3438&link=visa-data,
245,"Mickelsson, Torsten ""Gunnar""","Swedish association football player, played for BoIS, born 1926-04-16",Q5,https://boishistoria.se/visa-data/?what=spelare&id=245&link=visa-data,
504,"Mijaljevic, Luka","Swedish association football player, played for BoIS, born 1991-03-09",Q5,https://boishistoria.se/visa-data/?what=spelare&id=504&link=visa-data,
3488,"Milosevic, Zvezdan","Swedish association football player, played for BoIS, born None",Q5,https://boishistoria.se/visa-data/?what=spelare&id=3488&link=visa-data,
162,"Milovanovic, Danijel","Swedish association football player, played for BoIS, born 1973-10-18",Q5,https://boishistoria.se/visa-data/?what=spelare&id=162&link=visa-data,
838,"Miroci, Nezir","Swedish association football player, played for BoIS, born 1992-01-07",Q5,https://boishistoria.se/visa-data/?what=spelare&id=838&link=visa-data,
3760,"Mohamed, Max'Med","Swedish association football player, played for BoIS, born 2001-09-10",Q5,https://boishistoria.se/visa-data/?what=spelare&id=3760&link=visa-data,
326,"Moores, Ian","Swedish association football player, played for BoIS, born 1955-10-05",Q5,https://boishistoria.se/visa-data/?what=spelare&id=326&link=visa-data,
525,"Mugosa, Marko","Swedish association football player, played for BoIS, born 1984-04-04",Q5,https://boishistoria.se/visa-data/?what=spelare&id=525&link=visa-data,
32,"Muharemovic, Amar","Swedish association football player, played for BoIS, born 1986-11-07",Q5,https://boishistoria.se/visa-data/?what=spelare&id=32&link=visa-data,
148,"Munck af Rosenschöld, Claes","Swedish association football player, played for BoIS, born 1917-01-12",Q5,https://boishistoria.se/visa-data/?what=spelare&id=148&link=visa-data,
3623,"Murbeck, Andreas","Swedish association football player, played for BoIS, born 1998-05-01",Q5,https://boishistoria.se/visa-data/?what=spelare&id=3623&link=visa-data,
264,"Månsson, Göran","Swedish association football player, played for BoIS, born 1939-02-27",Q5,https://boishistoria.se/visa-data/?what=spelare&id=264&link=visa-data,
279,"Månsson, Hans","Swedish association football player, played for BoIS, born 1935-05-30",Q5,https://boishistoria.se/visa-data/?what=spelare&id=279&link=visa-data,
761,"Månsson, Sven-Åke","Swedish association football player, played for BoIS, born 1931-05-30",Q5,https://boishistoria.se/visa-data/?what=spelare&id=761&link=visa-data,
80,"Mårtensson, Benny","Swedish association football player, played for BoIS, born 1957-11-06",Q5,https://boishistoria.se/visa-data/?what=spelare&id=80&link=visa-data,
155,"Mårtensson, Dan","Swedish association football player, played for BoIS, born 1951-08-04",Q5,https://boishistoria.se/visa-data/?what=spelare&id=155&link=visa-data,
246,"Mårtensson, Gunnar","Swedish association football player, played for BoIS, born 1903-04-25",Q5,https://boishistoria.se/visa-data/?what=spelare&id=246&link=visa-data,
3554,"Mårtensson, Max","Swedish association football player, played for BoIS, born 2000-01-06",Q5,https://boishistoria.se/visa-data/?what=spelare&id=3554&link=visa-data,
3590,"Mårtensson, Philip","Swedish association football player, played for BoIS, born 1993-09-01",Q5,https://boishistoria.se/visa-data/?what=spelare&id=3590&link=visa-data,
731,"Mårtensson, Stefan","Swedish association football player, played for BoIS, born 1961-02-21",Q5,https://boishistoria.se/visa-data/?what=spelare&id=731&link=visa-data,
552,"Mölder, Max","Swedish association football player, played for BoIS, born 1984-11-14",Q5,https://boishistoria.se/visa-data/?what=spelare&id=552&link=visa-data,
180,"Möller, Emil","Swedish association football player, played for BoIS, born 1988-03-14",Q5,https://boishistoria.se/visa-data/?what=spelare&id=180&link=visa-data,
559,"Möller, Mikael","Swedish association football player, played for BoIS, born 1966-11-03",Q5,https://boishistoria.se/visa-data/?what=spelare&id=559&link=visa-data,
808,"Möller, Valter","Swedish association football player, played for BoIS, born 1934-08-15",Q5,https://boishistoria.se/visa-data/?what=spelare&id=808&link=visa-data,
5,"Nalic, Adi","Swedish association football player, played for BoIS, born 1997-12-01",Q5,https://boishistoria.se/visa-data/?what=spelare&id=5&link=visa-data,
159,"Nannskog, Daniel","Swedish association football player, played for BoIS, born 1974-05-22",Q5,https://boishistoria.se/visa-data/?what=spelare&id=159&link=visa-data,
3727,"Neziri, Adrian","Swedish association football player, played for BoIS, born 2004-04-10",Q5,https://boishistoria.se/visa-data/?what=spelare&id=3727&link=visa-data,
31,"Nezirovac, Alvedin","Swedish association football player, played for BoIS, born 1987-08-08",Q5,https://boishistoria.se/visa-data/?what=spelare&id=31&link=visa-data,
352,"Nielsen, Jan","Swedish association football player, played for BoIS, born 1958-01-06",Q5,https://boishistoria.se/visa-data/?what=spelare&id=352&link=visa-data,
575,"Nielsen, Morten ""1974""","Swedish association football player, played for BoIS, born 1974-10-21",Q5,https://boishistoria.se/visa-data/?what=spelare&id=575&link=visa-data,
574,"Nielsen, Morten ""1990""","Swedish association football player, played for BoIS, born 1990-02-28",Q5,https://boishistoria.se/visa-data/?what=spelare&id=574&link=visa-data,
581,"Nielsen, Nicklas","Swedish association football player, played for BoIS, born 1992-11-27",Q5,https://boishistoria.se/visa-data/?what=spelare&id=581&link=visa-data,
3397,"Nikolaidis, Elias","Swedish association football player, played for BoIS, born 1973-07-12",Q5,https://boishistoria.se/visa-data/?what=spelare&id=3397&link=visa-data,
19,"Nilsson, Alex","Swedish association football player, played for BoIS, born 1992-10-12",Q5,https://boishistoria.se/visa-data/?what=spelare&id=19&link=visa-data,
56,"Nilsson, Arne ""Stolpe""","Swedish association football player, played for BoIS, born 1922-06-30",Q5,https://boishistoria.se/visa-data/?what=spelare&id=56&link=visa-data,
65,"Nilsson, August","Swedish association football player, played for BoIS, born 1895-09-09",Q5,https://boishistoria.se/visa-data/?what=spelare&id=65&link=visa-data,
94,"Nilsson, Bert-Inge ""Badde""","Swedish association football player, played for BoIS, born 1947-05-26",Q5,https://boishistoria.se/visa-data/?what=spelare&id=94&link=visa-data,
91,"Nilsson, Bertil ""Klumpen""","Swedish association football player, played for BoIS, born 1936-01-16",Q5,https://boishistoria.se/visa-data/?what=spelare&id=91&link=visa-data,
101,"Nilsson, Björn","Swedish association football player, played for BoIS, born 1960-04-09",Q5,https://boishistoria.se/visa-data/?what=spelare&id=101&link=visa-data,
108,"Nilsson, Bo","Swedish association football player, played for BoIS, born 1947-04-30",Q5,https://boishistoria.se/visa-data/?what=spelare&id=108&link=visa-data,
123,"Nilsson, Carl","Swedish association football player, played for BoIS, born 1912-02-10",Q5,https://boishistoria.se/visa-data/?what=spelare&id=123&link=visa-data,
195,"Nilsson, Erik","Swedish association football player, played for BoIS, born None",Q5,https://boishistoria.se/visa-data/?what=spelare&id=195&link=visa-data,
218,"Nilsson, Frans ""Hurtig""","Swedish association football player, played for BoIS, born 1891-09-22",Q5,https://boishistoria.se/visa-data/?what=spelare&id=218&link=visa-data,
247,"Nilsson, Gunnar","Swedish association football player, played for BoIS, born 1920-01-23",Q5,https://boishistoria.se/visa-data/?what=spelare&id=247&link=visa-data,
252,"Nilsson, Gunvald","Swedish association football player, played for BoIS, born 1905-02-27",Q5,https://boishistoria.se/visa-data/?what=spelare&id=252&link=visa-data,
268,"Nilsson, Gösta","Swedish association football player, played for BoIS, born 1941-01-22",Q5,https://boishistoria.se/visa-data/?what=spelare&id=268&link=visa-data,
269,"Nilsson, Gösta 06","Swedish association football player, played for BoIS, born 1906-11-14",Q5,https://boishistoria.se/visa-data/?what=spelare&id=269&link=visa-data,
3558,"Nilsson, Hampus","Swedish association football player, played for BoIS, born 2000-06-22",Q5,https://boishistoria.se/visa-data/?what=spelare&id=3558&link=visa-data,
290,"Nilsson, Harry ""Granit-Harry""","Swedish association football player, played for BoIS, born 1916-01-05",Q5,https://boishistoria.se/visa-data/?what=spelare&id=290&link=visa-data,
297,"Nilsson, Helge","Swedish association football player, played for BoIS, born 1909-12-29",Q5,https://boishistoria.se/visa-data/?what=spelare&id=297&link=visa-data,
307,"Nilsson, Henrik ""1975""","Swedish association football player, played for BoIS, born 1975-06-19",Q5,https://boishistoria.se/visa-data/?what=spelare&id=307&link=visa-data,
306,"Nilsson, Henrik","Swedish association football player, played for BoIS, born 1972-07-25",Q5,https://boishistoria.se/visa-data/?what=spelare&id=306&link=visa-data,
317,"Nilsson, Hugo","Swedish association football player, played for BoIS, born 1903-06-11",Q5,https://boishistoria.se/visa-data/?what=spelare&id=317&link=visa-data,
353,"Nilsson, Jan","Swedish association football player, played for BoIS, born 1949-02-10",Q5,https://boishistoria.se/visa-data/?what=spelare&id=353&link=visa-data,
366,"Nilsson, Jesper","Swedish association football player, played for BoIS, born 1970-04-06",Q5,https://boishistoria.se/visa-data/?what=spelare&id=366&link=visa-data,
374,"Nilsson, Joakim","Swedish association football player, played for BoIS, born 1966-03-31",Q5,https://boishistoria.se/visa-data/?what=spelare&id=374&link=visa-data,
391,"Nilsson, John ""Tjodde""","Swedish association football player, played for BoIS, born 1909-09-04",Q5,https://boishistoria.se/visa-data/?what=spelare&id=391&link=visa-data,
413,"Nilsson, Jörgen","Swedish association football player, played for BoIS, born 1984-02-19",Q5,https://boishistoria.se/visa-data/?what=spelare&id=413&link=visa-data,
431,"Nilsson, Kim","Swedish association football player, played for BoIS, born 1972-08-12",Q5,https://boishistoria.se/visa-data/?what=spelare&id=431&link=visa-data,
439,"Nilsson, Kjell ""Orup""","Swedish association football player, played for BoIS, born 1920-02-09",Q5,https://boishistoria.se/visa-data/?what=spelare&id=439&link=visa-data,
464,"Nilsson, Lars","Swedish association football player, played for BoIS, born 1942-05-20",Q5,https://boishistoria.se/visa-data/?what=spelare&id=464&link=visa-data,
470,"Nilsson, Lars-Ove ""Loket""","Swedish association football player, played for BoIS, born 1943-05-29",Q5,https://boishistoria.se/visa-data/?what=spelare&id=470&link=visa-data,
478,"Nilsson, Leif","Swedish association football player, played for BoIS, born 1967-10-28",Q5,https://boishistoria.se/visa-data/?what=spelare&id=478&link=visa-data,
510,"Nilsson, Magnus","Swedish association football player, played for BoIS, born 1975-07-28",Q5,https://boishistoria.se/visa-data/?what=spelare&id=510&link=visa-data,
529,"Nilsson, Martin ""Peder""","Swedish association football player, played for BoIS, born 1909-11-10",Q5,https://boishistoria.se/visa-data/?what=spelare&id=529&link=visa-data,
546,"Nilsson, Mats-Åke","Swedish association football player, played for BoIS, born 1960-03-31",Q5,https://boishistoria.se/visa-data/?what=spelare&id=546&link=visa-data,
550,"Nilsson, Mattias","Swedish association football player, played for BoIS, born 1972-03-04",Q5,https://boishistoria.se/visa-data/?what=spelare&id=550&link=visa-data,
3731,"Nilsson, Max","Swedish association football player, played for BoIS, born 2005-03-11",Q5,https://boishistoria.se/visa-data/?what=spelare&id=3731&link=visa-data,
3575,"Nilsson, Melker","Swedish association football player, played for BoIS, born 2000-04-26",Q5,https://boishistoria.se/visa-data/?what=spelare&id=3575&link=visa-data,
560,"Nilsson, Mikael","Swedish association football player, played for BoIS, born 1970-03-21",Q5,https://boishistoria.se/visa-data/?what=spelare&id=560&link=visa-data,
585,"Nilsson, Niklas","Swedish association football player, played for BoIS, born 1967-03-18",Q5,https://boishistoria.se/visa-data/?what=spelare&id=585&link=visa-data,
593,"Nilsson, Nils","Swedish association football player, played for BoIS, born 1906-02-04",Q5,https://boishistoria.se/visa-data/?what=spelare&id=593&link=visa-data,
644,"Nilsson, Per-Olof","Swedish association football player, played for BoIS, born 1966-04-14",Q5,https://boishistoria.se/visa-data/?what=spelare&id=644&link=visa-data,
672,"Nilsson, Reinhold","Swedish association football player, played for BoIS, born 1900-07-16",Q5,https://boishistoria.se/visa-data/?what=spelare&id=672&link=visa-data,
694,"Nilsson, Rolf","Swedish association football player, played for BoIS, born 1932-09-15",Q5,https://boishistoria.se/visa-data/?what=spelare&id=694&link=visa-data,
697,"Nilsson, Ronnie","Swedish association football player, played for BoIS, born 1951-08-07",Q5,https://boishistoria.se/visa-data/?what=spelare&id=697&link=visa-data,
732,"Nilsson, Stefan","Swedish association football player, played for BoIS, born 1952-12-18",Q5,https://boishistoria.se/visa-data/?what=spelare&id=732&link=visa-data,
733,"Nilsson, Stefan ""Lödde""","Swedish association football player, played for BoIS, born 1959-08-13",Q5,https://boishistoria.se/visa-data/?what=spelare&id=733&link=visa-data,
738,"Nilsson, Stig ""Siffe""","Swedish association football player, played for BoIS, born 1921-04-09",Q5,https://boishistoria.se/visa-data/?what=spelare&id=738&link=visa-data,
760,"Nilsson, Sven-Erik","Swedish association football player, played for BoIS, born 1937-12-28",Q5,https://boishistoria.se/visa-data/?what=spelare&id=760&link=visa-data,
774,"Nilsson, Thomas","Swedish association football player, played for BoIS, born 1968-10-14",Q5,https://boishistoria.se/visa-data/?what=spelare&id=774&link=visa-data,
790,"Nilsson, Tonny","Swedish association football player, played for BoIS, born 1974-01-01",Q5,https://boishistoria.se/visa-data/?what=spelare&id=790&link=visa-data,
825,"Nilsson, Åke","Swedish association football player, played for BoIS, born 1924-03-07",Q5,https://boishistoria.se/visa-data/?what=spelare&id=825&link=visa-data,
837,"Nilsson (90), Hampus","Swedish association football player, played for BoIS, born 1990-07-17",Q5,https://boishistoria.se/visa-data/?what=spelare&id=837&link=visa-data,
576,"Nordbeck, Morten","Swedish association football player, played for BoIS, born 1991-01-18",Q5,https://boishistoria.se/visa-data/?what=spelare&id=576&link=visa-data,
580,"Nordbeck, Mårten","Swedish association football player, played for BoIS, born 1991-01-18",Q5,https://boishistoria.se/visa-data/?what=spelare&id=580&link=visa-data,
41,"Nordberg, Anders","Swedish association football player, played for BoIS, born 1965-10-29",Q5,https://boishistoria.se/visa-data/?what=spelare&id=41&link=visa-data,
205,"Nordin, Ernst ""Ejsie""","Swedish association football player, played for BoIS, born 1920-02-18",Q5,https://boishistoria.se/visa-data/?what=spelare&id=205&link=visa-data,
77,"Nordkvist, Bengt","Swedish association football player, played for BoIS, born 1939-06-21",Q5,https://boishistoria.se/visa-data/?what=spelare&id=77&link=visa-data,
102,"Nordqvist, Björn","Swedish association football player, played for BoIS, born 1942-10-06",Q5,https://boishistoria.se/visa-data/?what=spelare&id=102&link=visa-data,
42,"Nordström, Anders","Swedish association football player, played for BoIS, born 1962-08-28",Q5,https://boishistoria.se/visa-data/?what=spelare&id=42&link=visa-data,
361,"Nordström, Jens","Swedish association football player, played for BoIS, born 1976-09-12",Q5,https://boishistoria.se/visa-data/?what=spelare&id=361&link=visa-data,
383,"Norell, Johan","Swedish association football player, played for BoIS, born 1981-09-29",Q5,https://boishistoria.se/visa-data/?what=spelare&id=383&link=visa-data,
789,"Norell, Tommy","Swedish association football player, played for BoIS, born 1945-11-26",Q5,https://boishistoria.se/visa-data/?what=spelare&id=789&link=visa-data,
3446,"Noring, Viktor","Swedish association football player, played for BoIS, born 1991-02-03",Q5,https://boishistoria.se/visa-data/?what=spelare&id=3446&link=visa-data,
3560,"Nwadike, Patrick","Swedish association football player, played for BoIS, born 1998-08-29",Q5,https://boishistoria.se/visa-data/?what=spelare&id=3560&link=visa-data,
561,"Nyberg, Mikael","Swedish association football player, played for BoIS, born 1959-12-21",Q5,https://boishistoria.se/visa-data/?what=spelare&id=561&link=visa-data,
426,"Nyström, Kenneth","Swedish association football player, played for BoIS, born 1942-09-25",Q5,https://boishistoria.se/visa-data/?what=spelare&id=426&link=visa-data,
3453,"Obanor, Erhun","Swedish association football player, played for BoIS, born 1995-09-05",Q5,https://boishistoria.se/visa-data/?what=spelare&id=3453&link=visa-data,
819,"Obradovic, Zoran","Swedish association football player, played for BoIS, born 1959-12-21",Q5,https://boishistoria.se/visa-data/?what=spelare&id=819&link=visa-data,
3750,"Odhiambo, Xavier","Swedish association football player, played for BoIS, born 2004-10-17",Q5,https://boishistoria.se/visa-data/?what=spelare&id=3750&link=visa-data,
177,"Okine, Emanuel","Swedish association football player, played for BoIS, born 1991-12-17",Q5,https://boishistoria.se/visa-data/?what=spelare&id=177&link=visa-data,
53,"Okkonen, Antti","Swedish association football player, played for BoIS, born 1982-06-06",Q5,https://boishistoria.se/visa-data/?what=spelare&id=53&link=visa-data,
346,"Okoli, James","Swedish association football player, played for BoIS, born 1976-01-11",Q5,https://boishistoria.se/visa-data/?what=spelare&id=346&link=visa-data,
169,"Olofsson, Dennis","Swedish association football player, played for BoIS, born 1996-05-21",Q5,https://boishistoria.se/visa-data/?what=spelare&id=169&link=visa-data,
323,"Olofsson, Håkan","Swedish association football player, played for BoIS, born 1960-06-22",Q5,https://boishistoria.se/visa-data/?what=spelare&id=323&link=visa-data,
468,"Olofsson, Lars-Erik","Swedish association football player, played for BoIS, born 1959-06-15",Q5,https://boishistoria.se/visa-data/?what=spelare&id=468&link=visa-data,
479,"Olofsson, Leif","Swedish association football player, played for BoIS, born 1936-08-09",Q5,https://boishistoria.se/visa-data/?what=spelare&id=479&link=visa-data,
530,"Olofsson, Martin","Swedish association football player, played for BoIS, born 1984-02-05",Q5,https://boishistoria.se/visa-data/?what=spelare&id=530&link=visa-data,
704,"Olofsson, Rune","Swedish association football player, played for BoIS, born 1954-05-20",Q5,https://boishistoria.se/visa-data/?what=spelare&id=704&link=visa-data,
78,"Olsson, Bengt ""Beo""","Swedish association football player, played for BoIS, born 1942-03-25",Q5,https://boishistoria.se/visa-data/?what=spelare&id=78&link=visa-data,
124,"Olsson, Carl ""Bleck""","Swedish association football player, played for BoIS, born 1896-09-06",Q5,https://boishistoria.se/visa-data/?what=spelare&id=124&link=visa-data,
139,"Olsson, Christer","Swedish association football player, played for BoIS, born 1950-02-17",Q5,https://boishistoria.se/visa-data/?what=spelare&id=139&link=visa-data,
196,"Olsson, Erik (Oltner)","Swedish association football player, played for BoIS, born 1915-08-24",Q5,https://boishistoria.se/visa-data/?what=spelare&id=196&link=visa-data,
3551,"Olsson, Filip","Swedish association football player, played for BoIS, born 1999-04-24",Q5,https://boishistoria.se/visa-data/?what=spelare&id=3551&link=visa-data,
225,"Olsson, Fredrik","Swedish association football player, played for BoIS, born 1985-02-04",Q5,https://boishistoria.se/visa-data/?what=spelare&id=225&link=visa-data,
265,"Olsson, Göran","Swedish association football player, played for BoIS, born 1949-02-28",Q5,https://boishistoria.se/visa-data/?what=spelare&id=265&link=visa-data,
280,"Olsson, Hans","Swedish association football player, played for BoIS, born 1922-04-17",Q5,https://boishistoria.se/visa-data/?what=spelare&id=280&link=visa-data,
354,"Olsson, Jan","Swedish association football player, played for BoIS, born 1937-07-20",Q5,https://boishistoria.se/visa-data/?what=spelare&id=354&link=visa-data,
367,"Olsson, Jesper","Swedish association football player, played for BoIS, born 1991-09-18",Q5,https://boishistoria.se/visa-data/?what=spelare&id=367&link=visa-data,
392,"Olsson, John","Swedish association football player, played for BoIS, born 1904-10-02",Q5,https://boishistoria.se/visa-data/?what=spelare&id=392&link=visa-data,
403,"Olsson, Jonas","Swedish association football player, played for BoIS, born 1983-03-10",Q5,https://boishistoria.se/visa-data/?what=spelare&id=403&link=visa-data,
480,"Olsson, Leif ""Pulla""","Swedish association football player, played for BoIS, born 1941-09-19",Q5,https://boishistoria.se/visa-data/?what=spelare&id=480&link=visa-data,
492,"Olsson, Lennart","Swedish association football player, played for BoIS, born 1946-08-22",Q5,https://boishistoria.se/visa-data/?what=spelare&id=492&link=visa-data,
499,"Olsson, Linus 87","Swedish association football player, played for BoIS, born 1987-11-25",Q5,https://boishistoria.se/visa-data/?what=spelare&id=499&link=visa-data,
500,"Olsson, Linus R","Swedish association football player, played for BoIS, born 1991-11-11",Q5,https://boishistoria.se/visa-data/?what=spelare&id=500&link=visa-data,
520,"Olsson, Marcus","Swedish association football player, played for BoIS, born 1988-05-17",Q5,https://boishistoria.se/visa-data/?what=spelare&id=520&link=visa-data,
636,"Olsson, Per","Swedish association football player, played for BoIS, born 1953-11-18",Q5,https://boishistoria.se/visa-data/?what=spelare&id=636&link=visa-data,
637,"Olsson, Per 79","Swedish association football player, played for BoIS, born 1979-01-28",Q5,https://boishistoria.se/visa-data/?what=spelare&id=637&link=visa-data,
651,"Olsson, Peter","Swedish association football player, played for BoIS, born 1972-06-22",Q5,https://boishistoria.se/visa-data/?what=spelare&id=651&link=visa-data,
739,"Olsson, Stig ""Bila""","Swedish association football player, played for BoIS, born 1938-05-26",Q5,https://boishistoria.se/visa-data/?what=spelare&id=739&link=visa-data,
752,"Olsson, Sture","Swedish association football player, played for BoIS, born 1913-06-03",Q5,https://boishistoria.se/visa-data/?what=spelare&id=752&link=visa-data,
759,"Olsson, Sven","Swedish association football player, played for BoIS, born 1940-01-18",Q5,https://boishistoria.se/visa-data/?what=spelare&id=759&link=visa-data,
775,"Olsson, Thomas ""Mottas""","Swedish association football player, played for BoIS, born 1962-05-29",Q5,https://boishistoria.se/visa-data/?what=spelare&id=775&link=visa-data,
652,"Oltner, Peter","Swedish association football player, played for BoIS, born 1976-03-04",Q5,https://boishistoria.se/visa-data/?what=spelare&id=652&link=visa-data,
3552,"Ondrejka, Jacob","Swedish association football player, played for BoIS, born 2002-09-02",Q5,https://boishistoria.se/visa-data/?what=spelare&id=3552&link=visa-data,
3673,"Ondrejka, William","Swedish association football player, played for BoIS, born 2005-06-23",Q5,https://boishistoria.se/visa-data/?what=spelare&id=3673&link=visa-data,
3624,"Ottosson, Filip","Swedish association football player, played for BoIS, born 1996-11-12",Q5,https://boishistoria.se/visa-data/?what=spelare&id=3624&link=visa-data,
360,"Oyando, Jeff","Swedish association football player, played for BoIS, born 1978-03-14",Q5,https://boishistoria.se/visa-data/?what=spelare&id=360&link=visa-data,
54,"Pasagic, Armin","Swedish association football player, played for BoIS, born 1991-02-02",Q5,https://boishistoria.se/visa-data/?what=spelare&id=54&link=visa-data,
3632,"Pauli, Hampus","Swedish association football player, played for BoIS, born 2002-12-05",Q5,https://boishistoria.se/visa-data/?what=spelare&id=3632&link=visa-data,
294,"Paulsson, Hans","Swedish association football player, played for BoIS, born 1925-04-30",Q5,https://boishistoria.se/visa-data/?what=spelare&id=294&link=visa-data,
625,"Paulsson, Patrik","Swedish association football player, played for BoIS, born 1961-05-13",Q5,https://boishistoria.se/visa-data/?what=spelare&id=625&link=visa-data,
776,"Paulsson, Thomas","Swedish association football player, played for BoIS, born 1948-06-04",Q5,https://boishistoria.se/visa-data/?what=spelare&id=776&link=visa-data,
427,"Pavey, Kenny","Swedish association football player, played for BoIS, born 1979-08-23",Q5,https://boishistoria.se/visa-data/?what=spelare&id=427&link=visa-data,
167,"Pavlovic, Dejan","Swedish association football player, played for BoIS, born 1971-01-23",Q5,https://boishistoria.se/visa-data/?what=spelare&id=167&link=visa-data,
562,"Pedersen, Michael","Swedish association football player, played for BoIS, born 1961-02-26",Q5,https://boishistoria.se/visa-data/?what=spelare&id=562&link=visa-data,
341,"Pekalski, Ivo","Swedish association football player, played for BoIS, born 1990-11-03",Q5,https://boishistoria.se/visa-data/?what=spelare&id=341&link=visa-data,
3738,"Perelman, Jacob","Swedish association football player, played for BoIS, born 2004-01-22",Q5,https://boishistoria.se/visa-data/?what=spelare&id=3738&link=visa-data,
43,"Persson, Anders","Swedish association football player, played for BoIS, born 1970-09-03",Q5,https://boishistoria.se/visa-data/?what=spelare&id=43&link=visa-data,
57,"Persson, Arne","Swedish association football player, played for BoIS, born 1958-06-29",Q5,https://boishistoria.se/visa-data/?what=spelare&id=57&link=visa-data,
79,"Persson, Bengt","Swedish association football player, played for BoIS, born 1938-02-09",Q5,https://boishistoria.se/visa-data/?what=spelare&id=79&link=visa-data,
92,"Persson, Bertil","Swedish association football player, played for BoIS, born 1919-03-31",Q5,https://boishistoria.se/visa-data/?what=spelare&id=92&link=visa-data,
93,"Persson, Bertil ""1938""","Swedish association football player, played for BoIS, born 1938-08-28",Q5,https://boishistoria.se/visa-data/?what=spelare&id=93&link=visa-data,
150,"Persson, Claes ""66""","Swedish association football player, played for BoIS, born None",Q5,https://boishistoria.se/visa-data/?what=spelare&id=150&link=visa-data,
149,"Persson, Clas","Swedish association football player, played for BoIS, born 1938-02-03",Q5,https://boishistoria.se/visa-data/?what=spelare&id=149&link=visa-data,
175,"Persson, Edvin","Swedish association football player, played for BoIS, born 1896-02-06",Q5,https://boishistoria.se/visa-data/?what=spelare&id=175&link=visa-data,
197,"Persson, Erik ""1903""","Swedish association football player, played for BoIS, born 1903-06-02",Q5,https://boishistoria.se/visa-data/?what=spelare&id=197&link=visa-data,
198,"Persson, Erik","Swedish association football player, played for BoIS, born 1912-10-28",Q5,https://boishistoria.se/visa-data/?what=spelare&id=198&link=visa-data,
230,"Persson, Georg","Swedish association football player, played for BoIS, born 1929-01-04",Q5,https://boishistoria.se/visa-data/?what=spelare&id=230&link=visa-data,
236,"Persson, Gillis","Swedish association football player, played for BoIS, born 1916-08-07",Q5,https://boishistoria.se/visa-data/?what=spelare&id=236&link=visa-data,
248,"Persson, Gunnar ""Väldan""","Swedish association football player, played for BoIS, born 1918-01-03",Q5,https://boishistoria.se/visa-data/?what=spelare&id=248&link=visa-data,
249,"Persson, Gunnar ""Buckla""","Swedish association football player, played for BoIS, born 1924-06-03",Q5,https://boishistoria.se/visa-data/?what=spelare&id=249&link=visa-data,
255,"Persson, Gustav","Swedish association football player, played for BoIS, born 1892-08-06",Q5,https://boishistoria.se/visa-data/?what=spelare&id=255&link=visa-data,
830,"Persson, Gustav","Swedish association football player, played for BoIS, born None",Q5,https://boishistoria.se/visa-data/?what=spelare&id=830&link=visa-data,
266,"Persson, Göran","Swedish association football player, played for BoIS, born 1943-01-13",Q5,https://boishistoria.se/visa-data/?what=spelare&id=266&link=visa-data,
281,"Persson, Hans","Swedish association football player, played for BoIS, born 1913-12-27",Q5,https://boishistoria.se/visa-data/?what=spelare&id=281&link=visa-data,
293,"Persson, Hans ""HP""","Swedish association football player, played for BoIS, born 1929-01-20",Q5,https://boishistoria.se/visa-data/?what=spelare&id=293&link=visa-data,
298,"Persson, Helge","Swedish association football player, played for BoIS, born 1893-10-25",Q5,https://boishistoria.se/visa-data/?what=spelare&id=298&link=visa-data,
300,"Persson, Henning ""Moffin""","Swedish association football player, played for BoIS, born 1899-10-12",Q5,https://boishistoria.se/visa-data/?what=spelare&id=300&link=visa-data,
301,"Persson, Henning ""Penna""","Swedish association football player, played for BoIS, born 1904-06-22",Q5,https://boishistoria.se/visa-data/?what=spelare&id=301&link=visa-data,
355,"Persson, Jan","Swedish association football player, played for BoIS, born 1921-01-25",Q5,https://boishistoria.se/visa-data/?what=spelare&id=355&link=visa-data,
368,"Persson, Jesper","Swedish association football player, played for BoIS, born 1967-07-17",Q5,https://boishistoria.se/visa-data/?what=spelare&id=368&link=visa-data,
375,"Persson, Joakim","Swedish association football player, played for BoIS, born 1975-04-03",Q5,https://boishistoria.se/visa-data/?what=spelare&id=375&link=visa-data,
384,"Persson, Johan","Swedish association football player, played for BoIS, born 1984-06-20",Q5,https://boishistoria.se/visa-data/?what=spelare&id=384&link=visa-data,
393,"Persson, Johnny","Swedish association football player, played for BoIS, born 1914-03-23",Q5,https://boishistoria.se/visa-data/?what=spelare&id=393&link=visa-data,
432,"Persson, Kim","Swedish association football player, played for BoIS, born 1995-03-12",Q5,https://boishistoria.se/visa-data/?what=spelare&id=432&link=visa-data,
451,"Persson, Kurt","Swedish association football player, played for BoIS, born 1922-02-21",Q5,https://boishistoria.se/visa-data/?what=spelare&id=451&link=visa-data,
3426,"Persson, Kurt ""Sula""","Swedish association football player, played for BoIS, born 1933-10-16",Q5,https://boishistoria.se/visa-data/?what=spelare&id=3426&link=visa-data,
481,"Persson, Leif","Swedish association football player, played for BoIS, born 1933-09-24",Q5,https://boishistoria.se/visa-data/?what=spelare&id=481&link=visa-data,
669,"Persson, Rasmus","Swedish association football player, played for BoIS, born 1998-04-14",Q5,https://boishistoria.se/visa-data/?what=spelare&id=669&link=visa-data,
740,"Persson, Stig ""1930""","Swedish association football player, played for BoIS, born 1930-08-28",Q5,https://boishistoria.se/visa-data/?what=spelare&id=740&link=visa-data,
741,"Persson, Stig","Swedish association football player, played for BoIS, born 1941-07-05",Q5,https://boishistoria.se/visa-data/?what=spelare&id=741&link=visa-data,
764,"Persson, Sölve","Swedish association football player, played for BoIS, born 1939-01-27",Q5,https://boishistoria.se/visa-data/?what=spelare&id=764&link=visa-data,
120,"Petersson, Carl","Swedish association football player, played for BoIS, born 1895-05-21",Q5,https://boishistoria.se/visa-data/?what=spelare&id=120&link=visa-data,
231,"Petersson, Georg ""Joije""","Swedish association football player, played for BoIS, born 1896-11-04",Q5,https://boishistoria.se/visa-data/?what=spelare&id=231&link=visa-data,
267,"Petersson, Göran","Swedish association football player, played for BoIS, born 1956-05-14",Q5,https://boishistoria.se/visa-data/?what=spelare&id=267&link=visa-data,
385,"Petersson, Johan","Swedish association football player, played for BoIS, born 1981-04-01",Q5,https://boishistoria.se/visa-data/?what=spelare&id=385&link=visa-data,
613,"Petersson, Oscar","Swedish association football player, played for BoIS, born 1891-10-12",Q5,https://boishistoria.se/visa-data/?what=spelare&id=613&link=visa-data,
3602,"Petersson, Oscar","Swedish association football player, played for BoIS, born 1999-02-26",Q5,https://boishistoria.se/visa-data/?what=spelare&id=3602&link=visa-data,
339,"Petrov, Ivan","Swedish association football player, played for BoIS, born 1955-08-04",Q5,https://boishistoria.se/visa-data/?what=spelare&id=339&link=visa-data,
3549,"Petrovic, Luka","Swedish association football player, played for BoIS, born 2001-08-25",Q5,https://boishistoria.se/visa-data/?what=spelare&id=3549&link=visa-data,
68,"Pettersson, Axel","Swedish association football player, played for BoIS, born 1909-12-31",Q5,https://boishistoria.se/visa-data/?what=spelare&id=68&link=visa-data,
256,"Pettersson, Gustav","Swedish association football player, played for BoIS, born None",Q5,https://boishistoria.se/visa-data/?what=spelare&id=256&link=visa-data,
302,"Pettersson, Henning","Swedish association football player, played for BoIS, born 1907-02-16",Q5,https://boishistoria.se/visa-data/?what=spelare&id=302&link=visa-data,
358,"Pettersson, Janne","Swedish association football player, played for BoIS, born 1912-03-21",Q5,https://boishistoria.se/visa-data/?what=spelare&id=358&link=visa-data,
414,"Pettersson, Jörgen","Swedish association football player, played for BoIS, born 1975-09-29",Q5,https://boishistoria.se/visa-data/?what=spelare&id=414&link=visa-data,
415,"Pettersson, Jörn","Swedish association football player, played for BoIS, born 1947-11-20",Q5,https://boishistoria.se/visa-data/?what=spelare&id=415&link=visa-data,
714,"Pettersson, Sigvard ""Kallinge""","Swedish association football player, played for BoIS, born 1928-12-19",Q5,https://boishistoria.se/visa-data/?what=spelare&id=714&link=visa-data,
213,"Pivkovski, Filip","Swedish association football player, played for BoIS, born 1994-01-31",Q5,https://boishistoria.se/visa-data/?what=spelare&id=213&link=visa-data,
18,"Plekalo, Alem","Swedish association football player, played for BoIS, born 1994-05-01",Q5,https://boishistoria.se/visa-data/?what=spelare&id=18&link=visa-data,
160,"Pode, Daniel","Swedish association football player, played for BoIS, born 1983-10-12",Q5,https://boishistoria.se/visa-data/?what=spelare&id=160&link=visa-data,
503,"Pou, Lucas","Swedish association football player, played for BoIS, born 1979-06-16",Q5,https://boishistoria.se/visa-data/?what=spelare&id=503&link=visa-data,
662,"Prica, Rade","Swedish association football player, played for BoIS, born 1980-06-30",Q5,https://boishistoria.se/visa-data/?what=spelare&id=662&link=visa-data,
3586,"Prudence, Passi","Swedish association football player, played for BoIS, born 1999-08-15",Q5,https://boishistoria.se/visa-data/?what=spelare&id=3586&link=visa-data,
250,"Prütz, Gunnar","Swedish association football player, played for BoIS, born 1899-03-19",Q5,https://boishistoria.se/visa-data/?what=spelare&id=250&link=visa-data,
199,"Pärsson, Erik","Swedish association football player, played for BoIS, born 1994-04-07",Q5,https://boishistoria.se/visa-data/?what=spelare&id=199&link=visa-data,
3383,"Radic, Goran","Swedish association football player, played for BoIS, born None",Q5,https://boishistoria.se/visa-data/?what=spelare&id=3383&link=visa-data,
3759,"Rahmani, Rassa","Swedish association football player, played for BoIS, born 1999-12-14",Q5,https://boishistoria.se/visa-data/?what=spelare&id=3759&link=visa-data,
33,"Ralani, Amethyst Bradley","Swedish association football player, played for BoIS, born 1987-10-04",Q5,https://boishistoria.se/visa-data/?what=spelare&id=33&link=visa-data,
570,"Ramadan, Mohamed","Swedish association football player, played for BoIS, born 1991-04-04",Q5,https://boishistoria.se/visa-data/?what=spelare&id=570&link=visa-data,
3601,"Rapp, Johan","Swedish association football player, played for BoIS, born 2001-02-08",Q5,https://boishistoria.se/visa-data/?what=spelare&id=3601&link=visa-data,
356,"Rasmusson, Jan","Swedish association football player, played for BoIS, born 1955-03-10",Q5,https://boishistoria.se/visa-data/?what=spelare&id=356&link=visa-data,
445,"Rasmusson, Kurt","Swedish association football player, played for BoIS, born 1926-07-17",Q5,https://boishistoria.se/visa-data/?what=spelare&id=445&link=visa-data,
690,"Rasmusson, Roland","Swedish association football player, played for BoIS, born 1950-12-31",Q5,https://boishistoria.se/visa-data/?what=spelare&id=690&link=visa-data,
742,"Rasmusson, Stig","Swedish association football player, played for BoIS, born 1924-08-09",Q5,https://boishistoria.se/visa-data/?what=spelare&id=742&link=visa-data,
777,"Raun, Thomas","Swedish association football player, played for BoIS, born 1984-06-29",Q5,https://boishistoria.se/visa-data/?what=spelare&id=777&link=visa-data,
29,"Ravn Jensen, Allan","Swedish association football player, played for BoIS, born 1974-02-04",Q5,https://boishistoria.se/visa-data/?what=spelare&id=29&link=visa-data,
3468,"Raynor, George","Swedish association football player, played for BoIS, born None",Q5,https://boishistoria.se/visa-data/?what=spelare&id=3468&link=visa-data,
531,"Rentschler, Martin","Swedish association football player, played for BoIS, born 1967-10-18",Q5,https://boishistoria.se/visa-data/?what=spelare&id=531&link=visa-data,
170,"Ridell, Dick","Swedish association football player, played for BoIS, born 1963-07-18",Q5,https://boishistoria.se/visa-data/?what=spelare&id=170&link=visa-data,
521,"Rietz, Marcus","Swedish association football player, played for BoIS, born 1977-04-29",Q5,https://boishistoria.se/visa-data/?what=spelare&id=521&link=visa-data,
152,"Rosén, Conny","Swedish association football player, played for BoIS, born 1971-03-24",Q5,https://boishistoria.se/visa-data/?what=spelare&id=152&link=visa-data,
493,"Rosenberg, Lennart","Swedish association football player, played for BoIS, born 1936-02-01",Q5,https://boishistoria.se/visa-data/?what=spelare&id=493&link=visa-data,
362,"Rosengren, Jerry","Swedish association football player, played for BoIS, born 1946-03-05",Q5,https://boishistoria.se/visa-data/?what=spelare&id=362&link=visa-data,
534,"Roswall, Mathias","Swedish association football player, played for BoIS, born 1978-07-27",Q5,https://boishistoria.se/visa-data/?what=spelare&id=534&link=visa-data,
548,"Roswall, Matthias","Swedish association football player, played for BoIS, born 1978-07-27",Q5,https://boishistoria.se/visa-data/?what=spelare&id=548&link=visa-data,
511,"Rothoff, Magnus","Swedish association football player, played for BoIS, born 1971-05-03",Q5,https://boishistoria.se/visa-data/?what=spelare&id=511&link=visa-data,
532,"Rudolfsson, Martin","Swedish association football player, played for BoIS, born 1988-10-21",Q5,https://boishistoria.se/visa-data/?what=spelare&id=532&link=visa-data,
563,"Rynell, Mikael","Swedish association football player, played for BoIS, born 1982-02-25",Q5,https://boishistoria.se/visa-data/?what=spelare&id=563&link=visa-data,
582,"Rönne, Niclas","Swedish association football player, played for BoIS, born 1986-03-21",Q5,https://boishistoria.se/visa-data/?what=spelare&id=582&link=visa-data,
200,"Rönningberg, Erik","Swedish association football player, played for BoIS, born 1983-06-09",Q5,https://boishistoria.se/visa-data/?what=spelare&id=200&link=visa-data,
3559,"Saber, Elias","Swedish association football player, played for BoIS, born 2001-09-12",Q5,https://boishistoria.se/visa-data/?what=spelare&id=3559&link=visa-data,
3771,"Sachpekidis, Filip","Swedish association football player, played for BoIS, born 1997-09-03",Q5,https://boishistoria.se/visa-data/?what=spelare&id=3771&link=visa-data,
715,"Sacks, Sigvard","Swedish association football player, played for BoIS, born 1901-03-08",Q5,https://boishistoria.se/visa-data/?what=spelare&id=715&link=visa-data,
156,"Sadé, Dan","Swedish association football player, played for BoIS, born 1982-12-19",Q5,https://boishistoria.se/visa-data/?what=spelare&id=156&link=visa-data,
3466,"Saglamoglu, Ilyas","Swedish association football player, played for BoIS, born 1981-02-24",Q5,https://boishistoria.se/visa-data/?what=spelare&id=3466&link=visa-data,
201,"Sahlin, Erik","Swedish association football player, played for BoIS, born 1988-04-15",Q5,https://boishistoria.se/visa-data/?what=spelare&id=201&link=visa-data,
3522,"Sampsted, Alfons","Swedish association football player, played for BoIS, born 1998-04-06",Q5,https://boishistoria.se/visa-data/?what=spelare&id=3522&link=visa-data,
3450,"Samuel, Monday","Swedish association football player, played for BoIS, born 1993-11-12",Q5,https://boishistoria.se/visa-data/?what=spelare&id=3450&link=visa-data,
494,"Samuelsson, Lennart","Swedish association football player, played for BoIS, born 1938-06-14",Q5,https://boishistoria.se/visa-data/?what=spelare&id=494&link=visa-data,
327,"Sanchez, Ignacio","Swedish association football player, played for BoIS, born 1978-09-08",Q5,https://boishistoria.se/visa-data/?what=spelare&id=327&link=visa-data,
26,"Sandberg, Algot","Swedish association football player, played for BoIS, born 1903-06-12",Q5,https://boishistoria.se/visa-data/?what=spelare&id=26&link=visa-data,
125,"Sandberg, Carl","Swedish association football player, played for BoIS, born 1911-05-13",Q5,https://boishistoria.se/visa-data/?what=spelare&id=125&link=visa-data,
151,"Sandberg, Claes","Swedish association football player, played for BoIS, born 1943-08-25",Q5,https://boishistoria.se/visa-data/?what=spelare&id=151&link=visa-data,
206,"Sandberg, Ernst","Swedish association football player, played for BoIS, born 1904-03-09",Q5,https://boishistoria.se/visa-data/?what=spelare&id=206&link=visa-data,
564,"Sandholm, Mikael","Swedish association football player, played for BoIS, born 1963-03-19",Q5,https://boishistoria.se/visa-data/?what=spelare&id=564&link=visa-data,
404,"Sandqvist, Jonas","Swedish association football player, played for BoIS, born 1981-05-26",Q5,https://boishistoria.se/visa-data/?what=spelare&id=404&link=visa-data,
3749,"Sanyang, Gibril","Swedish association football player, played for BoIS, born 2005-03-15",Q5,https://boishistoria.se/visa-data/?what=spelare&id=3749&link=visa-data,
128,"Sarr, Cheikh","Swedish association football player, played for BoIS, born 1987-03-15",Q5,https://boishistoria.se/visa-data/?what=spelare&id=128&link=visa-data,
329,"Saveljev, Igor","Swedish association football player, played for BoIS, born 1962-09-18",Q5,https://boishistoria.se/visa-data/?what=spelare&id=329&link=visa-data,
44,"Schei Lindbaek, André","Swedish association football player, played for BoIS, born 1977-11-01",Q5,https://boishistoria.se/visa-data/?what=spelare&id=44&link=visa-data,
631,"Schramm, Peter ""Pecka""","Swedish association football player, played for BoIS, born 1956-06-20",Q5,https://boishistoria.se/visa-data/?what=spelare&id=631&link=visa-data,
3475,"Schramm, Ulf","Swedish association football player, played for BoIS, born None",Q5,https://boishistoria.se/visa-data/?what=spelare&id=3475&link=visa-data,
638,"Sefort, Per","Swedish association football player, played for BoIS, born 1966-03-21",Q5,https://boishistoria.se/visa-data/?what=spelare&id=638&link=visa-data,
660,"Segerström, Pontus","Swedish association football player, played for BoIS, born 1981-02-17",Q5,https://boishistoria.se/visa-data/?what=spelare&id=660&link=visa-data,
3767,"Selani, Albin","Swedish association football player, played for BoIS, born 2005-03-31",Q5,https://boishistoria.se/visa-data/?what=spelare&id=3767&link=visa-data,
568,"Selimovic, Mirza","Swedish association football player, played for BoIS, born 1990-10-12",Q5,https://boishistoria.se/visa-data/?what=spelare&id=568&link=visa-data,
324,"Selin, Håkan","Swedish association football player, played for BoIS, born 1967-11-12",Q5,https://boishistoria.se/visa-data/?what=spelare&id=324&link=visa-data,
502,"Shala, Lorent","Swedish association football player, played for BoIS, born 1996-04-21",Q5,https://boishistoria.se/visa-data/?what=spelare&id=502&link=visa-data,
13,"Shipshani, Alban","Swedish association football player, played for BoIS, born 1987-12-17",Q5,https://boishistoria.se/visa-data/?what=spelare&id=13&link=visa-data,
3722,"Shraim, Mallek","Swedish association football player, played for BoIS, born 2003-07-24",Q5,https://boishistoria.se/visa-data/?what=spelare&id=3722&link=visa-data,
303,"Sillanpää, Henri","Swedish association football player, played for BoIS, born 1979-06-04",Q5,https://boishistoria.se/visa-data/?what=spelare&id=303&link=visa-data,
609,"Simrén, Olof","Swedish association football player, played for BoIS, born 1976-04-16",Q5,https://boishistoria.se/visa-data/?what=spelare&id=609&link=visa-data,
3521,"Sise, Joe","Swedish association football player, played for BoIS, born 1989-12-12",Q5,https://boishistoria.se/visa-data/?what=spelare&id=3521&link=visa-data,
512,"Sivnert, Magnus","Swedish association football player, played for BoIS, born 1972-10-31",Q5,https://boishistoria.se/visa-data/?what=spelare&id=512&link=visa-data,
778,"Sjunnesson, Thomas","Swedish association football player, played for BoIS, born 1958-01-21",Q5,https://boishistoria.se/visa-data/?what=spelare&id=778&link=visa-data,
58,"Sjöberg, Arne","Swedish association football player, played for BoIS, born 1926-12-31",Q5,https://boishistoria.se/visa-data/?what=spelare&id=58&link=visa-data,
357,"Sjöberg, Jan-Erik ""Prillan""","Swedish association football player, played for BoIS, born 1946-09-14",Q5,https://boishistoria.se/visa-data/?what=spelare&id=357&link=visa-data,
109,"Sjöblom, Bo","Swedish association football player, played for BoIS, born 1947-07-12",Q5,https://boishistoria.se/visa-data/?what=spelare&id=109&link=visa-data,
522,"Sjöblom, Marcus","Swedish association football player, played for BoIS, born 1975-10-08",Q5,https://boishistoria.se/visa-data/?what=spelare&id=522&link=visa-data,
3676,"Sjögren, Isak","Swedish association football player, played for BoIS, born 2003-01-01",Q5,https://boishistoria.se/visa-data/?what=spelare&id=3676&link=visa-data,
3683,"Sjögren, Isak","Swedish association football player, played for BoIS, born 2005-01-01",Q5,https://boishistoria.se/visa-data/?what=spelare&id=3683&link=visa-data,
602,"Sjöholm, Ola","Swedish association football player, played for BoIS, born 1977-08-11",Q5,https://boishistoria.se/visa-data/?what=spelare&id=602&link=visa-data,
799,"Sjöholm, Tore","Swedish association football player, played for BoIS, born 1916-10-17",Q5,https://boishistoria.se/visa-data/?what=spelare&id=799&link=visa-data,
369,"Sjöland, Jesper","Swedish association football player, played for BoIS, born 1997-08-14",Q5,https://boishistoria.se/visa-data/?what=spelare&id=369&link=visa-data,
30,"Sjöstedt, Allan","Swedish association football player, played for BoIS, born 1897-02-27",Q5,https://boishistoria.se/visa-data/?what=spelare&id=30&link=visa-data,
282,"Skog, Hans","Swedish association football player, played for BoIS, born 1933-03-16",Q5,https://boishistoria.se/visa-data/?what=spelare&id=282&link=visa-data,
3667,"Smajic, Allen","Swedish association football player, played for BoIS, born 2006-01-12",Q5,https://boishistoria.se/visa-data/?what=spelare&id=3667&link=visa-data,
3469,"Somfai, Sandor","Swedish association football player, played for BoIS, born None",Q5,https://boishistoria.se/visa-data/?what=spelare&id=3469&link=visa-data,
3489,"Sopi, Agim","Swedish association football player, played for BoIS, born None",Q5,https://boishistoria.se/visa-data/?what=spelare&id=3489&link=visa-data,
10,"Sosseh, Alagie","Swedish association football player, played for BoIS, born 1986-07-21",Q5,https://boishistoria.se/visa-data/?what=spelare&id=10&link=visa-data,
3476,"Spurgeon, Keith","Swedish association football player, played for BoIS, born None",Q5,https://boishistoria.se/visa-data/?what=spelare&id=3476&link=visa-data,
166,"Spångberg, David","Swedish association football player, played for BoIS, born 1889-11-05",Q5,https://boishistoria.se/visa-data/?what=spelare&id=166&link=visa-data,
50,"Stadler, Andrew","Swedish association football player, played for BoIS, born 1988-01-05",Q5,https://boishistoria.se/visa-data/?what=spelare&id=50&link=visa-data,
3454,"Stagova, Granit","Swedish association football player, played for BoIS, born 1997-05-08",Q5,https://boishistoria.se/visa-data/?what=spelare&id=3454&link=visa-data,
3720,"Stark, Christian","Swedish association football player, played for BoIS, born None",Q5,https://boishistoria.se/visa-data/?what=spelare&id=3720&link=visa-data,
3729,"Stark, Christian","Swedish association football player, played for BoIS, born 2006-01-19",Q5,https://boishistoria.se/visa-data/?what=spelare&id=3729&link=visa-data,
70,"Stefanidis, Babis","Swedish association football player, played for BoIS, born 1981-03-08",Q5,https://boishistoria.se/visa-data/?what=spelare&id=70&link=visa-data,
59,"Stefansson, Arni","Swedish association football player, played for BoIS, born 1953-10-10",Q5,https://boishistoria.se/visa-data/?what=spelare&id=59&link=visa-data,
677,"Stenbacka, Rickard","Swedish association football player, played for BoIS, born 1973-07-13",Q5,https://boishistoria.se/visa-data/?what=spelare&id=677&link=visa-data,
3478,"Stendal, Kurt","Swedish association football player, played for BoIS, born None",Q5,https://boishistoria.se/visa-data/?what=spelare&id=3478&link=visa-data,
386,"Stevén, Johan","Swedish association football player, played for BoIS, born 1974-07-02",Q5,https://boishistoria.se/visa-data/?what=spelare&id=386&link=visa-data,
804,"Stoltz, Urban","Swedish association football player, played for BoIS, born 1965-07-20",Q5,https://boishistoria.se/visa-data/?what=spelare&id=804&link=visa-data,
3481,"Storm, Torben","Swedish association football player, played for BoIS, born None",Q5,https://boishistoria.se/visa-data/?what=spelare&id=3481&link=visa-data,
3672,"Strid, Jesper","Swedish association football player, played for BoIS, born 2001-09-19",Q5,https://boishistoria.se/visa-data/?what=spelare&id=3672&link=visa-data,
800,"Ström, Tore","Swedish association football player, played for BoIS, born 1913-04-01",Q5,https://boishistoria.se/visa-data/?what=spelare&id=800&link=visa-data,
743,"Sturesson, Stig","Swedish association football player, played for BoIS, born 1918-07-25",Q5,https://boishistoria.se/visa-data/?what=spelare&id=743&link=visa-data,
131,"Sullivan, Chris","Swedish association football player, played for BoIS, born 1965-04-18",Q5,https://boishistoria.se/visa-data/?what=spelare&id=131&link=visa-data,
3728,"Sundberg, Vincent","Swedish association football player, played for BoIS, born 2004-01-28",Q5,https://boishistoria.se/visa-data/?what=spelare&id=3728&link=visa-data,
3553,"Sundström, Joel","Swedish association football player, played for BoIS, born 2001-08-15",Q5,https://boishistoria.se/visa-data/?what=spelare&id=3553&link=visa-data,
626,"Sundström, Patrik","Swedish association football player, played for BoIS, born 1970-08-12",Q5,https://boishistoria.se/visa-data/?what=spelare&id=626&link=visa-data,
3730,"Sunesson, Lukas","Swedish association football player, played for BoIS, born 1998-10-02",Q5,https://boishistoria.se/visa-data/?what=spelare&id=3730&link=visa-data,
226,"Svanbäck, Fredrik","Swedish association football player, played for BoIS, born 1979-05-12",Q5,https://boishistoria.se/visa-data/?what=spelare&id=226&link=visa-data,
4,"Svensson, Adam","Swedish association football player, played for BoIS, born 1991-04-13",Q5,https://boishistoria.se/visa-data/?what=spelare&id=4&link=visa-data,
110,"Svensson, Bo","Swedish association football player, played for BoIS, born 1944-09-07",Q5,https://boishistoria.se/visa-data/?what=spelare&id=110&link=visa-data,
235,"Svensson, Gert-Inge","Swedish association football player, played for BoIS, born 1945-11-07",Q5,https://boishistoria.se/visa-data/?what=spelare&id=235&link=visa-data,
829,"Svensson, John","Swedish association football player, played for BoIS, born 1900-03-10",Q5,https://boishistoria.se/visa-data/?what=spelare&id=829&link=visa-data,
544,"Svensson, Mats","Swedish association football player, played for BoIS, born 1971-11-22",Q5,https://boishistoria.se/visa-data/?what=spelare&id=544&link=visa-data,
586,"Svensson, Niklas","Swedish association football player, played for BoIS, born 1970-04-14",Q5,https://boishistoria.se/visa-data/?what=spelare&id=586&link=visa-data,
594,"Svensson, Nils","Swedish association football player, played for BoIS, born 1902-12-05",Q5,https://boishistoria.se/visa-data/?what=spelare&id=594&link=visa-data,
619,"Svensson, Ove","Swedish association football player, played for BoIS, born 1927-12-18",Q5,https://boishistoria.se/visa-data/?what=spelare&id=619&link=visa-data,
620,"Svensson, Ove ""Saltö""","Swedish association football player, played for BoIS, born 1937-11-10",Q5,https://boishistoria.se/visa-data/?what=spelare&id=620&link=visa-data,
664,"Svensson, Ragnar","Swedish association football player, played for BoIS, born 1902-01-11",Q5,https://boishistoria.se/visa-data/?what=spelare&id=664&link=visa-data,
3473,"Svensson, Rolf","Swedish association football player, played for BoIS, born None",Q5,https://boishistoria.se/visa-data/?what=spelare&id=3473&link=visa-data,
779,"Svensson, Thomas","Swedish association football player, played for BoIS, born 1971-03-04",Q5,https://boishistoria.se/visa-data/?what=spelare&id=779&link=visa-data,
801,"Svensson, Tore","Swedish association football player, played for BoIS, born 1928-05-21",Q5,https://boishistoria.se/visa-data/?what=spelare&id=801&link=visa-data,
812,"Svensson, Viktor","Swedish association football player, played for BoIS, born 1990-03-06",Q5,https://boishistoria.se/visa-data/?what=spelare&id=812&link=visa-data,
614,"Sverrisson, Oskar","Swedish association football player, played for BoIS, born 1992-11-26",Q5,https://boishistoria.se/visa-data/?what=spelare&id=614&link=visa-data,
3772,"Sylisufaj, Edi","Swedish association football player, played for BoIS, born 2000-03-08",Q5,https://boishistoria.se/visa-data/?what=spelare&id=3772&link=visa-data,
826,"Söderblom, Åke","Swedish association football player, played for BoIS, born 1944-01-15",Q5,https://boishistoria.se/visa-data/?what=spelare&id=826&link=visa-data,
140,"Söderstjerna, Christer","Swedish association football player, played for BoIS, born 1951-10-28",Q5,https://boishistoria.se/visa-data/?what=spelare&id=140&link=visa-data,
325,"Söderstjerna, Håkan","Swedish association football player, played for BoIS, born 1975-10-30",Q5,https://boishistoria.se/visa-data/?what=spelare&id=325&link=visa-data,
595,"Söderström, Nils","Swedish association football player, played for BoIS, born 1896-10-04",Q5,https://boishistoria.se/visa-data/?what=spelare&id=595&link=visa-data,
47,"Sördin, Andreas","Swedish association football player, played for BoIS, born 1978-06-07",Q5,https://boishistoria.se/visa-data/?what=spelare&id=47&link=visa-data,
3474,"Sörensen, Finn Willy","Swedish association football player, played for BoIS, born None",Q5,https://boishistoria.se/visa-data/?what=spelare&id=3474&link=visa-data,
579,"Sörensson, Måns","Swedish association football player, played for BoIS, born 1986-04-02",Q5,https://boishistoria.se/visa-data/?what=spelare&id=579&link=visa-data,
698,"Sörensson, Ronny","Swedish association football player, played for BoIS, born 1949-04-08",Q5,https://boishistoria.se/visa-data/?what=spelare&id=698&link=visa-data,
144,"Tapper Holter, Christoffer","Swedish association football player, played for BoIS, born 1988-12-19",Q5,https://boishistoria.se/visa-data/?what=spelare&id=144&link=visa-data,
765,"Tegnér, Kent","Swedish association football player, played for BoIS, born 1950-04-25",Q5,https://boishistoria.se/visa-data/?what=spelare&id=765&link=visa-data,
615,"Test, Test","Swedish association football player, played for BoIS, born None",Q5,https://boishistoria.se/visa-data/?what=spelare&id=615&link=visa-data,
3652,"Test, Test","Swedish association football player, played for BoIS, born 2000-01-01",Q5,https://boishistoria.se/visa-data/?what=spelare&id=3652&link=visa-data,
645,"Theander, Per-Åke","Swedish association football player, played for BoIS, born 1955-07-19",Q5,https://boishistoria.se/visa-data/?what=spelare&id=645&link=visa-data,
695,"Theander, Rolf","Swedish association football player, played for BoIS, born 1957-02-07",Q5,https://boishistoria.se/visa-data/?what=spelare&id=695&link=visa-data,
161,"Theorin, Daniel","Swedish association football player, played for BoIS, born 1983-08-04",Q5,https://boishistoria.se/visa-data/?what=spelare&id=161&link=visa-data,
587,"Thulin, Niklas","Swedish association football player, played for BoIS, born 1979-02-06",Q5,https://boishistoria.se/visa-data/?what=spelare&id=587&link=visa-data,
610,"Thulin, Olof","Swedish association football player, played for BoIS, born 1982-02-25",Q5,https://boishistoria.se/visa-data/?what=spelare&id=610&link=visa-data,
24,"Tkacz, Alexander","Swedish association football player, played for BoIS, born 1993-07-13",Q5,https://boishistoria.se/visa-data/?what=spelare&id=24&link=visa-data,
114,"Tonheta, Bruno","Swedish association football player, played for BoIS, born 1978-08-22",Q5,https://boishistoria.se/visa-data/?what=spelare&id=114&link=visa-data,
630,"Torres, Paul","Swedish association football player, played for BoIS, born 1991-10-22",Q5,https://boishistoria.se/visa-data/?what=spelare&id=630&link=visa-data,
513,"Torvaldsson, Magnus","Swedish association football player, played for BoIS, born 1973-02-22",Q5,https://boishistoria.se/visa-data/?what=spelare&id=513&link=visa-data,
209,"Trstena, Faton","Swedish association football player, played for BoIS, born 1993-07-16",Q5,https://boishistoria.se/visa-data/?what=spelare&id=209&link=visa-data,
545,"Törnqvist, Mats","Swedish association football player, played for BoIS, born 1962-01-08",Q5,https://boishistoria.se/visa-data/?what=spelare&id=545&link=visa-data,
228,"Ucar, Gabriel","Swedish association football player, played for BoIS, born 1982-03-12",Q5,https://boishistoria.se/visa-data/?what=spelare&id=228&link=visa-data,
588,"Uddenäs, Niklas","Swedish association football player, played for BoIS, born 1986-07-12",Q5,https://boishistoria.se/visa-data/?what=spelare&id=588&link=visa-data,
3464,"Ugochukwu Okoli, Sean","Swedish association football player, played for BoIS, born 1993-02-03",Q5,https://boishistoria.se/visa-data/?what=spelare&id=3464&link=visa-data,
535,"Unkuri, Mathias","Swedish association football player, played for BoIS, born 1988-01-16",Q5,https://boishistoria.se/visa-data/?what=spelare&id=535&link=visa-data,
220,"Vah, Fredrick","Swedish association football player, played for BoIS, born 1984-03-29",Q5,https://boishistoria.se/visa-data/?what=spelare&id=220&link=visa-data,
515,"Vahlbeck, Malte","Swedish association football player, played for BoIS, born 1922-02-27",Q5,https://boishistoria.se/visa-data/?what=spelare&id=515&link=visa-data,
342,"Vazgec, Ivo","Swedish association football player, played for BoIS, born 1986-02-06",Q5,https://boishistoria.se/visa-data/?what=spelare&id=342&link=visa-data,
3758,"Veiga, Unai","Swedish association football player, played for BoIS, born 1998-10-09",Q5,https://boishistoria.se/visa-data/?what=spelare&id=3758&link=visa-data,
318,"Vestergren, Harry","Swedish association football player, played for BoIS, born 1893-01-22",Q5,https://boishistoria.se/visa-data/?what=spelare&id=318&link=visa-data,
69,"Vesterlund, Axel","Swedish association football player, played for BoIS, born 1911-05-27",Q5,https://boishistoria.se/visa-data/?what=spelare&id=69&link=visa-data,
639,"Vig, Per","Swedish association football player, played for BoIS, born 1975-08-08",Q5,https://boishistoria.se/visa-data/?what=spelare&id=639&link=visa-data,
657,"Vo-Van, Philip","Swedish association football player, played for BoIS, born 1998-03-05",Q5,https://boishistoria.se/visa-data/?what=spelare&id=657&link=visa-data,
126,"Wagerup, Kaj","Swedish association football player, played for BoIS, born 1929-04-16",Q5,https://boishistoria.se/visa-data/?what=spelare&id=126&link=visa-data,
273,"Waldemarsson, Göte","Swedish association football player, played for BoIS, born 1929-12-29",Q5,https://boishistoria.se/visa-data/?what=spelare&id=273&link=visa-data,
283,"Waldemarsson, Hans","Swedish association football player, played for BoIS, born 1964-10-12",Q5,https://boishistoria.se/visa-data/?what=spelare&id=283&link=visa-data,
551,"Waldh, Mattias","Swedish association football player, played for BoIS, born 1976-03-30",Q5,https://boishistoria.se/visa-data/?what=spelare&id=551&link=visa-data,
767,"Walker, Taylor","Swedish association football player, played for BoIS, born 1958-09-30",Q5,https://boishistoria.se/visa-data/?what=spelare&id=767&link=visa-data,
3398,"Walter, Jonas","Swedish association football player, played for BoIS, born 1974-03-17",Q5,https://boishistoria.se/visa-data/?what=spelare&id=3398&link=visa-data,
736,"Ward, Stephen","Swedish association football player, played for BoIS, born 1960-12-27",Q5,https://boishistoria.se/visa-data/?what=spelare&id=736&link=visa-data,
627,"Weberg, Patric","Swedish association football player, played for BoIS, born 1969-03-13",Q5,https://boishistoria.se/visa-data/?what=spelare&id=627&link=visa-data,
3752,"Wendt, Rasmus","Swedish association football player, played for BoIS, born 2000-05-04",Q5,https://boishistoria.se/visa-data/?what=spelare&id=3752&link=visa-data,
251,"Westberg, Gunnar","Swedish association football player, played for BoIS, born 1903-09-06",Q5,https://boishistoria.se/visa-data/?what=spelare&id=251&link=visa-data,
753,"Westberg, Sture","Swedish association football player, played for BoIS, born 1903-06-15",Q5,https://boishistoria.se/visa-data/?what=spelare&id=753&link=visa-data,
370,"Westerberg, Jesper","Swedish association football player, played for BoIS, born 1986-02-01",Q5,https://boishistoria.se/visa-data/?what=spelare&id=370&link=visa-data,
596,"Westergren, Nils","Swedish association football player, played for BoIS, born 1921-04-12",Q5,https://boishistoria.se/visa-data/?what=spelare&id=596&link=visa-data,
398,"Westerlund, Jan","Swedish association football player, played for BoIS, born 1937-01-07",Q5,https://boishistoria.se/visa-data/?what=spelare&id=398&link=visa-data,
482,"Westerlund, Leif","Swedish association football player, played for BoIS, born 1961-01-09",Q5,https://boishistoria.se/visa-data/?what=spelare&id=482&link=visa-data,
816,"Westerlund, Willy","Swedish association football player, played for BoIS, born 1934-02-06",Q5,https://boishistoria.se/visa-data/?what=spelare&id=816&link=visa-data,
696,"Westher, Rolf","Swedish association football player, played for BoIS, born 1943-12-08",Q5,https://boishistoria.se/visa-data/?what=spelare&id=696&link=visa-data,
3737,"Westström, Gustaf","Swedish association football player, played for BoIS, born 2004-01-18",Q5,https://boishistoria.se/visa-data/?what=spelare&id=3737&link=visa-data,
291,"Wibratt, Harry","Swedish association football player, played for BoIS, born 1921-02-11",Q5,https://boishistoria.se/visa-data/?what=spelare&id=291&link=visa-data,
3734,"Widell, Melker","Swedish association football player, played for BoIS, born 2002-04-19",Q5,https://boishistoria.se/visa-data/?what=spelare&id=3734&link=visa-data,
670,"Wiedesheim Paul, Rasmus","Swedish association football player, played for BoIS, born 1999-02-08",Q5,https://boishistoria.se/visa-data/?what=spelare&id=670&link=visa-data,
3550,"Wihlstrand, Viktor","Swedish association football player, played for BoIS, born 1991-05-07",Q5,https://boishistoria.se/visa-data/?what=spelare&id=3550&link=visa-data,
3471,"Wikdahl, John","Swedish association football player, played for BoIS, born None",Q5,https://boishistoria.se/visa-data/?what=spelare&id=3471&link=visa-data,
682,"Wikman, Robin","Swedish association football player, played for BoIS, born 1986-01-21",Q5,https://boishistoria.se/visa-data/?what=spelare&id=682&link=visa-data,
270,"Wikström, Gösta","Swedish association football player, played for BoIS, born 1927-04-24",Q5,https://boishistoria.se/visa-data/?what=spelare&id=270&link=visa-data,
656,"Wikström, Philip","Swedish association football player, played for BoIS, born 1993-12-17",Q5,https://boishistoria.se/visa-data/?what=spelare&id=656&link=visa-data,
3384,"Wikström, Stefan","Swedish association football player, played for BoIS, born None",Q5,https://boishistoria.se/visa-data/?what=spelare&id=3384&link=visa-data,
744,"Wikström, Stig","Swedish association football player, played for BoIS, born 1939-05-12",Q5,https://boishistoria.se/visa-data/?what=spelare&id=744&link=visa-data,
465,"Wimmerstedt, Lars","Swedish association football player, played for BoIS, born 1944-03-09",Q5,https://boishistoria.se/visa-data/?what=spelare&id=465&link=visa-data,
111,"With, Bo","Swedish association football player, played for BoIS, born 1963-02-20",Q5,https://boishistoria.se/visa-data/?what=spelare&id=111&link=visa-data,
708,"Wright, Sammy","Swedish association football player, played for BoIS, born 1956-09-01",Q5,https://boishistoria.se/visa-data/?what=spelare&id=708&link=visa-data,
653,"Wybrands, Peter","Swedish association football player, played for BoIS, born 1964-01-25",Q5,https://boishistoria.se/visa-data/?what=spelare&id=653&link=visa-data,
130,"Yeboah Addae, Kofi","Swedish association football player, played for BoIS, born 1996-03-14",Q5,https://boishistoria.se/visa-data/?what=spelare&id=130&link=visa-data,
48,"Yngvesson, Andreas","Swedish association football player, played for BoIS, born 1974-08-18",Q5,https://boishistoria.se/visa-data/?what=spelare&id=48&link=visa-data,
571,"Zaaroura, Mohammed","Swedish association football player, played for BoIS, born 1993-12-16",Q5,https://boishistoria.se/visa-data/?what=spelare&id=571&link=visa-data,
3519,"Zadran, Noor","Swedish association football player, played for BoIS, born 1994-08-23",Q5,https://boishistoria.se/visa-data/?what=spelare&id=3519&link=visa-data,
768,"Zahui, Thierry","Swedish association football player, played for BoIS, born 1987-10-22",Q5,https://boishistoria.se/visa-data/?what=spelare&id=768&link=visa-data,
25,"Zaim, Alexander","Swedish association football player, played for BoIS, born 1988-04-21",Q5,https://boishistoria.se/visa-data/?what=spelare&id=25&link=visa-data,
565,"Zander, Mikael","Swedish association football player, played for BoIS, born 1956-10-06",Q5,https://boishistoria.se/visa-data/?what=spelare&id=565&link=visa-data,
572,"Zeba, Morgan","Swedish association football player, played for BoIS, born 1974-08-24",Q5,https://boishistoria.se/visa-data/?what=spelare&id=572&link=visa-data,
330,"Zelinski, Indrek","Swedish association football player, played for BoIS, born 1974-11-13",Q5,https://boishistoria.se/visa-data/?what=spelare&id=330&link=visa-data,
817,"Zuev, Yevgeni","Swedish association football player, played for BoIS, born 1983-03-02",Q5,https://boishistoria.se/visa-data/?what=spelare&id=817&link=visa-data,
495,"Åkergren, Lennart","Swedish association football player, played for BoIS, born 1945-09-06",Q5,https://boishistoria.se/visa-data/?what=spelare&id=495&link=visa-data,
52,"Åkesson, Anton","Swedish association football player, played for BoIS, born 1998-01-20",Q5,https://boishistoria.se/visa-data/?what=spelare&id=52&link=visa-data,
63,"Åkesson, Arvid","Swedish association football player, played for BoIS, born 1912-05-21",Q5,https://boishistoria.se/visa-data/?what=spelare&id=63&link=visa-data,
466,"Åkesson (Veberg), Lars","Swedish association football player, played for BoIS, born 1937-11-17",Q5,https://boishistoria.se/visa-data/?what=spelare&id=466&link=visa-data,
628,"Åström, Patrik","Swedish association football player, played for BoIS, born 1987-08-28",Q5,https://boishistoria.se/visa-data/?what=spelare&id=628&link=visa-data,
118,"Öberg, Börje","Swedish association football player, played for BoIS, born 1924-08-10",Q5,https://boishistoria.se/visa-data/?what=spelare&id=118&link=visa-data,
702,"Österlund, Roy","Swedish association football player, played for BoIS, born 1928-01-02",Q5,https://boishistoria.se/visa-data/?what=spelare&id=702&link=visa-data,
