id,name,desc,type,url,wikidata
569,Mohamed Abo-Shark,"Swedish association football player, played for BoIS, active ?, born 1994-01-29",Q5,https://boishistoria.se/visa-data/?what=spelare&id=569&link=visa-data,
549,Mattias Adelstam,"Swedish association football player, played for BoIS, active ?, born 1982-03-07",Q5,https://boishistoria.se/visa-data/?what=spelare&id=549&link=visa-data,Q3375080
347,Jan Afzelius,"Swedish association football player, played for BoIS, active ?, born 1952-03-02",Q5,https://boishistoria.se/visa-data/?what=spelare&id=347&link=visa-data,
6,Admir Aganovic,"Swedish association football player, played for BoIS, active ?, born 1986-08-25",Q5,https://boishistoria.se/visa-data/?what=spelare&id=6&link=visa-data,
211,Fernando Aguiar,"Swedish association football player, played for BoIS, active ?, born 1972-03-18",Q5,https://boishistoria.se/visa-data/?what=spelare&id=211&link=visa-data,
221,Fredrik Ahl,"Swedish association football player, played for BoIS, active ?, born 1987-06-08",Q5,https://boishistoria.se/visa-data/?what=spelare&id=221&link=visa-data,
182,Enis Ahmetovic,"Swedish association football player, played for BoIS, active ?, born 1992-01-26",Q5,https://boishistoria.se/visa-data/?what=spelare&id=182&link=visa-data,Q19787867
734,Sten Ahnelöv,"Swedish association football player, played for BoIS, active ?, born 1926-01-18",Q5,https://boishistoria.se/visa-data/?what=spelare&id=734&link=visa-data,
3561,Christian Ajakpoloho,"Swedish association football player, played for BoIS, active ?, born 1993-01-01",Q5,https://boishistoria.se/visa-data/?what=spelare&id=3561&link=visa-data,
600,Ojevwe Akpoveta,"Swedish association football player, played for BoIS, active ?, born 1993-07-15",Q5,https://boishistoria.se/visa-data/?what=spelare&id=600&link=visa-data,
665,Raslan al Kurdi,"Swedish association football player, played for BoIS, active ?, born 1989-04-23",Q5,https://boishistoria.se/visa-data/?what=spelare&id=665&link=visa-data,
3754,Ramy Al-Karkhi,"Swedish association football player, played for BoIS, active ?, born None",Q5,https://boishistoria.se/visa-data/?what=spelare&id=3754&link=visa-data,
17,Gunnar Albrechtsson,"Swedish association football player, played for BoIS, active ?, born 1908-07-08",Q5,https://boishistoria.se/visa-data/?what=spelare&id=17&link=visa-data,
14,Donato Alcalde Tieles,"Swedish association football player, played for BoIS, active ?, born 1964-01-22",Q5,,
469,Lars-Göran Algerbo,"Swedish association football player, played for BoIS, active ?, born 1969-12-07",Q5,https://boishistoria.se/visa-data/?what=spelare&id=469&link=visa-data,
428,Kevin Alin,"Swedish association football player, played for BoIS, active ?, born 1996-10-07",Q5,https://boishistoria.se/visa-data/?what=spelare&id=428&link=visa-data,
452,Lars Alm,"Swedish association football player, played for BoIS, active ?, born 1954-04-01",Q5,https://boishistoria.se/visa-data/?what=spelare&id=452&link=visa-data,Q116807981
666,Rasmus Alm,"Swedish association football player, played for BoIS, active ?, born 1995-08-17",Q5,https://boishistoria.se/visa-data/?what=spelare&id=666&link=visa-data,Q49104410
716,Simon Alm,"Swedish association football player, played for BoIS, active ?, born 1990-11-07",Q5,https://boishistoria.se/visa-data/?what=spelare&id=716&link=visa-data,
3555,Sumar Almadjed,"Swedish association football player, played for BoIS, active ?, born 1996-03-13",Q5,https://boishistoria.se/visa-data/?what=spelare&id=3555&link=visa-data,
441,Knut Almqvist,"Swedish association football player, played for BoIS, active ?, born 1924-01-13",Q5,https://boishistoria.se/visa-data/?what=spelare&id=441&link=visa-data,Q116808239
3482,Reine Almqvist,"Swedish association football player, played for BoIS, active ?, born 1949-04-12",Q5,https://boishistoria.se/visa-data/?what=spelare&id=3482&link=visa-data,
721,Stefan Alvén,"Swedish association football player, played for BoIS, active ?, born 1968-12-12",Q5,https://boishistoria.se/visa-data/?what=spelare&id=721&link=visa-data,Q2335944
429,Kevin Amuneke,"Swedish association football player, played for BoIS, active ?, born 1986-05-10",Q5,https://boishistoria.se/visa-data/?what=spelare&id=429&link=visa-data,Q1365474
433,Kingsley Amuneke,"Swedish association football player, played for BoIS, active ?, born 1980-07-26",Q5,https://boishistoria.se/visa-data/?what=spelare&id=433&link=visa-data,Q3197112
163,Darko Andelic,"Swedish association football player, played for BoIS, active ?, born 1969-09-11",Q5,https://boishistoria.se/visa-data/?what=spelare&id=163&link=visa-data,
27,Frans Anderberg,"Swedish association football player, played for BoIS, active ?, born 1893-07-30",Q5,,
239,Gunnar Anderberg,"Swedish association football player, played for BoIS, active ?, born 1918-03-11",Q5,https://boishistoria.se/visa-data/?what=spelare&id=239&link=visa-data,
387,John Anderberg,"Swedish association football player, played for BoIS, active ?, born 1923-02-25",Q5,https://boishistoria.se/visa-data/?what=spelare&id=387&link=visa-data,Q1412855
127,Charles Anderson,"Swedish association football player, played for BoIS, active ?, born 1985-12-28",Q5,https://boishistoria.se/visa-data/?what=spelare&id=127&link=visa-data,Q5553454
66,Axel Andersson,"Swedish association football player, played for BoIS, active ?, born 1901-04-23",Q5,https://boishistoria.se/visa-data/?what=spelare&id=66&link=visa-data,
115,Börje Andersson,"Swedish association football player, played for BoIS, active ?, born 1924-12-01",Q5,https://boishistoria.se/visa-data/?what=spelare&id=115&link=visa-data,
141,Christian Andersson,"Swedish association football player, played for BoIS, active ?, born 1978-06-17",Q5,https://boishistoria.se/visa-data/?what=spelare&id=141&link=visa-data,
831,Emil Andersson,"Swedish association football player, played for BoIS, active ?, born 1893-03-21",Q5,https://boishistoria.se/visa-data/?what=spelare&id=831&link=visa-data,
35,Erik Andersson,"Swedish association football player, played for BoIS, active ?, born 1906-04-21",Q5,,
36,Erik Andersson,"Swedish association football player, played for BoIS, active ?, born 1914-03-14",Q5,,
37,Erik Andersson,"Swedish association football player, played for BoIS, active ?, born 1997-05-03",Q5,,Q16157810
253,Gustaf Andersson,"Swedish association football player, played for BoIS, active ?, born 1979-11-06",Q5,https://boishistoria.se/visa-data/?what=spelare&id=253&link=visa-data,
39,Hans Andersson,"Swedish association football player, played for BoIS, active ?, born 1899-07-14",Q5,,
295,Helge Andersson,"Swedish association football player, played for BoIS, active ?, born 1895-06-01",Q5,https://boishistoria.se/visa-data/?what=spelare&id=295&link=visa-data,
41,Hugo Andersson,"Swedish association football player, played for BoIS, active ?, born 1903-11-06",Q5,,
42,Hugo Andersson,"Swedish association football player, played for BoIS, active ?, born 1965-11-17",Q5,,
319,Håkan Andersson,"Swedish association football player, played for BoIS, active ?, born 1972-10-30",Q5,https://boishistoria.se/visa-data/?what=spelare&id=319&link=visa-data,
340,Ivar Andersson,"Swedish association football player, played for BoIS, active ?, born 1908-08-21",Q5,https://boishistoria.se/visa-data/?what=spelare&id=340&link=visa-data,
3456,Jakob Andersson,"Swedish association football player, played for BoIS, active ?, born 1999-12-24",Q5,https://boishistoria.se/visa-data/?what=spelare&id=3456&link=visa-data,Q96482589
348,Jan Andersson,"Swedish association football player, played for BoIS, active ?, born 1949-03-13",Q5,https://boishistoria.se/visa-data/?what=spelare&id=348&link=visa-data,
376,Johan Andersson,"Swedish association football player, played for BoIS, active ?, born 1983-08-22",Q5,https://boishistoria.se/visa-data/?what=spelare&id=376&link=visa-data,Q940329
48,Kurt Andersson,"Swedish association football player, played for BoIS, active ?, born 1934-06-03",Q5,,
49,Lars Andersson,"Swedish association football player, played for BoIS, active ?, born 1950-10-29",Q5,,
50,Lars Andersson,"Swedish association football player, played for BoIS, active ?, born 1959-08-02",Q5,,
51,Lars Andersson,"Swedish association football player, played for BoIS, active ?, born 1960-12-10",Q5,,
52,Lars Andersson,"Swedish association football player, played for BoIS, active ?, born 1968-11-02",Q5,,
483,Lennart Andersson,"Swedish association football player, played for BoIS, active ?, born 1947-04-09",Q5,https://boishistoria.se/visa-data/?what=spelare&id=483&link=visa-data,
533,Mathias Andersson,"Swedish association football player, played for BoIS, active ?, born 1993-04-05",Q5,https://boishistoria.se/visa-data/?what=spelare&id=533&link=visa-data,
55,Mats Andersson,"Swedish association football player, played for BoIS, active ?, born 1960-07-28",Q5,,
56,Mats Andersson,"Swedish association football player, played for BoIS, active ?, born 1965-10-12",Q5,,
583,Niklas Andersson,"Swedish association football player, played for BoIS, active ?, born 1965-04-25",Q5,https://boishistoria.se/visa-data/?what=spelare&id=583&link=visa-data,
58,Nils Andersson,"Swedish association football player, played for BoIS, active ?, born 1929-03-22",Q5,,
605,Olle Andersson,"Swedish association football player, played for BoIS, active ?, born 1932-02-02",Q5,https://boishistoria.se/visa-data/?what=spelare&id=605&link=visa-data,
608,Olof Andersson,"Swedish association football player, played for BoIS, active ?, born 1972-08-27",Q5,https://boishistoria.se/visa-data/?what=spelare&id=608&link=visa-data,
61,Oskar Andersson,"Swedish association football player, played for BoIS, active ?, born 1896-12-01",Q5,,
654,Philip Andersson,"Swedish association football player, played for BoIS, active ?, born 1992-05-12",Q5,https://boishistoria.se/visa-data/?what=spelare&id=654&link=visa-data,Q5555873
691,Rolf Andersson,"Swedish association football player, played for BoIS, active ?, born 1929-10-05",Q5,https://boishistoria.se/visa-data/?what=spelare&id=691&link=visa-data,Q19758568
722,Stefan Andersson,"Swedish association football player, played for BoIS, active ?, born 1971-06-08",Q5,https://boishistoria.se/visa-data/?what=spelare&id=722&link=visa-data,
769,Thomas Andersson,"Swedish association football player, played for BoIS, active ?, born 1978-08-07",Q5,https://boishistoria.se/visa-data/?what=spelare&id=769&link=visa-data,
780,Tim Andersson,"Swedish association football player, played for BoIS, active ?, born 1989-08-01",Q5,https://boishistoria.se/visa-data/?what=spelare&id=780&link=visa-data,
814,Villie Andersson,"Swedish association football player, played for BoIS, active ?, born 1926-06-09",Q5,https://boishistoria.se/visa-data/?what=spelare&id=814&link=visa-data,
820,Åke Andersson,"Swedish association football player, played for BoIS, active ?, born 1926-03-01",Q5,https://boishistoria.se/visa-data/?what=spelare&id=820&link=visa-data,
69,Nils-Åke Andersson,"Swedish association football player, played for BoIS, active ?, born 1932-10-28",Q5,,
237,Greger Andrijevski,"Swedish association football player, played for BoIS, active ?, born 1973-04-29",Q5,https://boishistoria.se/visa-data/?what=spelare&id=237&link=visa-data,Q5606477
678,Robert Andrijevski,"Swedish association football player, played for BoIS, active ?, born 1974-09-06",Q5,https://boishistoria.se/visa-data/?what=spelare&id=678&link=visa-data,
717,Simon Andrijevski,"Swedish association football player, played for BoIS, active ?, born 1949-07-05",Q5,https://boishistoria.se/visa-data/?what=spelare&id=717&link=visa-data,
142,Christian Antoine,"Swedish association football player, played for BoIS, active ?, born 1966-04-15",Q5,https://boishistoria.se/visa-data/?what=spelare&id=142&link=visa-data,
538,Mats Aronsson,"Swedish association football player, played for BoIS, active ?, born 1951-08-16",Q5,https://boishistoria.se/visa-data/?what=spelare&id=538&link=visa-data,Q445724
328,Igor Arsenijevic,"Swedish association football player, played for BoIS, active ?, born 1986-05-29",Q5,https://boishistoria.se/visa-data/?what=spelare&id=328&link=visa-data,
577,Muamet Asanovski,"Swedish association football player, played for BoIS, active ?, born 1991-07-14",Q5,https://boishistoria.se/visa-data/?what=spelare&id=577&link=visa-data,Q5560724
3732,Kofi Asare,"Swedish association football player, played for BoIS, active ?, born 2002-05-31",Q5,https://boishistoria.se/visa-data/?what=spelare&id=3732&link=visa-data,Q125430154
157,Daniel Ask,"Swedish association football player, played for BoIS, active ?, born 1998-12-20",Q5,https://boishistoria.se/visa-data/?what=spelare&id=157&link=visa-data,Q56072720
320,Håkan Ask,"Swedish association football player, played for BoIS, active ?, born 1967-05-15",Q5,https://boishistoria.se/visa-data/?what=spelare&id=320&link=visa-data,
409,Jörgen Ask,"Swedish association football player, played for BoIS, active ?, born 1958-07-07",Q5,https://boishistoria.se/visa-data/?what=spelare&id=409&link=visa-data,
781,Tobias Ask,"Swedish association football player, played for BoIS, active ?, born 1986-08-23",Q5,https://boishistoria.se/visa-data/?what=spelare&id=781&link=visa-data,
349,Jan Asp,"Swedish association football player, played for BoIS, active ?, born 1944-01-11",Q5,https://boishistoria.se/visa-data/?what=spelare&id=349&link=visa-data,
3556,Jonathan Asp,"Swedish association football player, played for BoIS, active ?, born 1990-05-06",Q5,https://boishistoria.se/visa-data/?what=spelare&id=3556&link=visa-data,Q5561255
275,Hans Assarsson,"Swedish association football player, played for BoIS, active ?, born 1939-05-02",Q5,https://boishistoria.se/visa-data/?what=spelare&id=275&link=visa-data,
632,Per Assarsson,"Swedish association football player, played for BoIS, active ?, born 1935-06-08",Q5,https://boishistoria.se/visa-data/?what=spelare&id=632&link=visa-data,
3455,Bahrudin Atajic,"Swedish association football player, played for BoIS, active ?, born 1993-11-16",Q5,https://boishistoria.se/visa-data/?what=spelare&id=3455&link=visa-data,
104,Bo Augustsson,"Swedish association football player, played for BoIS, active ?, born 1949-12-28",Q5,https://boishistoria.se/visa-data/?what=spelare&id=104&link=visa-data,Q5562414
345,Jakob Augustsson,"Swedish association football player, played for BoIS, active ?, born 1980-10-08",Q5,https://boishistoria.se/visa-data/?what=spelare&id=345&link=visa-data,Q3806302
377,Johan Augustsson,"Swedish association football player, played for BoIS, active ?, born 1974-03-07",Q5,https://boishistoria.se/visa-data/?what=spelare&id=377&link=visa-data,
410,Jörgen Augustsson,"Swedish association football player, played for BoIS, active ?, born 1952-10-28",Q5,https://boishistoria.se/visa-data/?what=spelare&id=410&link=visa-data,Q1371164
91,Emil Aulin,"Swedish association football player, played for BoIS, active ?, born 1893-12-28",Q5,,
573,Morten Avnskjold,"Swedish association football player, played for BoIS, active ?, born 1979-08-26",Q5,https://boishistoria.se/visa-data/?what=spelare&id=573&link=visa-data,Q5562812
423,Kenneth Axelsson,"Swedish association football player, played for BoIS, active ?, born 1946-02-19",Q5,https://boishistoria.se/visa-data/?what=spelare&id=423&link=visa-data,
709,Samuel Aziz,"Swedish association football player, played for BoIS, active ?, born 1991-07-05",Q5,https://boishistoria.se/visa-data/?what=spelare&id=709&link=visa-data,Q5563300
705,Saber Azizi,"Swedish association football player, played for BoIS, active ?, born 1996-01-13",Q5,https://boishistoria.se/visa-data/?what=spelare&id=705&link=visa-data,Q27469945
132,Christer Backman,"Swedish association football player, played for BoIS, active ?, born 1949-05-27",Q5,https://boishistoria.se/visa-data/?what=spelare&id=132&link=visa-data,
232,Geronimo Balint,"Swedish association football player, played for BoIS, active ?, born 1996-09-13",Q5,https://boishistoria.se/visa-data/?what=spelare&id=232&link=visa-data,
471,Lee Baxter,"Swedish association football player, played for BoIS, active ?, born 1976-06-17",Q5,https://boishistoria.se/visa-data/?what=spelare&id=471&link=visa-data,Q128845
747,Stuart Baxter,"Swedish association football player, played for BoIS, active ?, born 1953-08-16",Q5,https://boishistoria.se/visa-data/?what=spelare&id=747&link=visa-data,Q715348
337,Ivan Bedelev,"Swedish association football player, played for BoIS, active ?, born 1961-09-21",Q5,https://boishistoria.se/visa-data/?what=spelare&id=337&link=visa-data,
457,Lars Behmer,"Swedish association football player, played for BoIS, active ?, born 1901-01-01",Q5,https://boishistoria.se/visa-data/?what=spelare&id=457&link=visa-data,
35,Anders Bengtsson,"Swedish association football player, played for BoIS, active ?, born 1971-12-19",Q5,https://boishistoria.se/visa-data/?what=spelare&id=35&link=visa-data,
103,Arne Bengtsson,"Swedish association football player, played for BoIS, active ?, born 1920-12-13",Q5,,
82,Bertil Bengtsson,"Swedish association football player, played for BoIS, active ?, born 1928-12-08",Q5,https://boishistoria.se/visa-data/?what=spelare&id=82&link=visa-data,
105,Bertil Bengtsson,"Swedish association football player, played for BoIS, active ?, born 1940-11-17",Q5,,
121,Carl Bengtsson,"Swedish association football player, played for BoIS, active ?, born 1909-03-13",Q5,https://boishistoria.se/visa-data/?what=spelare&id=121&link=visa-data,
271,Göte Bengtsson,"Swedish association football player, played for BoIS, active ?, born 1930-02-26",Q5,https://boishistoria.se/visa-data/?what=spelare&id=271&link=visa-data,
308,Henry Bengtsson,"Swedish association football player, played for BoIS, active ?, born 1906-10-07",Q5,https://boishistoria.se/visa-data/?what=spelare&id=308&link=visa-data,
371,Joakim Bengtsson,"Swedish association football player, played for BoIS, active ?, born 1967-02-16",Q5,https://boishistoria.se/visa-data/?what=spelare&id=371&link=visa-data,
832,Karl Bengtsson,"Swedish association football player, played for BoIS, active ?, born None",Q5,https://boishistoria.se/visa-data/?what=spelare&id=832&link=visa-data,
484,Lennart Bengtsson,"Swedish association football player, played for BoIS, active ?, born 1947-11-10",Q5,https://boishistoria.se/visa-data/?what=spelare&id=484&link=visa-data,
516,Marcus Bengtsson,"Swedish association football player, played for BoIS, active ?, born 1980-09-15",Q5,https://boishistoria.se/visa-data/?what=spelare&id=516&link=visa-data,
555,Mikael Bengtsson,"Swedish association football player, played for BoIS, active ?, born 1956-07-28",Q5,https://boishistoria.se/visa-data/?what=spelare&id=555&link=visa-data,
114,Mikael Bengtsson,"Swedish association football player, played for BoIS, active ?, born 1981-12-05",Q5,,Q5570306
617,Ove Bengtsson,"Swedish association football player, played for BoIS, active ?, born 1935-07-16",Q5,https://boishistoria.se/visa-data/?what=spelare&id=617&link=visa-data,
692,Rolf Bengtsson,"Swedish association football player, played for BoIS, active ?, born 1939-05-16",Q5,https://boishistoria.se/visa-data/?what=spelare&id=692&link=visa-data,
723,Stefan Bengtsson,"Swedish association football player, played for BoIS, active ?, born 1961-05-17",Q5,https://boishistoria.se/visa-data/?what=spelare&id=723&link=visa-data,
762,Sylve Bengtsson,"Swedish association football player, played for BoIS, active ?, born 1958-06-18",Q5,https://boishistoria.se/visa-data/?what=spelare&id=762&link=visa-data,
783,Tommy Bengtsson,"Swedish association football player, played for BoIS, active ?, born 1959-04-14",Q5,https://boishistoria.se/visa-data/?what=spelare&id=783&link=visa-data,
821,Åke Bengtsson,"Swedish association football player, played for BoIS, active ?, born 1926-09-07",Q5,https://boishistoria.se/visa-data/?what=spelare&id=821&link=visa-data,
424,Kenneth Berg,"Swedish association football player, played for BoIS, active ?, born 1944-01-24",Q5,https://boishistoria.se/visa-data/?what=spelare&id=424&link=visa-data,Q132767654
735,Sten Berg,"Swedish association football player, played for BoIS, active ?, born 1898-08-31",Q5,https://boishistoria.se/visa-data/?what=spelare&id=735&link=visa-data,
208,Esbjörn Berghult,"Swedish association football player, played for BoIS, active ?, born 1971-09-16",Q5,https://boishistoria.se/visa-data/?what=spelare&id=208&link=visa-data,
612,Oskar Bergman,"Swedish association football player, played for BoIS, active ?, born 1934-04-24",Q5,https://boishistoria.se/visa-data/?what=spelare&id=612&link=visa-data,
616,Otto Bergman,"Swedish association football player, played for BoIS, active ?, born 1919-09-10",Q5,https://boishistoria.se/visa-data/?what=spelare&id=616&link=visa-data,
240,Gunnar Bergsten,"Swedish association football player, played for BoIS, active ?, born 1910-02-28",Q5,https://boishistoria.se/visa-data/?what=spelare&id=240&link=visa-data,Q124827435
447,Kurt Bergsten,"Swedish association football player, played for BoIS, active ?, born 1912-06-24",Q5,https://boishistoria.se/visa-data/?what=spelare&id=447&link=visa-data,
3465,Adonis Berisha,"Swedish association football player, played for BoIS, active ?, born None",Q5,https://boishistoria.se/visa-data/?what=spelare&id=3465&link=visa-data,
539,Mats Bernebring,"Swedish association football player, played for BoIS, active ?, born 1959-03-30",Q5,https://boishistoria.se/visa-data/?what=spelare&id=539&link=visa-data,
176,Eldin Besic,"Swedish association football player, played for BoIS, active ?, born 1991-06-06",Q5,https://boishistoria.se/visa-data/?what=spelare&id=176&link=visa-data,
472,Leif Björk,"Swedish association football player, played for BoIS, active ?, born 1950-06-25",Q5,https://boishistoria.se/visa-data/?what=spelare&id=472&link=visa-data,
458,Lars Björkström,"Swedish association football player, played for BoIS, active ?, born 1976-01-28",Q5,https://boishistoria.se/visa-data/?what=spelare&id=458&link=visa-data,
540,Mats Bladh,"Swedish association football player, played for BoIS, active ?, born 1961-12-18",Q5,https://boishistoria.se/visa-data/?what=spelare&id=540&link=visa-data,
129,Chris Blais,"Swedish association football player, played for BoIS, active ?, born 1989-05-06",Q5,https://boishistoria.se/visa-data/?what=spelare&id=129&link=visa-data,
770,Thomas Blidberg,"Swedish association football player, played for BoIS, active ?, born 1950-04-19",Q5,https://boishistoria.se/visa-data/?what=spelare&id=770&link=visa-data,
3636,Jacob Blixt,"Swedish association football player, played for BoIS, active ?, born 1996-01-26",Q5,https://boishistoria.se/visa-data/?what=spelare&id=3636&link=visa-data,
202,Ernst Blomberg,"Swedish association football player, played for BoIS, active ?, born 1901-03-03",Q5,https://boishistoria.se/visa-data/?what=spelare&id=202&link=visa-data,
699,Roy Blomberg,"Swedish association football player, played for BoIS, active ?, born 1944-07-29",Q5,https://boishistoria.se/visa-data/?what=spelare&id=699&link=visa-data,
796,Tore Blomberg,"Swedish association football player, played for BoIS, active ?, born 1934-06-16",Q5,https://boishistoria.se/visa-data/?what=spelare&id=796&link=visa-data,
284,Hanson Boakai,"Swedish association football player, played for BoIS, active ?, born 1996-10-28",Q5,https://boishistoria.se/visa-data/?what=spelare&id=284&link=visa-data,
71,Gerhard Bohn,"Swedish association football player, played for BoIS, active ?, born 1906-03-18",Q5,https://boishistoria.se/visa-data/?what=spelare&id=71&link=visa-data,
112,Bobo Bola,"Swedish association football player, played for BoIS, active ?, born 1985-10-02",Q5,https://boishistoria.se/visa-data/?what=spelare&id=112&link=visa-data,Q4115530
20,Alexander Borg,"Swedish association football player, played for BoIS, active ?, born 1989-02-02",Q5,https://boishistoria.se/visa-data/?what=spelare&id=20&link=visa-data,
276,Hans Borgström,"Swedish association football player, played for BoIS, active ?, born 1927-01-29",Q5,https://boishistoria.se/visa-data/?what=spelare&id=276&link=visa-data,
497,Lino Boriero,"Swedish association football player, played for BoIS, active ?, born 1965-01-24",Q5,https://boishistoria.se/visa-data/?what=spelare&id=497&link=visa-data,
62,Arvid Bork,"Swedish association football player, played for BoIS, active ?, born 1892-11-28",Q5,https://boishistoria.se/visa-data/?what=spelare&id=62&link=visa-data,
3736,Kevin Bourahla,"Swedish association football player, played for BoIS, active ?, born 2004-06-22",Q5,https://boishistoria.se/visa-data/?what=spelare&id=3736&link=visa-data,
3736,Kevin Bourahla,"Swedish association football player, played for BoIS, active ?, born 2004-06-22",Q5,https://boishistoria.se/visa-data/?what=spelare&id=3736&link=visa-data,
3713,Elis Brandqvist,"Swedish association football player, played for BoIS, active ?, born 2005-01-01",Q5,https://boishistoria.se/visa-data/?what=spelare&id=3713&link=visa-data,
3618,Alec Brandt Erlandsson,"Swedish association football player, played for BoIS, active ?, born 2004-05-23",Q5,https://boishistoria.se/visa-data/?what=spelare&id=3618&link=visa-data,
756,Sven Branting,"Swedish association football player, played for BoIS, active ?, born 1910-08-15",Q5,https://boishistoria.se/visa-data/?what=spelare&id=756&link=visa-data,Q124542490
459,Lars Broberg,"Swedish association football player, played for BoIS, active ?, born 1923-07-22",Q5,https://boishistoria.se/visa-data/?what=spelare&id=459&link=visa-data,
378,Johan Bruér,"Swedish association football player, played for BoIS, active ?, born 1983-11-20",Q5,https://boishistoria.se/visa-data/?what=spelare&id=378&link=visa-data,
3751,Gustaf Bruzelius,"Swedish association football player, played for BoIS, active ?, born 2002-08-24",Q5,https://boishistoria.se/visa-data/?what=spelare&id=3751&link=visa-data,
793,Torbjörn Brüzelius,"Swedish association football player, played for BoIS, active ?, born 1960-07-11",Q5,https://boishistoria.se/visa-data/?what=spelare&id=793&link=visa-data,
156,Dan Brzokoupil,"Swedish association football player, played for BoIS, active ?, born 1947-05-08",Q5,,Q1159011
3757,Samuel Burakovsky,"Swedish association football player, played for BoIS, active ?, born 2002-12-29",Q5,https://boishistoria.se/visa-data/?what=spelare&id=3757&link=visa-data,
621,Patrik Burda,"Swedish association football player, played for BoIS, active ?, born 1990-01-31",Q5,https://boishistoria.se/visa-data/?what=spelare&id=621&link=visa-data,
3467,Bill Burnikell,"Swedish association football player, played for BoIS, active ?, born None",Q5,https://boishistoria.se/visa-data/?what=spelare&id=3467&link=visa-data,
784,Tommy Börjesson,"Swedish association football player, played for BoIS, active ?, born 1959-04-20",Q5,https://boishistoria.se/visa-data/?what=spelare&id=784&link=visa-data,
3773,Constantino Capotondi,"Swedish association football player, played for BoIS, active ?, born 2000-10-07",Q5,https://boishistoria.se/visa-data/?what=spelare&id=3773&link=visa-data,Q136750533
473,Leif Carlsen,"Swedish association football player, played for BoIS, active ?, born 1943-12-04",Q5,https://boishistoria.se/visa-data/?what=spelare&id=473&link=visa-data,Q17518783
143,Christoffer Carlsson,"Swedish association football player, played for BoIS, active ?, born 1989-01-15",Q5,https://boishistoria.se/visa-data/?what=spelare&id=143&link=visa-data,Q5603059
460,Lars Carlsson,"Swedish association football player, played for BoIS, active ?, born 1940-08-05",Q5,https://boishistoria.se/visa-data/?what=spelare&id=460&link=visa-data,
12,Alaudin Cecunjanin,"Swedish association football player, played for BoIS, active ?, born 1990-03-30",Q5,https://boishistoria.se/visa-data/?what=spelare&id=12&link=visa-data,
661,Pär Cederqvist,"Swedish association football player, played for BoIS, active ?, born 1980-03-10",Q5,https://boishistoria.se/visa-data/?what=spelare&id=661&link=visa-data,Q1445152
292,Hasan Cetinkaya,"Swedish association football player, played for BoIS, active ?, born 1977-01-27",Q5,https://boishistoria.se/visa-data/?what=spelare&id=292&link=visa-data,Q958054
724,Stefan Claesson,"Swedish association football player, played for BoIS, active ?, born 1976-03-01",Q5,https://boishistoria.se/visa-data/?what=spelare&id=724&link=visa-data,
173,Edwin Condrup,"Swedish association football player, played for BoIS, active ?, born 1999-03-26",Q5,https://boishistoria.se/visa-data/?what=spelare&id=173&link=visa-data,
165,David Conradi,"Swedish association football player, played for BoIS, active ?, born 1974-10-19",Q5,https://boishistoria.se/visa-data/?what=spelare&id=165&link=visa-data,
417,Karl Corneliusson,"Swedish association football player, played for BoIS, active ?, born 1976-11-17",Q5,https://boishistoria.se/visa-data/?what=spelare&id=417&link=visa-data,Q1730675
146,Claes Cronqvist,"Swedish association football player, played for BoIS, active ?, born 1944-10-15",Q5,https://boishistoria.se/visa-data/?what=spelare&id=146&link=visa-data,Q1094668
646,Peter Csirmaz,"Swedish association football player, played for BoIS, active ?, born 1958-04-15",Q5,https://boishistoria.se/visa-data/?what=spelare&id=646&link=visa-data,
332,Ingvar Cöster,"Swedish association football player, played for BoIS, active ?, born 1927-01-26",Q5,https://boishistoria.se/visa-data/?what=spelare&id=332&link=visa-data,
675,Rickard Dahan,"Swedish association football player, played for BoIS, active ?, born 1967-10-20",Q5,https://boishistoria.se/visa-data/?what=spelare&id=675&link=visa-data,
15,Albin Dahl,"Swedish association football player, played for BoIS, active ?, born 1900-01-02",Q5,https://boishistoria.se/visa-data/?what=spelare&id=15&link=visa-data,Q722287
45,Andreas Dahl,"Swedish association football player, played for BoIS, active ?, born 1984-06-06",Q5,https://boishistoria.se/visa-data/?what=spelare&id=45&link=visa-data,Q359016
178,Harry Dahl,"Swedish association football player, played for BoIS, active ?, born 1902-06-25",Q5,,Q16838141
179,Birger Dahlgren,"Swedish association football player, played for BoIS, active ?, born 1894-05-18",Q5,,
116,Börje Dahlgren,"Swedish association football player, played for BoIS, active ?, born 1926-07-17",Q5,https://boishistoria.se/visa-data/?what=spelare&id=116&link=visa-data,
233,Gert Dahlgren,"Swedish association football player, played for BoIS, active ?, born 1954-08-02",Q5,https://boishistoria.se/visa-data/?what=spelare&id=233&link=visa-data,
182,Gunnar Dahlgren,"Swedish association football player, played for BoIS, active ?, born 1922-09-04",Q5,,
425,Kenneth Dahlgren,"Swedish association football player, played for BoIS, active ?, born 1948-09-26",Q5,https://boishistoria.se/visa-data/?what=spelare&id=425&link=visa-data,
556,Mikael Dahlgren,"Swedish association football player, played for BoIS, active ?, born 1984-07-19",Q5,https://boishistoria.se/visa-data/?what=spelare&id=556&link=visa-data,Q256861
827,Örjan Dahlgren,"Swedish association football player, played for BoIS, active ?, born 1935-12-29",Q5,https://boishistoria.se/visa-data/?what=spelare&id=827&link=visa-data,
3670,Edvin Dahlqvist,"Swedish association football player, played for BoIS, active ?, born 1999-06-14",Q5,https://boishistoria.se/visa-data/?what=spelare&id=3670&link=visa-data,Q63801141
3557,Beck Dane Wallgård,"Swedish association football player, played for BoIS, active ?, born 1999-10-26",Q5,https://boishistoria.se/visa-data/?what=spelare&id=3557&link=visa-data,
640,Per-Erik Danielsson,"Swedish association football player, played for BoIS, active ?, born 1966-10-03",Q5,https://boishistoria.se/visa-data/?what=spelare&id=640&link=visa-data,
73,Bengt Danland,"Swedish association football player, played for BoIS, active ?, born 1936-04-16",Q5,https://boishistoria.se/visa-data/?what=spelare&id=73&link=visa-data,
629,Paul Dejenfelt,"Swedish association football player, played for BoIS, active ?, born 1955-05-02",Q5,https://boishistoria.se/visa-data/?what=spelare&id=629&link=visa-data,
334,Ismael Diawara,"Swedish association football player, played for BoIS, active ?, born 1994-11-11",Q5,https://boishistoria.se/visa-data/?what=spelare&id=334&link=visa-data,Q63124075
3671,Ousmane Diawara,"Swedish association football player, played for BoIS, active ?, born 1999-10-10",Q5,https://boishistoria.se/visa-data/?what=spelare&id=3671&link=visa-data,
11,Alan Dodd,"Swedish association football player, played for BoIS, active ?, born 1953-09-20",Q5,https://boishistoria.se/visa-data/?what=spelare&id=11&link=visa-data,Q4706519
3,Abdou-Fatawou Dodja,"Swedish association football player, played for BoIS, active ?, born 1991-12-24",Q5,https://boishistoria.se/visa-data/?what=spelare&id=3&link=visa-data,
8,Afo Dodoo,"Swedish association football player, played for BoIS, active ?, born 1973-11-23",Q5,https://boishistoria.se/visa-data/?what=spelare&id=8&link=visa-data,Q3606209
679,Robert Drwiega,"Swedish association football player, played for BoIS, active ?, born 1983-04-15",Q5,https://boishistoria.se/visa-data/?what=spelare&id=679&link=visa-data,
3678,Robin Dzabic,"Swedish association football player, played for BoIS, active ?, born 2001-04-03",Q5,https://boishistoria.se/visa-data/?what=spelare&id=3678&link=visa-data,
388,John Ebere Ekeh,"Swedish association football player, played for BoIS, active ?, born 1998-12-06",Q5,https://boishistoria.se/visa-data/?what=spelare&id=388&link=visa-data,
84,Bertil Edpalm,"Swedish association football player, played for BoIS, active ?, born 1934-09-29",Q5,https://boishistoria.se/visa-data/?what=spelare&id=84&link=visa-data,
3726,David Edvardsson,"Swedish association football player, played for BoIS, active ?, born 2002-03-05",Q5,https://boishistoria.se/visa-data/?what=spelare&id=3726&link=visa-data,Q113496118
201,Knut Edvinsson,"Swedish association football player, played for BoIS, active ?, born 1930-09-19",Q5,,
172,Edafe Egbedi,"Swedish association football player, played for BoIS, active ?, born 1993-08-05",Q5,https://boishistoria.se/visa-data/?what=spelare&id=172&link=visa-data,Q3047223
3680,Adam Egnell,"Swedish association football player, played for BoIS, active ?, born 1999-09-30",Q5,https://boishistoria.se/visa-data/?what=spelare&id=3680&link=visa-data,Q106425241
618,Ove Ejlertsson,"Swedish association football player, played for BoIS, active ?, born 1935-05-15",Q5,https://boishistoria.se/visa-data/?what=spelare&id=618&link=visa-data,
205,Allan Ek,"Swedish association football player, played for BoIS, active ?, born 1922-07-05",Q5,,
242,Gunnar Ek,"Swedish association football player, played for BoIS, active ?, born 1927-10-10",Q5,https://boishistoria.se/visa-data/?what=spelare&id=242&link=visa-data,
379,Johan Ek,"Swedish association football player, played for BoIS, active ?, born 1899-12-02",Q5,https://boishistoria.se/visa-data/?what=spelare&id=379&link=visa-data,
3588,Viktor Ekblom,"Swedish association football player, played for BoIS, active ?, born 1998-07-15",Q5,https://boishistoria.se/visa-data/?what=spelare&id=3588&link=visa-data,
700,Roy Ekdahl,"Swedish association football player, played for BoIS, active ?, born 1932-01-03",Q5,https://boishistoria.se/visa-data/?what=spelare&id=700&link=visa-data,
541,Mats Ekelund,"Swedish association football player, played for BoIS, active ?, born 1962-09-06",Q5,https://boishistoria.se/visa-data/?what=spelare&id=541&link=visa-data,
647,Peter Ekelund,"Swedish association football player, played for BoIS, active ?, born 1960-07-11",Q5,https://boishistoria.se/visa-data/?what=spelare&id=647&link=visa-data,
517,Marcus Ekheim,"Swedish association football player, played for BoIS, active ?, born 1967-07-12",Q5,https://boishistoria.se/visa-data/?what=spelare&id=517&link=visa-data,Q6758145
547,Matthias Eklund,"Swedish association football player, played for BoIS, active ?, born 1976-07-23",Q5,https://boishistoria.se/visa-data/?what=spelare&id=547&link=visa-data,Q587865
485,Lennart Ekström,"Swedish association football player, played for BoIS, active ?, born 1948-12-17",Q5,https://boishistoria.se/visa-data/?what=spelare&id=485&link=visa-data,
435,Kjell Ekvall,"Swedish association football player, played for BoIS, active ?, born 1911-01-22",Q5,https://boishistoria.se/visa-data/?what=spelare&id=435&link=visa-data,Q124827355
578,Måns Ekvall,"Swedish association football player, played for BoIS, active ?, born 1995-01-04",Q5,https://boishistoria.se/visa-data/?what=spelare&id=578&link=visa-data,Q18238570
217,Fingal Eldh,"Swedish association football player, played for BoIS, active ?, born 1895-09-26",Q5,,
218,Kenneth Elgström,"Swedish association football player, played for BoIS, active ?, born 1956-05-25",Q5,,
23,Alexander R Eliasson,"Swedish association football player, played for BoIS, active ?, born 1985-11-26",Q5,https://boishistoria.se/visa-data/?what=spelare&id=23&link=visa-data,
85,Bertil Engdahl,"Swedish association football player, played for BoIS, active ?, born 1939-10-19",Q5,https://boishistoria.se/visa-data/?what=spelare&id=85&link=visa-data,
304,Henrik Eriksson,"Swedish association football player, played for BoIS, active ?, born None",Q5,https://boishistoria.se/visa-data/?what=spelare&id=304&link=visa-data,
321,Håkan Eriksson,"Swedish association football player, played for BoIS, active ?, born 1956-10-06",Q5,https://boishistoria.se/visa-data/?what=spelare&id=321&link=visa-data,
436,Kjell Eriksson,"Swedish association football player, played for BoIS, active ?, born 1923-12-16",Q5,https://boishistoria.se/visa-data/?what=spelare&id=436&link=visa-data,
794,Torbjörn Eriksson,"Swedish association football player, played for BoIS, active ?, born 1951-03-24",Q5,https://boishistoria.se/visa-data/?what=spelare&id=794&link=visa-data,
86,Bertil Erlandsson,"Swedish association football player, played for BoIS, active ?, born 1948-03-09",Q5,https://boishistoria.se/visa-data/?what=spelare&id=86&link=visa-data,
229,Georg Eterovic,"Swedish association football player, played for BoIS, active ?, born 1967-01-22",Q5,https://boishistoria.se/visa-data/?what=spelare&id=229&link=visa-data,
399,Jonas Evaldsson,"Swedish association football player, played for BoIS, active ?, born 1967-03-20",Q5,https://boishistoria.se/visa-data/?what=spelare&id=399&link=visa-data,
350,Jan Evertsson,"Swedish association football player, played for BoIS, active ?, born 1935-08-16",Q5,https://boishistoria.se/visa-data/?what=spelare&id=350&link=visa-data,
260,Göran Fagerström,"Swedish association football player, played for BoIS, active ?, born 1968-01-15",Q5,https://boishistoria.se/visa-data/?what=spelare&id=260&link=visa-data,
815,Villy Fajersson,"Swedish association football player, played for BoIS, active ?, born 1920-04-15",Q5,https://boishistoria.se/visa-data/?what=spelare&id=815&link=visa-data,
3462,Jihad Fakhouri,"Swedish association football player, played for BoIS, active ?, born 2000-09-09",Q5,https://boishistoria.se/visa-data/?what=spelare&id=3462&link=visa-data,
771,Tomas Fanedl,"Swedish association football player, played for BoIS, active ?, born 1968-11-10",Q5,https://boishistoria.se/visa-data/?what=spelare&id=771&link=visa-data,
810,Viktor Fanedl,"Swedish association football player, played for BoIS, active ?, born 1998-09-12",Q5,https://boishistoria.se/visa-data/?what=spelare&id=810&link=visa-data,
21,Alexander Farnerud,"Swedish association football player, played for BoIS, active ?, born 1984-05-01",Q5,https://boishistoria.se/visa-data/?what=spelare&id=21&link=visa-data,Q1341836
659,Pontus Farnerud,"Swedish association football player, played for BoIS, active ?, born 1980-06-04",Q5,https://boishistoria.se/visa-data/?what=spelare&id=659&link=visa-data,Q526682
3463,Hampus Ferhm,"Swedish association football player, played for BoIS, active ?, born 1999-09-05",Q5,https://boishistoria.se/visa-data/?what=spelare&id=3463&link=visa-data,
133,Christer Fermvik,"Swedish association football player, played for BoIS, active ?, born 1948-05-02",Q5,https://boishistoria.se/visa-data/?what=spelare&id=133&link=visa-data,
336,Italo Fernandez,"Swedish association football player, played for BoIS, active ?, born 1987-06-26",Q5,https://boishistoria.se/visa-data/?what=spelare&id=336&link=visa-data,
688,Ronald Fors,"Swedish association football player, played for BoIS, active ?, born 1943-02-05",Q5,https://boishistoria.se/visa-data/?what=spelare&id=688&link=visa-data,
687,Roland Forsberg,"Swedish association football player, played for BoIS, active ?, born 1929-06-17",Q5,https://boishistoria.se/visa-data/?what=spelare&id=687&link=visa-data,
486,Lennart Forslund,"Swedish association football player, played for BoIS, active ?, born 1930-11-19",Q5,https://boishistoria.se/visa-data/?what=spelare&id=486&link=visa-data,
400,Jonas Forss,"Swedish association football player, played for BoIS, active ?, born 1970-01-12",Q5,https://boishistoria.se/visa-data/?what=spelare&id=400&link=visa-data,
674,Renam Franca,"Swedish association football player, played for BoIS, active ?, born 1988-11-04",Q5,https://boishistoria.se/visa-data/?what=spelare&id=674&link=visa-data,
405,Jonathan Frantzen,"Swedish association football player, played for BoIS, active ?, born 1995-02-25",Q5,https://boishistoria.se/visa-data/?what=spelare&id=405&link=visa-data,
245,Åke Fredriksson,"Swedish association football player, played for BoIS, active ?, born 1929-01-19",Q5,,
7,Adolf Friberg,"Swedish association football player, played for BoIS, active ?, born 1898-11-06",Q5,https://boishistoria.se/visa-data/?what=spelare&id=7&link=visa-data,
36,Anders Friberg,"Swedish association football player, played for BoIS, active ?, born 1975-08-06",Q5,https://boishistoria.se/visa-data/?what=spelare&id=36&link=visa-data,Q3615337
305,Henrik Fridholm,"Swedish association football player, played for BoIS, active ?, born 1978-08-14",Q5,https://boishistoria.se/visa-data/?what=spelare&id=305&link=visa-data,
3517,Melvin Frithzell,"Swedish association football player, played for BoIS, active ?, born 1996-08-09",Q5,https://boishistoria.se/visa-data/?what=spelare&id=3517&link=visa-data,Q30064081
505,Lukas Fritz,"Swedish association football player, played for BoIS, active ?, born 1998-03-10",Q5,https://boishistoria.se/visa-data/?what=spelare&id=505&link=visa-data,
98,Birger Fritz Gräns,"Swedish association football player, played for BoIS, active ?, born 1907-06-12",Q5,https://boishistoria.se/visa-data/?what=spelare&id=98&link=visa-data,
3493,Andreas Fuchs,"Swedish association football player, played for BoIS, active ?, born 1996-03-24",Q5,https://boishistoria.se/visa-data/?what=spelare&id=3493&link=visa-data,
207,Erwin Fuchs,"Swedish association football player, played for BoIS, active ?, born 1940-03-30",Q5,https://boishistoria.se/visa-data/?what=spelare&id=207&link=visa-data,
99,Björn Fure,"Swedish association football player, played for BoIS, active ?, born 1916-10-11",Q5,https://boishistoria.se/visa-data/?what=spelare&id=99&link=visa-data,Q104414717
372,Joakim Gabrielsson,"Swedish association football player, played for BoIS, active ?, born 1972-10-09",Q5,https://boishistoria.se/visa-data/?what=spelare&id=372&link=visa-data,
658,Pierre Gallo,"Swedish association football player, played for BoIS, active ?, born 1975-01-24",Q5,https://boishistoria.se/visa-data/?what=spelare&id=658&link=visa-data,Q3903445
667,Rasmus Gaspar Nilsson,"Swedish association football player, played for BoIS, active ?, born 1998-03-25",Q5,https://boishistoria.se/visa-data/?what=spelare&id=667&link=visa-data,
119,Calle Genberg,"Swedish association football player, played for BoIS, active ?, born 1983-07-04",Q5,https://boishistoria.se/visa-data/?what=spelare&id=119&link=visa-data,Q5755408
373,Joakim Gernersson,"Swedish association football player, played for BoIS, active ?, born 1988-02-07",Q5,https://boishistoria.se/visa-data/?what=spelare&id=373&link=visa-data,
523,Mario Gersic,"Swedish association football player, played for BoIS, active ?, born 1967-04-25",Q5,https://boishistoria.se/visa-data/?what=spelare&id=523&link=visa-data,
261,Hans Green,"Swedish association football player, played for BoIS, active ?, born 1905-10-22",Q5,,
14,Albert Gudmundsson,"Swedish association football player, played for BoIS, active ?, born 1958-04-30",Q5,https://boishistoria.se/visa-data/?what=spelare&id=14&link=visa-data,
3491,Per Gulda,"Swedish association football player, played for BoIS, active ?, born 1991-01-07",Q5,https://boishistoria.se/visa-data/?what=spelare&id=3491&link=visa-data,
222,Fredrik Gunnarsson,"Swedish association football player, played for BoIS, active ?, born 1996-09-23",Q5,https://boishistoria.se/visa-data/?what=spelare&id=222&link=visa-data,
106,Bo Gustafsson,"Swedish association football player, played for BoIS, active ?, born 1948-03-16",Q5,https://boishistoria.se/visa-data/?what=spelare&id=106&link=visa-data,
243,Gunnar Gustafsson,"Swedish association football player, played for BoIS, active ?, born 1928-07-29",Q5,https://boishistoria.se/visa-data/?what=spelare&id=243&link=visa-data,
772,Thomas Gustafsson,"Swedish association football player, played for BoIS, active ?, born 1966-01-18",Q5,https://boishistoria.se/visa-data/?what=spelare&id=772&link=visa-data,
3479,Tommy Gustafsson,"Swedish association football player, played for BoIS, active ?, born None",Q5,https://boishistoria.se/visa-data/?what=spelare&id=3479&link=visa-data,
809,Victor Gustafsson,"Swedish association football player, played for BoIS, active ?, born 1997-05-07",Q5,https://boishistoria.se/visa-data/?what=spelare&id=809&link=visa-data,
270,Åke Gustafsson,"Swedish association football player, played for BoIS, active ?, born 1935-03-10",Q5,,
271,Tommy Gustavsson,"Swedish association football player, played for BoIS, active ?, born 1948-07-02",Q5,,
811,Viktor Gustavsson,"Swedish association football player, played for BoIS, active ?, born 1997-05-07",Q5,https://boishistoria.se/visa-data/?what=spelare&id=811&link=visa-data,
258,Günther Göken,"Swedish association football player, played for BoIS, active ?, born 1946-12-10",Q5,https://boishistoria.se/visa-data/?what=spelare&id=258&link=visa-data,
2,Abdo Hadrous,"Swedish association football player, played for BoIS, active ?, born 1997-05-11",Q5,https://boishistoria.se/visa-data/?what=spelare&id=2&link=visa-data,
261,Göran Hagberg,"Swedish association football player, played for BoIS, active ?, born 1947-11-08",Q5,https://boishistoria.se/visa-data/?what=spelare&id=261&link=visa-data,Q1369560
663,Ragnar Hagman,"Swedish association football player, played for BoIS, active ?, born 1924-01-04",Q5,https://boishistoria.se/visa-data/?what=spelare&id=663&link=visa-data,
707,Samir Haiba,"Swedish association football player, played for BoIS, active ?, born 1979-02-16",Q5,https://boishistoria.se/visa-data/?what=spelare&id=707&link=visa-data,
3674,Ardi Hajdari,"Swedish association football player, played for BoIS, active ?, born 2003-01-20",Q5,https://boishistoria.se/visa-data/?what=spelare&id=3674&link=visa-data,
3449,Jetmir Haliti,"Swedish association football player, played for BoIS, active ?, born 1996-09-14",Q5,https://boishistoria.se/visa-data/?what=spelare&id=3449&link=visa-data,Q56072718
37,Anders Hall,"Swedish association football player, played for BoIS, active ?, born 1966-09-16",Q5,https://boishistoria.se/visa-data/?what=spelare&id=37&link=visa-data,
16,Albin Hallbäck,"Swedish association football player, played for BoIS, active ?, born 1902-04-06",Q5,https://boishistoria.se/visa-data/?what=spelare&id=16&link=visa-data,
474,Leif Hallbäck,"Swedish association football player, played for BoIS, active ?, born 1958-09-21",Q5,https://boishistoria.se/visa-data/?what=spelare&id=474&link=visa-data,
748,Sture Hallén,"Swedish association football player, played for BoIS, active ?, born 1919-11-05",Q5,https://boishistoria.se/visa-data/?what=spelare&id=748&link=visa-data,
187,Erik Halling,"Swedish association football player, played for BoIS, active ?, born 1912-08-13",Q5,https://boishistoria.se/visa-data/?what=spelare&id=187&link=visa-data,
95,Bill Halvorsen,"Swedish association football player, played for BoIS, active ?, born 1987-05-08",Q5,https://boishistoria.se/visa-data/?what=spelare&id=95&link=visa-data,Q16633012
3484,Roar Hansen,"Swedish association football player, played for BoIS, active ?, born None",Q5,https://boishistoria.se/visa-data/?what=spelare&id=3484&link=visa-data,
74,Bengt Hansson,"Swedish association football player, played for BoIS, active ?, born 1931-03-10",Q5,https://boishistoria.se/visa-data/?what=spelare&id=74&link=visa-data,
87,Bertil Hansson,"Swedish association football player, played for BoIS, active ?, born None",Q5,https://boishistoria.se/visa-data/?what=spelare&id=87&link=visa-data,
289,Börje Hansson,"Swedish association football player, played for BoIS, active ?, born 1922-05-16",Q5,,
834,Christian Hansson,"Swedish association football player, played for BoIS, active ?, born 1980-01-01",Q5,https://boishistoria.se/visa-data/?what=spelare&id=834&link=visa-data,
291,Christian Hansson,"Swedish association football player, played for BoIS, active ?, born 1976-10-24",Q5,,
212,Filip Hansson,"Swedish association football player, played for BoIS, active ?, born 1990-11-29",Q5,https://boishistoria.se/visa-data/?what=spelare&id=212&link=visa-data,
833,Fredrik Hansson,"Swedish association football player, played for BoIS, active ?, born 1984-02-19",Q5,https://boishistoria.se/visa-data/?what=spelare&id=833&link=visa-data,
262,Göran Hansson,"Swedish association football player, played for BoIS, active ?, born 1947-01-16",Q5,https://boishistoria.se/visa-data/?what=spelare&id=262&link=visa-data,
295,Harry Hansson,"Swedish association football player, played for BoIS, active ?, born 1902-05-24",Q5,,
296,Knut Hansson,"Swedish association football player, played for BoIS, active ?, born 1911-05-09",Q5,,Q1777645
487,Lennart Hansson,"Swedish association football player, played for BoIS, active ?, born 1931-09-14",Q5,https://boishistoria.se/visa-data/?what=spelare&id=487&link=visa-data,Q6522739
518,Marcus Hansson,"Swedish association football player, played for BoIS, active ?, born 1986-10-04",Q5,https://boishistoria.se/visa-data/?what=spelare&id=518&link=visa-data,
726,Stefan Hansson,"Swedish association football player, played for BoIS, active ?, born 1958-03-30",Q5,https://boishistoria.se/visa-data/?what=spelare&id=726&link=visa-data,
300,Stefan Hansson,"Swedish association football player, played for BoIS, active ?, born 1977-01-12",Q5,,
633,Per Harrysson,"Swedish association football player, played for BoIS, active ?, born 1967-02-20",Q5,https://boishistoria.se/visa-data/?what=spelare&id=633&link=visa-data,Q2070000
103,Björn-Tore Haugen,"Swedish association football player, played for BoIS, active ?, born 1964-02-13",Q5,https://boishistoria.se/visa-data/?what=spelare&id=103&link=visa-data,
3681,Erik Hedenquist,"Swedish association football player, played for BoIS, active ?, born 1999-03-02",Q5,https://boishistoria.se/visa-data/?what=spelare&id=3681&link=visa-data,
791,Tony Hedin,"Swedish association football player, played for BoIS, active ?, born 1976-04-09",Q5,https://boishistoria.se/visa-data/?what=spelare&id=791&link=visa-data,
38,Anders Hedqvist,"Swedish association football player, played for BoIS, active ?, born 1958-01-10",Q5,https://boishistoria.se/visa-data/?what=spelare&id=38&link=visa-data,
411,Jörgen Hegdahl,"Swedish association football player, played for BoIS, active ?, born 1970-06-04",Q5,https://boishistoria.se/visa-data/?what=spelare&id=411&link=visa-data,
506,Magnus Hegdahl,"Swedish association football player, played for BoIS, active ?, born 1967-02-10",Q5,https://boishistoria.se/visa-data/?what=spelare&id=506&link=visa-data,
3677,Sam Hegdal,"Swedish association football player, played for BoIS, active ?, born 2005-09-09",Q5,https://boishistoria.se/visa-data/?what=spelare&id=3677&link=visa-data,
380,Johan Heide,"Swedish association football player, played for BoIS, active ?, born 1988-02-16",Q5,https://boishistoria.se/visa-data/?what=spelare&id=380&link=visa-data,
3587,Melker Heier,"Swedish association football player, played for BoIS, active ?, born 2001-05-08",Q5,https://boishistoria.se/visa-data/?what=spelare&id=3587&link=visa-data,Q108700707
64,Audun Helgason,"Swedish association football player, played for BoIS, active ?, born 1974-06-18",Q5,https://boishistoria.se/visa-data/?what=spelare&id=64&link=visa-data,
598,Odair Hellman,"Swedish association football player, played for BoIS, active ?, born 1977-01-22",Q5,https://boishistoria.se/visa-data/?what=spelare&id=598&link=visa-data,
3388,Christian Helmvik,"Swedish association football player, played for BoIS, active ?, born 1979-08-21",Q5,https://boishistoria.se/visa-data/?what=spelare&id=3388&link=visa-data,
314,Bengt-Olof Hemby,"Swedish association football player, played for BoIS, active ?, born 1932-07-07",Q5,,
219,Freddy Herlin,"Swedish association football player, played for BoIS, active ?, born 1940-04-28",Q5,https://boishistoria.se/visa-data/?what=spelare&id=219&link=visa-data,
606,Olle Hermansen,"Swedish association football player, played for BoIS, active ?, born 1916-04-23",Q5,https://boishistoria.se/visa-data/?what=spelare&id=606&link=visa-data,
309,Henry Hermansson,"Swedish association football player, played for BoIS, active ?, born 1925-04-23",Q5,https://boishistoria.se/visa-data/?what=spelare&id=309&link=visa-data,
3622,Svante Hildeman,"Swedish association football player, played for BoIS, active ?, born 1995-06-11",Q5,https://boishistoria.se/visa-data/?what=spelare&id=3622&link=visa-data,Q108689044
238,Gretar Hjartarsson,"Swedish association football player, played for BoIS, active ?, born 1977-11-26",Q5,https://boishistoria.se/visa-data/?what=spelare&id=238&link=visa-data,
381,Johan Hjelte,"Swedish association football player, played for BoIS, active ?, born 1967-08-14",Q5,https://boishistoria.se/visa-data/?what=spelare&id=381&link=visa-data,
557,Mikael Hjelte,"Swedish association football player, played for BoIS, active ?, born 1961-05-23",Q5,https://boishistoria.se/visa-data/?what=spelare&id=557&link=visa-data,
422,Kenneth Hjertsson,"Swedish association football player, played for BoIS, active ?, born 1950-07-25",Q5,https://boishistoria.se/visa-data/?what=spelare&id=422&link=visa-data,
681,Robin Hofsö,"Swedish association football player, played for BoIS, active ?, born 1994-01-15",Q5,https://boishistoria.se/visa-data/?what=spelare&id=681&link=visa-data,
100,Björn Hofvendahl,"Swedish association football player, played for BoIS, active ?, born 1974-04-10",Q5,https://boishistoria.se/visa-data/?what=spelare&id=100&link=visa-data,
434,Kjeld Holm,"Swedish association football player, played for BoIS, active ?, born 1946-10-16",Q5,https://boishistoria.se/visa-data/?what=spelare&id=434&link=visa-data,
444,Knut Holm,"Swedish association football player, played for BoIS, active ?, born 1906-12-06",Q5,https://boishistoria.se/visa-data/?what=spelare&id=444&link=visa-data,Q134711372
527,Martin Holm,"Swedish association football player, played for BoIS, active ?, born 1991-06-08",Q5,https://boishistoria.se/visa-data/?what=spelare&id=527&link=visa-data,
766,Tage Holm,"Swedish association football player, played for BoIS, active ?, born 1910-02-21",Q5,https://boishistoria.se/visa-data/?what=spelare&id=766&link=visa-data,
622,Patrik Holmgren,"Swedish association football player, played for BoIS, active ?, born 1987-05-27",Q5,https://boishistoria.se/visa-data/?what=spelare&id=622&link=visa-data,
330,Lennart Holmqvist,"Swedish association football player, played for BoIS, active ?, born 1933-01-09",Q5,,Q106811202
763,Sölve Holmstedt,"Swedish association football player, played for BoIS, active ?, born 1907-06-22",Q5,https://boishistoria.se/visa-data/?what=spelare&id=763&link=visa-data,
332,Valter Holmstedt,"Swedish association football player, played for BoIS, active ?, born 1896-05-20",Q5,,
153,Dale Hopson,"Swedish association football player, played for BoIS, active ?, born 1992-09-13",Q5,https://boishistoria.se/visa-data/?what=spelare&id=153&link=visa-data,
122,Carl Hult,"Swedish association football player, played for BoIS, active ?, born 1900-12-12",Q5,https://boishistoria.se/visa-data/?what=spelare&id=122&link=visa-data,Q124580313
3472,Carl-Erik Hult,"Swedish association football player, played for BoIS, active ?, born None",Q5,https://boishistoria.se/visa-data/?what=spelare&id=3472&link=visa-data,
475,Leif Hult,"Swedish association football player, played for BoIS, active ?, born 1946-01-16",Q5,https://boishistoria.se/visa-data/?what=spelare&id=475&link=visa-data,
22,Alexander Hylander,"Swedish association football player, played for BoIS, active ?, born 1997-02-11",Q5,https://boishistoria.se/visa-data/?what=spelare&id=22&link=visa-data,
88,Bertil Håkansson,"Swedish association football player, played for BoIS, active ?, born 1949-04-27",Q5,https://boishistoria.se/visa-data/?what=spelare&id=88&link=visa-data,
394,Johnny Håkansson,"Swedish association football player, played for BoIS, active ?, born 1942-08-04",Q5,https://boishistoria.se/visa-data/?what=spelare&id=394&link=visa-data,
418,Karl Håkansson,"Swedish association football player, played for BoIS, active ?, born 1922-08-16",Q5,https://boishistoria.se/visa-data/?what=spelare&id=418&link=visa-data,
448,Kurt Håkansson,"Swedish association football player, played for BoIS, active ?, born 1922-06-20",Q5,https://boishistoria.se/visa-data/?what=spelare&id=448&link=visa-data,
590,Nils Håkansson,"Swedish association football player, played for BoIS, active ?, born 1903-10-02",Q5,https://boishistoria.se/visa-data/?what=spelare&id=590&link=visa-data,
244,Gunnar Hägg,"Swedish association football player, played for BoIS, active ?, born 1914-11-13",Q5,https://boishistoria.se/visa-data/?what=spelare&id=244&link=visa-data,
3755,Frederik Ihler,"Swedish association football player, played for BoIS, active ?, born 2003-06-25",Q5,https://boishistoria.se/visa-data/?what=spelare&id=3755&link=visa-data,
528,Martin Ingelsson,"Swedish association football player, played for BoIS, active ?, born 1985-02-27",Q5,https://boishistoria.se/visa-data/?what=spelare&id=528&link=visa-data,
346,Henry Isberg,"Swedish association football player, played for BoIS, active ?, born 1924-10-28",Q5,,
553,Meriton Istrefi,"Swedish association football player, played for BoIS, active ?, born 1997-05-01",Q5,https://boishistoria.se/visa-data/?what=spelare&id=553&link=visa-data,
671,Ray Jacobsen,"Swedish association football player, played for BoIS, active ?, born 1953-12-31",Q5,https://boishistoria.se/visa-data/?what=spelare&id=671&link=visa-data,
134,Christer Jacobsson,"Swedish association football player, played for BoIS, active ?, born 1951-01-26",Q5,https://boishistoria.se/visa-data/?what=spelare&id=134&link=visa-data,
467,Lars-Arne Jacobsson,"Swedish association football player, played for BoIS, active ?, born 1964-05-11",Q5,https://boishistoria.se/visa-data/?what=spelare&id=467&link=visa-data,
676,Rickard Jacobsson,"Swedish association football player, played for BoIS, active ?, born 1961-07-27",Q5,https://boishistoria.se/visa-data/?what=spelare&id=676&link=visa-data,
46,Andreas Jakobsson,"Swedish association football player, played for BoIS, active ?, born 1972-10-06",Q5,https://boishistoria.se/visa-data/?what=spelare&id=46&link=visa-data,Q498468
158,Daniel Jarl,"Swedish association football player, played for BoIS, active ?, born 1992-04-13",Q5,https://boishistoria.se/visa-data/?what=spelare&id=158&link=visa-data,Q5880275
61,Arton Jashari,"Swedish association football player, played for BoIS, active ?, born 1995-04-28",Q5,https://boishistoria.se/visa-data/?what=spelare&id=61&link=visa-data,
3625,Camil Jebara,"Swedish association football player, played for BoIS, active ?, born 2003-01-19",Q5,https://boishistoria.se/visa-data/?what=spelare&id=3625&link=visa-data,Q121913586
567,Mirza Jelecak,"Swedish association football player, played for BoIS, active ?, born 1983-03-02",Q5,https://boishistoria.se/visa-data/?what=spelare&id=567&link=visa-data,
835,Kevin Jensen,"Swedish association football player, played for BoIS, active ?, born 2001-06-15",Q5,https://boishistoria.se/visa-data/?what=spelare&id=835&link=visa-data,Q74295637
603,Ole Jensen,"Swedish association football player, played for BoIS, active ?, born 1962-05-19",Q5,https://boishistoria.se/visa-data/?what=spelare&id=603&link=visa-data,
727,Stefan Jensen,"Swedish association football player, played for BoIS, active ?, born 1951-03-19",Q5,https://boishistoria.se/visa-data/?what=spelare&id=727&link=visa-data,
430,Kim Jeppsson,"Swedish association football player, played for BoIS, active ?, born 1989-02-02",Q5,https://boishistoria.se/visa-data/?what=spelare&id=430&link=visa-data,
476,Leif Jeppsson,"Swedish association football player, played for BoIS, active ?, born 1930-09-08",Q5,https://boishistoria.se/visa-data/?what=spelare&id=476&link=visa-data,
3485,Mats Jingblad,"Swedish association football player, played for BoIS, active ?, born None",Q5,https://boishistoria.se/visa-data/?what=spelare&id=3485&link=visa-data,
648,Peter Joelsson,"Swedish association football player, played for BoIS, active ?, born 1963-08-04",Q5,https://boishistoria.se/visa-data/?what=spelare&id=648&link=visa-data,
3386,Mathias Johannesson,"Swedish association football player, played for BoIS, active ?, born 1979-06-18",Q5,https://boishistoria.se/visa-data/?what=spelare&id=3386&link=visa-data,
3684,Jazz Johansen,"Swedish association football player, played for BoIS, active ?, born 2003-06-16",Q5,https://boishistoria.se/visa-data/?what=spelare&id=3684&link=visa-data,
366,Axel Johansson,"Swedish association football player, played for BoIS, active ?, born 1907-10-02",Q5,,Q124542499
113,Boris Johansson,"Swedish association football player, played for BoIS, active ?, born 1959-07-02",Q5,https://boishistoria.se/visa-data/?what=spelare&id=113&link=visa-data,
135,Christer Johansson,"Swedish association football player, played for BoIS, active ?, born 1949-02-18",Q5,https://boishistoria.se/visa-data/?what=spelare&id=135&link=visa-data,
369,Erik Johansson,"Swedish association football player, played for BoIS, active ?, born 1917-04-27",Q5,,
333,Ingvar Johansson,"Swedish association football player, played for BoIS, active ?, born 1962-06-08",Q5,https://boishistoria.se/visa-data/?what=spelare&id=333&link=visa-data,
371,Lars Johansson,"Swedish association football player, played for BoIS, active ?, born 1947-07-26",Q5,,
477,Leif Johansson,"Swedish association football player, played for BoIS, active ?, born 1938-09-11",Q5,https://boishistoria.se/visa-data/?what=spelare&id=477&link=visa-data,
489,Lennart Johansson,"Swedish association football player, played for BoIS, active ?, born 1928-12-03",Q5,https://boishistoria.se/visa-data/?what=spelare&id=489&link=visa-data,
599,Odin Johansson,"Swedish association football player, played for BoIS, active ?, born 1892-03-09",Q5,https://boishistoria.se/visa-data/?what=spelare&id=599&link=visa-data,
623,Patrik Johansson,"Swedish association football player, played for BoIS, active ?, born 1968-04-02",Q5,https://boishistoria.se/visa-data/?what=spelare&id=623&link=visa-data,Q12331063
376,Per-Erik Johansson,"Swedish association football player, played for BoIS, active ?, born 1940-07-21",Q5,,
642,Per-Ola Johansson,"Swedish association football player, played for BoIS, active ?, born 1969-02-13",Q5,https://boishistoria.se/visa-data/?what=spelare&id=642&link=visa-data,
680,Robert Johansson,"Swedish association football player, played for BoIS, active ?, born 1922-01-24",Q5,https://boishistoria.se/visa-data/?what=spelare&id=680&link=visa-data,
684,Roger Johansson,"Swedish association football player, played for BoIS, active ?, born 1968-07-08",Q5,https://boishistoria.se/visa-data/?what=spelare&id=684&link=visa-data,
719,Sonny Johansson,"Swedish association football player, played for BoIS, active ?, born 1948-10-17",Q5,https://boishistoria.se/visa-data/?what=spelare&id=719&link=visa-data,Q2302277
749,Sture Johansson,"Swedish association football player, played for BoIS, active ?, born 1903-12-02",Q5,https://boishistoria.se/visa-data/?what=spelare&id=749&link=visa-data,
803,Ulf Johansson,"Swedish association football player, played for BoIS, active ?, born 1949-03-26",Q5,https://boishistoria.se/visa-data/?what=spelare&id=803&link=visa-data,
383,Åke Johansson,"Swedish association football player, played for BoIS, active ?, born 1923-11-03",Q5,,
107,Bo Johnsson,"Swedish association football player, played for BoIS, active ?, born 1950-05-11",Q5,https://boishistoria.se/visa-data/?what=spelare&id=107&link=visa-data,
490,Lennart Johnsson,"Swedish association football player, played for BoIS, active ?, born 1957-04-02",Q5,https://boishistoria.se/visa-data/?what=spelare&id=490&link=visa-data,
797,Tore Johnsson,"Swedish association football player, played for BoIS, active ?, born 1918-03-05",Q5,https://boishistoria.se/visa-data/?what=spelare&id=797&link=visa-data,
839,Anton Jonsson,"Swedish association football player, played for BoIS, active ?, born 1993-01-31",Q5,https://boishistoria.se/visa-data/?what=spelare&id=839&link=visa-data,
3682,Melker Jonsson,"Swedish association football player, played for BoIS, active ?, born 2002-07-10",Q5,https://boishistoria.se/visa-data/?what=spelare&id=3682&link=visa-data,Q97982526
338,Ivan Juric,"Swedish association football player, played for BoIS, active ?, born 1995-01-03",Q5,https://boishistoria.se/visa-data/?what=spelare&id=338&link=visa-data,
792,Tony Jurkiewicz,"Swedish association football player, played for BoIS, active ?, born 1958-07-13",Q5,https://boishistoria.se/visa-data/?what=spelare&id=792&link=visa-data,
75,Bengt Jönsson,"Swedish association football player, played for BoIS, active ?, born 1923-09-25",Q5,https://boishistoria.se/visa-data/?what=spelare&id=75&link=visa-data,
179,Emil Jönsson,"Swedish association football player, played for BoIS, active ?, born 1911-03-15",Q5,https://boishistoria.se/visa-data/?what=spelare&id=179&link=visa-data,
393,Emil Jönsson,"Swedish association football player, played for BoIS, active ?, born 2001-04-28",Q5,,
394,Erik Jönsson,"Swedish association football player, played for BoIS, active ?, born 1907-07-04",Q5,,
395,Erik Jönsson,"Swedish association football player, played for BoIS, active ?, born 1921-06-04",Q5,,
278,Hans Jönsson,"Swedish association football player, played for BoIS, active ?, born 1935-07-29",Q5,https://boishistoria.se/visa-data/?what=spelare&id=278&link=visa-data,
397,Harry Jönsson,"Swedish association football player, played for BoIS, active ?, born 1929-05-30",Q5,,
296,Helge Jönsson,"Swedish association football player, played for BoIS, active ?, born 1904-02-04",Q5,https://boishistoria.se/visa-data/?what=spelare&id=296&link=visa-data,Q124571282
311,Henry Jönsson,"Swedish association football player, played for BoIS, active ?, born 1919-09-17",Q5,https://boishistoria.se/visa-data/?what=spelare&id=311&link=visa-data,
316,Hugo Jönsson,"Swedish association football player, played for BoIS, active ?, born 1924-01-13",Q5,https://boishistoria.se/visa-data/?what=spelare&id=316&link=visa-data,
3483,Jan Jönsson,"Swedish association football player, played for BoIS, active ?, born None",Q5,https://boishistoria.se/visa-data/?what=spelare&id=3483&link=visa-data,
382,Johan Jönsson,"Swedish association football player, played for BoIS, active ?, born 1977-11-19",Q5,https://boishistoria.se/visa-data/?what=spelare&id=382&link=visa-data,
403,John Jönsson,"Swedish association football player, played for BoIS, active ?, born 1907-07-15",Q5,,
397,Jon Jönsson,"Swedish association football player, played for BoIS, active ?, born 1983-07-08",Q5,https://boishistoria.se/visa-data/?what=spelare&id=397&link=visa-data,Q679778
405,Jonny Jönsson,"Swedish association football player, played for BoIS, active ?, born 1938-05-16",Q5,,
462,Lars Jönsson,"Swedish association football player, played for BoIS, active ?, born 1965-05-10",Q5,https://boishistoria.se/visa-data/?what=spelare&id=462&link=visa-data,
514,Malte Jönsson,"Swedish association football player, played for BoIS, active ?, born 1923-09-17",Q5,https://boishistoria.se/visa-data/?what=spelare&id=514&link=visa-data,
3458,Martin Jönsson,"Swedish association football player, played for BoIS, active ?, born 1999-05-14",Q5,https://boishistoria.se/visa-data/?what=spelare&id=3458&link=visa-data,
584,Niklas Jönsson,"Swedish association football player, played for BoIS, active ?, born 1996-07-11",Q5,https://boishistoria.se/visa-data/?what=spelare&id=584&link=visa-data,
693,Rolf Jönsson,"Swedish association football player, played for BoIS, active ?, born 1936-04-05",Q5,https://boishistoria.se/visa-data/?what=spelare&id=693&link=visa-data,
728,Stefan Jönsson,"Swedish association football player, played for BoIS, active ?, born 1973-07-17",Q5,https://boishistoria.se/visa-data/?what=spelare&id=728&link=visa-data,
412,Sture Jönsson,"Swedish association football player, played for BoIS, active ?, born 1926-02-09",Q5,,
828,Östen Jönsson,"Swedish association football player, played for BoIS, active ?, born 1948-09-20",Q5,https://boishistoria.se/visa-data/?what=spelare&id=828&link=visa-data,
745,Stig-Göran Jörnehav,"Swedish association football player, played for BoIS, active ?, born 1947-12-17",Q5,https://boishistoria.se/visa-data/?what=spelare&id=745&link=visa-data,
34,Amr Kaddoura,"Swedish association football player, played for BoIS, active ?, born 1994-07-01",Q5,https://boishistoria.se/visa-data/?what=spelare&id=34&link=visa-data,Q60841131
706,Sadat Karim,"Swedish association football player, played for BoIS, active ?, born 1991-10-24",Q5,https://boishistoria.se/visa-data/?what=spelare&id=706&link=visa-data,Q16466359
39,Anders Karlsson,"Swedish association football player, played for BoIS, active ?, born 1963-04-23",Q5,https://boishistoria.se/visa-data/?what=spelare&id=39&link=visa-data,
418,Arthur Karlsson,"Swedish association football player, played for BoIS, active ?, born 1914-06-23",Q5,,Q3624282
3480,Conny Karlsson,"Swedish association football player, played for BoIS, active ?, born None",Q5,https://boishistoria.se/visa-data/?what=spelare&id=3480&link=visa-data,
174,Edvin Karlsson,"Swedish association football player, played for BoIS, active ?, born 1896-12-13",Q5,https://boishistoria.se/visa-data/?what=spelare&id=174&link=visa-data,
191,Erik Karlsson,"Swedish association football player, played for BoIS, active ?, born 1931-05-10",Q5,https://boishistoria.se/visa-data/?what=spelare&id=191&link=visa-data,
223,Fredrik Karlsson,"Swedish association football player, played for BoIS, active ?, born 1986-05-08",Q5,https://boishistoria.se/visa-data/?what=spelare&id=223&link=visa-data,Q5901356
234,Gert Karlsson,"Swedish association football player, played for BoIS, active ?, born 1947-02-15",Q5,https://boishistoria.se/visa-data/?what=spelare&id=234&link=visa-data,
343,John Karlsson,"Swedish association football player, played for BoIS, active ?, born 1933-04-06",Q5,https://boishistoria.se/visa-data/?what=spelare&id=343&link=visa-data,
390,John Karlsson,"Swedish association football player, played for BoIS, active ?, born None",Q5,https://boishistoria.se/visa-data/?what=spelare&id=390&link=visa-data,
426,Kurt Karlsson,"Swedish association football player, played for BoIS, active ?, born 1922-09-24",Q5,,
463,Lars Karlsson,"Swedish association football player, played for BoIS, active ?, born 1948-10-18",Q5,https://boishistoria.se/visa-data/?what=spelare&id=463&link=visa-data,
649,Peter Karlsson,"Swedish association football player, played for BoIS, active ?, born 1985-09-03",Q5,https://boishistoria.se/visa-data/?what=spelare&id=649&link=visa-data,
685,Roger Karlsson,"Swedish association football player, played for BoIS, active ?, born 1945-04-12",Q5,https://boishistoria.se/visa-data/?what=spelare&id=685&link=visa-data,Q2161749
703,Rune Karlsson,"Swedish association football player, played for BoIS, active ?, born 1928-09-07",Q5,https://boishistoria.se/visa-data/?what=spelare&id=703&link=visa-data,
710,Sebastian Karlsson,"Swedish association football player, played for BoIS, active ?, born 1982-04-24",Q5,https://boishistoria.se/visa-data/?what=spelare&id=710&link=visa-data,
720,Sonny Karlsson,"Swedish association football player, played for BoIS, active ?, born 1988-06-14",Q5,https://boishistoria.se/visa-data/?what=spelare&id=720&link=visa-data,Q10557517
729,Stefan Karlsson,"Swedish association football player, played for BoIS, active ?, born 1956-12-26",Q5,https://boishistoria.se/visa-data/?what=spelare&id=729&link=visa-data,
737,Stig Karlsson,"Swedish association football player, played for BoIS, active ?, born 1937-07-03",Q5,https://boishistoria.se/visa-data/?what=spelare&id=737&link=visa-data,
3762,Viktor Karlsson,"Swedish association football player, played for BoIS, active ?, born 2001-05-18",Q5,https://boishistoria.se/visa-data/?what=spelare&id=3762&link=visa-data,
49,Andrew Kelly,"Swedish association football player, played for BoIS, active ?, born 1984-01-09",Q5,https://boishistoria.se/visa-data/?what=spelare&id=49&link=visa-data,Q4757595
3589,Osama Khattab,"Swedish association football player, played for BoIS, active ?, born 2002-01-01",Q5,https://boishistoria.se/visa-data/?what=spelare&id=3589&link=visa-data,
438,Kurt Kilcewskis,"Swedish association football player, played for BoIS, active ?, born 1958-02-18",Q5,,
507,Magnus Kjellsson,"Swedish association football player, played for BoIS, active ?, born 1979-01-22",Q5,https://boishistoria.se/visa-data/?what=spelare&id=507&link=visa-data,
1,Atell Klein,"Swedish association football player, played for BoIS, active ?, born 1898-11-14",Q5,https://boishistoria.se/visa-data/?what=spelare&id=1&link=visa-data,
344,Johan Knutsson,"Swedish association football player, played for BoIS, active ?, born 1896-04-04",Q5,https://boishistoria.se/visa-data/?what=spelare&id=344&link=visa-data,
395,Johnny Kongsbög,"Swedish association football player, played for BoIS, active ?, born 1966-12-01",Q5,https://boishistoria.se/visa-data/?what=spelare&id=395&link=visa-data,
3756,Samuel Kotto,"Swedish association football player, played for BoIS, active ?, born 2003-09-03",Q5,https://boishistoria.se/visa-data/?what=spelare&id=3756&link=visa-data,
215,Florent Krasniqi,"Swedish association football player, played for BoIS, active ?, born 1995-06-24",Q5,https://boishistoria.se/visa-data/?what=spelare&id=215&link=visa-data,
807,Valter Kristersson,"Swedish association football player, played for BoIS, active ?, born 1903-12-12",Q5,https://boishistoria.se/visa-data/?what=spelare&id=807&link=visa-data,
689,Roland Kropp,"Swedish association football player, played for BoIS, active ?, born 1927-12-19",Q5,https://boishistoria.se/visa-data/?what=spelare&id=689&link=visa-data,
312,Henry Kruse,"Swedish association football player, played for BoIS, active ?, born 1920-01-05",Q5,https://boishistoria.se/visa-data/?what=spelare&id=312&link=visa-data,
9,Ajsel Kujovic,"Swedish association football player, played for BoIS, active ?, born 1986-03-01",Q5,https://boishistoria.se/visa-data/?what=spelare&id=9&link=visa-data,
181,Emir Kujovic,"Swedish association football player, played for BoIS, active ?, born 1988-06-22",Q5,https://boishistoria.se/visa-data/?what=spelare&id=181&link=visa-data,
3733,Emanuel Kulego,"Swedish association football player, played for BoIS, active ?, born 2002-06-07",Q5,https://boishistoria.se/visa-data/?what=spelare&id=3733&link=visa-data,
407,Jones Kusi Asare,"Swedish association football player, played for BoIS, active ?, born 1980-05-21",Q5,https://boishistoria.se/visa-data/?what=spelare&id=407&link=visa-data,
591,Nils Kvist,"Swedish association football player, played for BoIS, active ?, born 1938-03-28",Q5,https://boishistoria.se/visa-data/?what=spelare&id=591&link=visa-data,
624,Patrik Kvist,"Swedish association football player, played for BoIS, active ?, born 1967-03-31",Q5,https://boishistoria.se/visa-data/?what=spelare&id=624&link=visa-data,
755,Svante Kvist,"Swedish association football player, played for BoIS, active ?, born 1904-03-07",Q5,https://boishistoria.se/visa-data/?what=spelare&id=755&link=visa-data,Q124581703
813,William Kvist,"Swedish association football player, played for BoIS, active ?, born 1994-08-25",Q5,https://boishistoria.se/visa-data/?what=spelare&id=813&link=visa-data,
3679,Nikola Ladan,"Swedish association football player, played for BoIS, active ?, born 1993-03-15",Q5,https://boishistoria.se/visa-data/?what=spelare&id=3679&link=visa-data,Q47506164
805,Valentino Lai,"Swedish association football player, played for BoIS, active ?, born 1984-02-03",Q5,https://boishistoria.se/visa-data/?what=spelare&id=805&link=visa-data,Q1174137
288,Harry Landgren,"Swedish association football player, played for BoIS, active ?, born 1939-03-19",Q5,https://boishistoria.se/visa-data/?what=spelare&id=288&link=visa-data,
604,Ole Langnes,"Swedish association football player, played for BoIS, active ?, born 1971-07-16",Q5,https://boishistoria.se/visa-data/?what=spelare&id=604&link=visa-data,
519,Marcus Lantz,"Swedish association football player, played for BoIS, active ?, born 1975-10-23",Q5,https://boishistoria.se/visa-data/?what=spelare&id=519&link=visa-data,Q1894253
168,Dennis Larsen,"Swedish association football player, played for BoIS, active ?, born 1965-02-27",Q5,https://boishistoria.se/visa-data/?what=spelare&id=168&link=visa-data,
3387,Andreas Larsson,"Swedish association football player, played for BoIS, active ?, born 1973-04-19",Q5,https://boishistoria.se/visa-data/?what=spelare&id=3387&link=visa-data,
51,Anton Larsson,"Swedish association football player, played for BoIS, active ?, born 1991-01-28",Q5,https://boishistoria.se/visa-data/?what=spelare&id=51&link=visa-data,
76,Bengt Larsson,"Swedish association football player, played for BoIS, active ?, born 1938-06-20",Q5,https://boishistoria.se/visa-data/?what=spelare&id=76&link=visa-data,Q132131087
3487,Henrik Larsson,"Swedish association football player, played for BoIS, active ?, born None",Q5,https://boishistoria.se/visa-data/?what=spelare&id=3487&link=visa-data,
401,Jonas Larsson,"Swedish association football player, played for BoIS, active ?, born 1981-01-21",Q5,https://boishistoria.se/visa-data/?what=spelare&id=401&link=visa-data,
412,Jörgen Larsson,"Swedish association football player, played for BoIS, active ?, born 1971-01-09",Q5,https://boishistoria.se/visa-data/?what=spelare&id=412&link=visa-data,
496,Leo Larsson,"Swedish association football player, played for BoIS, active ?, born 1956-11-12",Q5,https://boishistoria.se/visa-data/?what=spelare&id=496&link=visa-data,
634,Per Larsson,"Swedish association football player, played for BoIS, active ?, born 1954-06-22",Q5,https://boishistoria.se/visa-data/?what=spelare&id=634&link=visa-data,
718,Simon Larsson,"Swedish association football player, played for BoIS, active ?, born 1987-11-08",Q5,https://boishistoria.se/visa-data/?what=spelare&id=718&link=visa-data,
471,Sven Larsson,"Swedish association football player, played for BoIS, active ?, born 1939-06-14",Q5,,
773,Thomas Larsson,"Swedish association football player, played for BoIS, active ?, born 1978-01-31",Q5,https://boishistoria.se/visa-data/?what=spelare&id=773&link=visa-data,
786,Tommy Larsson,"Swedish association football player, played for BoIS, active ?, born 1951-09-07",Q5,https://boishistoria.se/visa-data/?what=spelare&id=786&link=visa-data,Q5938939
818,Yngve Larsson,"Swedish association football player, played for BoIS, active ?, born 1916-10-24",Q5,https://boishistoria.se/visa-data/?what=spelare&id=818&link=visa-data,
3761,Albin Lataj,"Swedish association football player, played for BoIS, active ?, born 2005-11-01",Q5,https://boishistoria.se/visa-data/?what=spelare&id=3761&link=visa-data,
183,Eric Laurenius,"Swedish association football player, played for BoIS, active ?, born 1984-03-03",Q5,https://boishistoria.se/visa-data/?what=spelare&id=183&link=visa-data,
501,Liridon Leci,"Swedish association football player, played for BoIS, active ?, born 1985-02-11",Q5,https://boishistoria.se/visa-data/?what=spelare&id=501&link=visa-data,
359,Jarrett Leech,"Swedish association football player, played for BoIS, active ?, born 1986-08-02",Q5,https://boishistoria.se/visa-data/?what=spelare&id=359&link=visa-data,
673,Rajko Lekic,"Swedish association football player, played for BoIS, active ?, born 1981-07-03",Q5,https://boishistoria.se/visa-data/?what=spelare&id=673&link=visa-data,
480,Lenty,"Swedish association football player, played for BoIS, active ?, born None",Q5,,
363,Jesper Lernesjö,"Swedish association football player, played for BoIS, active ?, born 1995-09-11",Q5,https://boishistoria.se/visa-data/?what=spelare&id=363&link=visa-data,
524,Mark Leth Pedersen,"Swedish association football player, played for BoIS, active ?, born 1989-08-17",Q5,https://boishistoria.se/visa-data/?what=spelare&id=524&link=visa-data,
483,Allan Levén,"Swedish association football player, played for BoIS, active ?, born 1920-03-28",Q5,,
406,Jonathan Levi,"Swedish association football player, played for BoIS, active ?, born 1996-01-23",Q5,https://boishistoria.se/visa-data/?what=spelare&id=406&link=visa-data,Q30612091
72,Belvin Licina,"Swedish association football player, played for BoIS, active ?, born 1993-10-09",Q5,https://boishistoria.se/visa-data/?what=spelare&id=72&link=visa-data,
650,Peter Lind,"Swedish association football player, played for BoIS, active ?, born 1968-01-30",Q5,https://boishistoria.se/visa-data/?what=spelare&id=650&link=visa-data,
313,Herbert Lindberg,"Swedish association football player, played for BoIS, active ?, born 1903-10-27",Q5,https://boishistoria.se/visa-data/?what=spelare&id=313&link=visa-data,
488,Jan Lindberg,"Swedish association football player, played for BoIS, active ?, born 1939-04-01",Q5,,
542,Mats Lindberg,"Swedish association football player, played for BoIS, active ?, born 1962-05-26",Q5,https://boishistoria.se/visa-data/?what=spelare&id=542&link=visa-data,
592,Nils Lindberg,"Swedish association football player, played for BoIS, active ?, born 1906-03-23",Q5,https://boishistoria.se/visa-data/?what=spelare&id=592&link=visa-data,
491,Sigfrid Lindberg,"Swedish association football player, played for BoIS, active ?, born 1897-03-26",Q5,,
751,Sture Lindberg,"Swedish association football player, played for BoIS, active ?, born 1899-04-20",Q5,https://boishistoria.se/visa-data/?what=spelare&id=751&link=visa-data,
754,Sune Lindberg,"Swedish association football player, played for BoIS, active ?, born 1934-03-19",Q5,https://boishistoria.se/visa-data/?what=spelare&id=754&link=visa-data,
798,Tore Lindberg,"Swedish association football player, played for BoIS, active ?, born 1897-03-20",Q5,https://boishistoria.se/visa-data/?what=spelare&id=798&link=visa-data,
89,Bertil Lindblad,"Swedish association football player, played for BoIS, active ?, born 1931-07-28",Q5,https://boishistoria.se/visa-data/?what=spelare&id=89&link=visa-data,
543,Mats Lindblad,"Swedish association football player, played for BoIS, active ?, born 1967-03-16",Q5,https://boishistoria.se/visa-data/?what=spelare&id=543&link=visa-data,
3766,Linus Lindeberg,"Swedish association football player, played for BoIS, active ?, born 2007-01-01",Q5,https://boishistoria.se/visa-data/?what=spelare&id=3766&link=visa-data,
90,Bertil Lindell,"Swedish association football player, played for BoIS, active ?, born 1941-04-19",Q5,https://boishistoria.se/visa-data/?what=spelare&id=90&link=visa-data,
3576,Carl Lindell,"Swedish association football player, played for BoIS, active ?, born 1991-09-12",Q5,https://boishistoria.se/visa-data/?what=spelare&id=3576&link=visa-data,
193,Erik Linder,"Swedish association football player, played for BoIS, active ?, born 1903-12-23",Q5,https://boishistoria.se/visa-data/?what=spelare&id=193&link=visa-data,Q124575831
299,Henning Linder,"Swedish association football player, played for BoIS, active ?, born 1905-11-08",Q5,https://boishistoria.se/visa-data/?what=spelare&id=299&link=visa-data,Q124542097
3486,Anders Linderoth,"Swedish association football player, played for BoIS, active ?, born None",Q5,https://boishistoria.se/visa-data/?what=spelare&id=3486&link=visa-data,
503,Fritz Lindfors,"Swedish association football player, played for BoIS, active ?, born 1895-04-07",Q5,,
3490,Fritz Lindfors,"Swedish association football player, played for BoIS, active ?, born None",Q5,https://boishistoria.se/visa-data/?what=spelare&id=3490&link=visa-data,
81,Bernt Lindgren,"Swedish association football player, played for BoIS, active ?, born 1949-02-10",Q5,https://boishistoria.se/visa-data/?what=spelare&id=81&link=visa-data,
506,Christer Lindgren,"Swedish association football player, played for BoIS, active ?, born 1947-01-17",Q5,,Q132774928
416,Kalle Lindgren,"Swedish association football player, played for BoIS, active ?, born 1980-04-29",Q5,https://boishistoria.se/visa-data/?what=spelare&id=416&link=visa-data,
491,Lennart Lindgren,"Swedish association football player, played for BoIS, active ?, born 1897-12-20",Q5,https://boishistoria.se/visa-data/?what=spelare&id=491&link=visa-data,
508,Magnus Lindgren,"Swedish association football player, played for BoIS, active ?, born 1971-08-06",Q5,https://boishistoria.se/visa-data/?what=spelare&id=508&link=visa-data,
668,Rasmus Lindgren,"Swedish association football player, played for BoIS, active ?, born 1984-11-29",Q5,https://boishistoria.se/visa-data/?what=spelare&id=668&link=visa-data,Q440904
289,Harry Lindh,"Swedish association football player, played for BoIS, active ?, born 1924-10-19",Q5,https://boishistoria.se/visa-data/?what=spelare&id=289&link=visa-data,
402,Jonas Lindh,"Swedish association football player, played for BoIS, active ?, born 1982-06-24",Q5,https://boishistoria.se/visa-data/?what=spelare&id=402&link=visa-data,Q5956455
272,Göte Lindholm,"Swedish association football player, played for BoIS, active ?, born 1927-02-21",Q5,https://boishistoria.se/visa-data/?what=spelare&id=272&link=visa-data,
3675,Emil Lindman,"Swedish association football player, played for BoIS, active ?, born 2003-02-18",Q5,https://boishistoria.se/visa-data/?what=spelare&id=3675&link=visa-data,
509,Magnus Lindqvist,"Swedish association football player, played for BoIS, active ?, born 1969-12-05",Q5,https://boishistoria.se/visa-data/?what=spelare&id=509&link=visa-data,
322,Håkan Lindroth,"Swedish association football player, played for BoIS, active ?, born 1962-09-22",Q5,https://boishistoria.se/visa-data/?what=spelare&id=322&link=visa-data,
517,Erik Lindskog,"Swedish association football player, played for BoIS, active ?, born 1903-12-06",Q5,,
607,Olle Lindstedt,"Swedish association football player, played for BoIS, active ?, born 1915-09-16",Q5,https://boishistoria.se/visa-data/?what=spelare&id=607&link=visa-data,
437,Kjell Lindstrand,"Swedish association football player, played for BoIS, active ?, born 1939-01-01",Q5,https://boishistoria.se/visa-data/?what=spelare&id=437&link=visa-data,Q17505172
526,Markus Lindström,"Swedish association football player, played for BoIS, active ?, born 1992-03-23",Q5,https://boishistoria.se/visa-data/?what=spelare&id=526&link=visa-data,
795,Torbjörn Lindström,"Swedish association football player, played for BoIS, active ?, born 1947-05-11",Q5,https://boishistoria.se/visa-data/?what=spelare&id=795&link=visa-data,
438,Kjell Lindvall,"Swedish association football player, played for BoIS, active ?, born 1927-09-16",Q5,https://boishistoria.se/visa-data/?what=spelare&id=438&link=visa-data,
712,Sigfrid Ling,"Swedish association football player, played for BoIS, active ?, born 1899-09-29",Q5,https://boishistoria.se/visa-data/?what=spelare&id=712&link=visa-data,
3669,Albin Linnér,"Swedish association football player, played for BoIS, active ?, born 1999-02-14",Q5,https://boishistoria.se/visa-data/?what=spelare&id=3669&link=visa-data,
224,Fredrik Liverstam,"Swedish association football player, played for BoIS, active ?, born 1988-03-04",Q5,https://boishistoria.se/visa-data/?what=spelare&id=224&link=visa-data,Q5499492
364,Jesper Ljung,"Swedish association football player, played for BoIS, active ?, born 1973-12-31",Q5,https://boishistoria.se/visa-data/?what=spelare&id=364&link=visa-data,Q3808108
643,Per-Ola Ljung,"Swedish association football player, played for BoIS, active ?, born 1967-11-07",Q5,https://boishistoria.se/visa-data/?what=spelare&id=643&link=visa-data,Q5960803
655,Philip Ljung,"Swedish association football player, played for BoIS, active ?, born 1997-11-12",Q5,https://boishistoria.se/visa-data/?what=spelare&id=655&link=visa-data,Q56072721
529,Anders Ljungberg,"Swedish association football player, played for BoIS, active ?, born 1947-07-12",Q5,,Q3615347
203,Ernst Ljunggren,"Swedish association football player, played for BoIS, active ?, born 1921-03-28",Q5,https://boishistoria.se/visa-data/?what=spelare&id=203&link=visa-data,
137,Christer Lorichs,"Swedish association football player, played for BoIS, active ?, born 1958-06-07",Q5,https://boishistoria.se/visa-data/?what=spelare&id=137&link=visa-data,
164,Darko Lukanovic,"Swedish association football player, played for BoIS, active ?, born 1984-06-01",Q5,https://boishistoria.se/visa-data/?what=spelare&id=164&link=visa-data,
746,Stojan Lukic,"Swedish association football player, played for BoIS, active ?, born 1979-12-28",Q5,https://boishistoria.se/visa-data/?what=spelare&id=746&link=visa-data,Q10680740
138,Christer Lundberg,"Swedish association football player, played for BoIS, active ?, born 1949-11-09",Q5,https://boishistoria.se/visa-data/?what=spelare&id=138&link=visa-data,
254,Gustaf Lundberg,"Swedish association football player, played for BoIS, active ?, born 1911-11-26",Q5,https://boishistoria.se/visa-data/?what=spelare&id=254&link=visa-data,Q125267936
365,Jesper Lundberg,"Swedish association football player, played for BoIS, active ?, born 1993-10-24",Q5,https://boishistoria.se/visa-data/?what=spelare&id=365&link=visa-data,
396,Johnny Lundberg,"Swedish association football player, played for BoIS, active ?, born 1982-04-15",Q5,https://boishistoria.se/visa-data/?what=spelare&id=396&link=visa-data,Q774885
538,Tommy Lundh,"Swedish association football player, played for BoIS, active ?, born 1948-12-11",Q5,,
539,Tommy Lundh,"Swedish association football player, played for BoIS, active ?, born 1965-05-13",Q5,,
540,Folke Lundqvist,"Swedish association football player, played for BoIS, active ?, born 1921-08-29",Q5,,
145,Cimon Lydén,"Swedish association football player, played for BoIS, active ?, born 1995-07-25",Q5,https://boishistoria.se/visa-data/?what=spelare&id=145&link=visa-data,
96,Billy Magnusson,"Swedish association football player, played for BoIS, active ?, born 1978-10-21",Q5,https://boishistoria.se/visa-data/?what=spelare&id=96&link=visa-data,
686,Roger Magnusson,"Swedish association football player, played for BoIS, active ?, born 1954-05-19",Q5,https://boishistoria.se/visa-data/?what=spelare&id=686&link=visa-data,
730,Stefan Magnusson,"Swedish association football player, played for BoIS, active ?, born 1962-07-02",Q5,https://boishistoria.se/visa-data/?what=spelare&id=730&link=visa-data,
210,Felix Magro,"Swedish association football player, played for BoIS, active ?, born 1979-02-02",Q5,https://boishistoria.se/visa-data/?what=spelare&id=210&link=visa-data,
3753,Yosef Mahmood,"Swedish association football player, played for BoIS, active ?, born None",Q5,https://boishistoria.se/visa-data/?what=spelare&id=3753&link=visa-data,
836,Ivan Majetic,"Swedish association football player, played for BoIS, active ?, born 2000-06-30",Q5,https://boishistoria.se/visa-data/?what=spelare&id=836&link=visa-data,
782,Tobias Malm,"Swedish association football player, played for BoIS, active ?, born 1992-01-21",Q5,https://boishistoria.se/visa-data/?what=spelare&id=782&link=visa-data,Q5973574
147,Claes Malmberg,"Swedish association football player, played for BoIS, active ?, born 1952-03-11",Q5,https://boishistoria.se/visa-data/?what=spelare&id=147&link=visa-data,Q3678961
550,Sven Malmborg,"Swedish association football player, played for BoIS, active ?, born 1938-03-01",Q5,,Q132775094
419,Karl Malmqvist,"Swedish association football player, played for BoIS, active ?, born 1891-12-15",Q5,https://boishistoria.se/visa-data/?what=spelare&id=419&link=visa-data,
498,Linus Malmqvist,"Swedish association football player, played for BoIS, active ?, born 1981-09-09",Q5,https://boishistoria.se/visa-data/?what=spelare&id=498&link=visa-data,Q5974029
204,Ernst Malmsten,"Swedish association football player, played for BoIS, active ?, born 1896-02-13",Q5,https://boishistoria.se/visa-data/?what=spelare&id=204&link=visa-data,
635,Per Malmsten,"Swedish association football player, played for BoIS, active ?, born 1971-04-29",Q5,https://boishistoria.se/visa-data/?what=spelare&id=635&link=visa-data,
335,Issa Manglind,"Swedish association football player, played for BoIS, active ?, born 1971-09-22",Q5,https://boishistoria.se/visa-data/?what=spelare&id=335&link=visa-data,Q1674761
3520,Akram Mansour,"Swedish association football player, played for BoIS, active ?, born 1990-08-16",Q5,https://boishistoria.se/visa-data/?what=spelare&id=3520&link=visa-data,Q56241740
3477,Frank Marshall,"Swedish association football player, played for BoIS, active ?, born None",Q5,https://boishistoria.se/visa-data/?what=spelare&id=3477&link=visa-data,
257,Gustavo Martines,"Swedish association football player, played for BoIS, active ?, born 1979-02-20",Q5,https://boishistoria.se/visa-data/?what=spelare&id=257&link=visa-data,
558,Mikael Martinsson,"Swedish association football player, played for BoIS, active ?, born 1960-09-18",Q5,https://boishistoria.se/visa-data/?what=spelare&id=558&link=visa-data,Q132396220
802,Tvarko Matanovic,"Swedish association football player, played for BoIS, active ?, born 1964-06-05",Q5,https://boishistoria.se/visa-data/?what=spelare&id=802&link=visa-data,
566,Mike Mattsson,"Swedish association football player, played for BoIS, active ?, born 1959-01-11",Q5,https://boishistoria.se/visa-data/?what=spelare&id=566&link=visa-data,
259,Günther Mauermann,"Swedish association football player, played for BoIS, active ?, born 1959-06-27",Q5,https://boishistoria.se/visa-data/?what=spelare&id=259&link=visa-data,
3438,Dino Mesic,"Swedish association football player, played for BoIS, active ?, born 1995-02-09",Q5,https://boishistoria.se/visa-data/?what=spelare&id=3438&link=visa-data,
564,Torsten Mickelsson,"Swedish association football player, played for BoIS, active ?, born 1926-04-16",Q5,,
504,Luka Mijaljevic,"Swedish association football player, played for BoIS, active ?, born 1991-03-09",Q5,https://boishistoria.se/visa-data/?what=spelare&id=504&link=visa-data,Q6701612
3488,Zvezdan Milosevic,"Swedish association football player, played for BoIS, active ?, born None",Q5,https://boishistoria.se/visa-data/?what=spelare&id=3488&link=visa-data,
162,Danijel Milovanovic,"Swedish association football player, played for BoIS, active ?, born 1973-10-18",Q5,https://boishistoria.se/visa-data/?what=spelare&id=162&link=visa-data,Q5219536
838,Nezir Miroci,"Swedish association football player, played for BoIS, active ?, born 1992-01-07",Q5,https://boishistoria.se/visa-data/?what=spelare&id=838&link=visa-data,
3760,Max'Med Mohamed,"Swedish association football player, played for BoIS, active ?, born 2001-09-10",Q5,https://boishistoria.se/visa-data/?what=spelare&id=3760&link=visa-data,
326,Ian Moores,"Swedish association football player, played for BoIS, active ?, born 1955-10-05",Q5,https://boishistoria.se/visa-data/?what=spelare&id=326&link=visa-data,
525,Marko Mugosa,"Swedish association football player, played for BoIS, active ?, born 1984-04-04",Q5,https://boishistoria.se/visa-data/?what=spelare&id=525&link=visa-data,
32,Amar Muharemovic,"Swedish association football player, played for BoIS, active ?, born 1986-11-07",Q5,https://boishistoria.se/visa-data/?what=spelare&id=32&link=visa-data,Q5996278
148,Claes Munck af Rosenschöld,"Swedish association football player, played for BoIS, active ?, born 1917-01-12",Q5,https://boishistoria.se/visa-data/?what=spelare&id=148&link=visa-data,Q6080147
3623,Andreas Murbeck,"Swedish association football player, played for BoIS, active ?, born 1998-05-01",Q5,https://boishistoria.se/visa-data/?what=spelare&id=3623&link=visa-data,Q110827964
264,Göran Månsson,"Swedish association football player, played for BoIS, active ?, born 1939-02-27",Q5,https://boishistoria.se/visa-data/?what=spelare&id=264&link=visa-data,
279,Hans Månsson,"Swedish association football player, played for BoIS, active ?, born 1935-05-30",Q5,https://boishistoria.se/visa-data/?what=spelare&id=279&link=visa-data,
761,Sven-Åke Månsson,"Swedish association football player, played for BoIS, active ?, born 1931-05-30",Q5,https://boishistoria.se/visa-data/?what=spelare&id=761&link=visa-data,
80,Benny Mårtensson,"Swedish association football player, played for BoIS, active ?, born 1957-11-06",Q5,https://boishistoria.se/visa-data/?what=spelare&id=80&link=visa-data,Q6000529
155,Dan Mårtensson,"Swedish association football player, played for BoIS, active ?, born 1951-08-04",Q5,https://boishistoria.se/visa-data/?what=spelare&id=155&link=visa-data,Q132775165
246,Gunnar Mårtensson,"Swedish association football player, played for BoIS, active ?, born 1903-04-25",Q5,https://boishistoria.se/visa-data/?what=spelare&id=246&link=visa-data,
3554,Max Mårtensson,"Swedish association football player, played for BoIS, active ?, born 2000-01-06",Q5,https://boishistoria.se/visa-data/?what=spelare&id=3554&link=visa-data,
3590,Philip Mårtensson,"Swedish association football player, played for BoIS, active ?, born 1993-09-01",Q5,https://boishistoria.se/visa-data/?what=spelare&id=3590&link=visa-data,Q63124032
731,Stefan Mårtensson,"Swedish association football player, played for BoIS, active ?, born 1961-02-21",Q5,https://boishistoria.se/visa-data/?what=spelare&id=731&link=visa-data,
552,Max Mölder,"Swedish association football player, played for BoIS, active ?, born 1984-11-14",Q5,https://boishistoria.se/visa-data/?what=spelare&id=552&link=visa-data,Q6000750
180,Emil Möller,"Swedish association football player, played for BoIS, active ?, born 1988-03-14",Q5,https://boishistoria.se/visa-data/?what=spelare&id=180&link=visa-data,
559,Mikael Möller,"Swedish association football player, played for BoIS, active ?, born 1966-11-03",Q5,https://boishistoria.se/visa-data/?what=spelare&id=559&link=visa-data,
808,Valter Möller,"Swedish association football player, played for BoIS, active ?, born 1934-08-15",Q5,https://boishistoria.se/visa-data/?what=spelare&id=808&link=visa-data,
5,Adi Nalic,"Swedish association football player, played for BoIS, active ?, born 1997-12-01",Q5,https://boishistoria.se/visa-data/?what=spelare&id=5&link=visa-data,Q56072730
159,Daniel Nannskog,"Swedish association football player, played for BoIS, active ?, born 1974-05-22",Q5,https://boishistoria.se/visa-data/?what=spelare&id=159&link=visa-data,Q604130
3727,Adrian Neziri,"Swedish association football player, played for BoIS, active ?, born 2004-04-10",Q5,https://boishistoria.se/visa-data/?what=spelare&id=3727&link=visa-data,
31,Alvedin Nezirovac,"Swedish association football player, played for BoIS, active ?, born 1987-08-08",Q5,https://boishistoria.se/visa-data/?what=spelare&id=31&link=visa-data,Q6006723
352,Jan Nielsen,"Swedish association football player, played for BoIS, active ?, born 1958-01-06",Q5,https://boishistoria.se/visa-data/?what=spelare&id=352&link=visa-data,
593,Morten Nielsen,"Swedish association football player, played for BoIS, active ?, born 1974-10-21",Q5,,
594,Morten Nielsen,"Swedish association football player, played for BoIS, active ?, born 1990-02-28",Q5,,
581,Nicklas Nielsen,"Swedish association football player, played for BoIS, active ?, born 1992-11-27",Q5,https://boishistoria.se/visa-data/?what=spelare&id=581&link=visa-data,
3397,Elias Nikolaidis,"Swedish association football player, played for BoIS, active ?, born 1973-07-12",Q5,https://boishistoria.se/visa-data/?what=spelare&id=3397&link=visa-data,
19,Alex Nilsson,"Swedish association football player, played for BoIS, active ?, born 1992-10-12",Q5,https://boishistoria.se/visa-data/?what=spelare&id=19&link=visa-data,
598,Arne Nilsson,"Swedish association football player, played for BoIS, active ?, born 1922-06-30",Q5,,Q125282935
65,August Nilsson,"Swedish association football player, played for BoIS, active ?, born 1895-09-09",Q5,https://boishistoria.se/visa-data/?what=spelare&id=65&link=visa-data,
600,Bert-Inge Nilsson,"Swedish association football player, played for BoIS, active ?, born 1947-05-26",Q5,,
601,Bertil Nilsson,"Swedish association football player, played for BoIS, active ?, born 1936-01-16",Q5,,Q4895700
101,Björn Nilsson,"Swedish association football player, played for BoIS, active ?, born 1960-04-09",Q5,https://boishistoria.se/visa-data/?what=spelare&id=101&link=visa-data,
108,Bo Nilsson,"Swedish association football player, played for BoIS, active ?, born 1947-04-30",Q5,https://boishistoria.se/visa-data/?what=spelare&id=108&link=visa-data,
123,Carl Nilsson,"Swedish association football player, played for BoIS, active ?, born 1912-02-10",Q5,https://boishistoria.se/visa-data/?what=spelare&id=123&link=visa-data,
195,Erik Nilsson,"Swedish association football player, played for BoIS, active ?, born None",Q5,https://boishistoria.se/visa-data/?what=spelare&id=195&link=visa-data,
606,Frans Nilsson,"Swedish association football player, played for BoIS, active ?, born 1891-09-22",Q5,,
247,Gunnar Nilsson,"Swedish association football player, played for BoIS, active ?, born 1920-01-23",Q5,https://boishistoria.se/visa-data/?what=spelare&id=247&link=visa-data,
252,Gunvald Nilsson,"Swedish association football player, played for BoIS, active ?, born 1905-02-27",Q5,https://boishistoria.se/visa-data/?what=spelare&id=252&link=visa-data,
268,Gösta Nilsson,"Swedish association football player, played for BoIS, active ?, born 1941-01-22",Q5,https://boishistoria.se/visa-data/?what=spelare&id=268&link=visa-data,
610,Gösta Nilsson,"Swedish association football player, played for BoIS, active ?, born 1906-11-14",Q5,,
3558,Hampus Nilsson,"Swedish association football player, played for BoIS, active ?, born 2000-06-22",Q5,https://boishistoria.se/visa-data/?what=spelare&id=3558&link=visa-data,
612,Harry Nilsson,"Swedish association football player, played for BoIS, active ?, born 1916-01-05",Q5,,Q973638
297,Helge Nilsson,"Swedish association football player, played for BoIS, active ?, born 1909-12-29",Q5,https://boishistoria.se/visa-data/?what=spelare&id=297&link=visa-data,
614,Henrik Nilsson,"Swedish association football player, played for BoIS, active ?, born 1975-06-19",Q5,,
306,Henrik Nilsson,"Swedish association football player, played for BoIS, active ?, born 1972-07-25",Q5,https://boishistoria.se/visa-data/?what=spelare&id=306&link=visa-data,Q5716442
317,Hugo Nilsson,"Swedish association football player, played for BoIS, active ?, born 1903-06-11",Q5,https://boishistoria.se/visa-data/?what=spelare&id=317&link=visa-data,
353,Jan Nilsson,"Swedish association football player, played for BoIS, active ?, born 1949-02-10",Q5,https://boishistoria.se/visa-data/?what=spelare&id=353&link=visa-data,
366,Jesper Nilsson,"Swedish association football player, played for BoIS, active ?, born 1970-04-06",Q5,https://boishistoria.se/visa-data/?what=spelare&id=366&link=visa-data,
374,Joakim Nilsson,"Swedish association football player, played for BoIS, active ?, born 1966-03-31",Q5,https://boishistoria.se/visa-data/?what=spelare&id=374&link=visa-data,Q195874
620,John Nilsson,"Swedish association football player, played for BoIS, active ?, born 1909-09-04",Q5,,
413,Jörgen Nilsson,"Swedish association football player, played for BoIS, active ?, born 1984-02-19",Q5,https://boishistoria.se/visa-data/?what=spelare&id=413&link=visa-data,
431,Kim Nilsson,"Swedish association football player, played for BoIS, active ?, born 1972-08-12",Q5,https://boishistoria.se/visa-data/?what=spelare&id=431&link=visa-data,
623,Kjell Nilsson,"Swedish association football player, played for BoIS, active ?, born 1920-02-09",Q5,,
464,Lars Nilsson,"Swedish association football player, played for BoIS, active ?, born 1942-05-20",Q5,https://boishistoria.se/visa-data/?what=spelare&id=464&link=visa-data,
625,Lars-Ove Nilsson,"Swedish association football player, played for BoIS, active ?, born 1943-05-29",Q5,,Q132776472
478,Leif Nilsson,"Swedish association football player, played for BoIS, active ?, born 1967-10-28",Q5,https://boishistoria.se/visa-data/?what=spelare&id=478&link=visa-data,
510,Magnus Nilsson,"Swedish association football player, played for BoIS, active ?, born 1975-07-28",Q5,https://boishistoria.se/visa-data/?what=spelare&id=510&link=visa-data,
628,Martin Nilsson,"Swedish association football player, played for BoIS, active ?, born 1909-11-10",Q5,,
546,Mats-Åke Nilsson,"Swedish association football player, played for BoIS, active ?, born 1960-03-31",Q5,https://boishistoria.se/visa-data/?what=spelare&id=546&link=visa-data,
550,Mattias Nilsson,"Swedish association football player, played for BoIS, active ?, born 1972-03-04",Q5,https://boishistoria.se/visa-data/?what=spelare&id=550&link=visa-data,
3731,Max Nilsson,"Swedish association football player, played for BoIS, active ?, born 2005-03-11",Q5,https://boishistoria.se/visa-data/?what=spelare&id=3731&link=visa-data,Q126954794
3575,Melker Nilsson,"Swedish association football player, played for BoIS, active ?, born 2000-04-26",Q5,https://boishistoria.se/visa-data/?what=spelare&id=3575&link=visa-data,
560,Mikael Nilsson,"Swedish association football player, played for BoIS, active ?, born 1970-03-21",Q5,https://boishistoria.se/visa-data/?what=spelare&id=560&link=visa-data,
585,Niklas Nilsson,"Swedish association football player, played for BoIS, active ?, born 1967-03-18",Q5,https://boishistoria.se/visa-data/?what=spelare&id=585&link=visa-data,
593,Nils Nilsson,"Swedish association football player, played for BoIS, active ?, born 1906-02-04",Q5,https://boishistoria.se/visa-data/?what=spelare&id=593&link=visa-data,
644,Per-Olof Nilsson,"Swedish association football player, played for BoIS, active ?, born 1966-04-14",Q5,https://boishistoria.se/visa-data/?what=spelare&id=644&link=visa-data,
672,Reinhold Nilsson,"Swedish association football player, played for BoIS, active ?, born 1900-07-16",Q5,https://boishistoria.se/visa-data/?what=spelare&id=672&link=visa-data,
694,Rolf Nilsson,"Swedish association football player, played for BoIS, active ?, born 1932-09-15",Q5,https://boishistoria.se/visa-data/?what=spelare&id=694&link=visa-data,Q6157036
697,Ronnie Nilsson,"Swedish association football player, played for BoIS, active ?, born 1951-08-07",Q5,https://boishistoria.se/visa-data/?what=spelare&id=697&link=visa-data,
732,Stefan Nilsson,"Swedish association football player, played for BoIS, active ?, born 1952-12-18",Q5,https://boishistoria.se/visa-data/?what=spelare&id=732&link=visa-data,Q18392995
641,Stefan Nilsson,"Swedish association football player, played for BoIS, active ?, born 1959-08-13",Q5,,
642,Stig Nilsson,"Swedish association football player, played for BoIS, active ?, born 1921-04-09",Q5,,
760,Sven-Erik Nilsson,"Swedish association football player, played for BoIS, active ?, born 1937-12-28",Q5,https://boishistoria.se/visa-data/?what=spelare&id=760&link=visa-data,
774,Thomas Nilsson,"Swedish association football player, played for BoIS, active ?, born 1968-10-14",Q5,https://boishistoria.se/visa-data/?what=spelare&id=774&link=visa-data,
790,Tonny Nilsson,"Swedish association football player, played for BoIS, active ?, born 1974-01-01",Q5,https://boishistoria.se/visa-data/?what=spelare&id=790&link=visa-data,
825,Åke Nilsson,"Swedish association football player, played for BoIS, active ?, born 1924-03-07",Q5,https://boishistoria.se/visa-data/?what=spelare&id=825&link=visa-data,
647,Hampus Nilsson,"Swedish association football player, played for BoIS, active ?, born 1990-07-17",Q5,,Q15917556
576,Morten Nordbeck,"Swedish association football player, played for BoIS, active ?, born 1991-01-18",Q5,https://boishistoria.se/visa-data/?what=spelare&id=576&link=visa-data,
580,Mårten Nordbeck,"Swedish association football player, played for BoIS, active ?, born 1991-01-18",Q5,https://boishistoria.se/visa-data/?what=spelare&id=580&link=visa-data,Q19977079
41,Anders Nordberg,"Swedish association football player, played for BoIS, active ?, born 1965-10-29",Q5,https://boishistoria.se/visa-data/?what=spelare&id=41&link=visa-data,
651,Ernst Nordin,"Swedish association football player, played for BoIS, active ?, born 1920-02-18",Q5,,
77,Bengt Nordkvist,"Swedish association football player, played for BoIS, active ?, born 1939-06-21",Q5,https://boishistoria.se/visa-data/?what=spelare&id=77&link=visa-data,
102,Björn Nordqvist,"Swedish association football player, played for BoIS, active ?, born 1942-10-06",Q5,https://boishistoria.se/visa-data/?what=spelare&id=102&link=visa-data,Q706608
42,Anders Nordström,"Swedish association football player, played for BoIS, active ?, born 1962-08-28",Q5,https://boishistoria.se/visa-data/?what=spelare&id=42&link=visa-data,
361,Jens Nordström,"Swedish association football player, played for BoIS, active ?, born 1976-09-12",Q5,https://boishistoria.se/visa-data/?what=spelare&id=361&link=visa-data,Q6179784
383,Johan Norell,"Swedish association football player, played for BoIS, active ?, born 1981-09-29",Q5,https://boishistoria.se/visa-data/?what=spelare&id=383&link=visa-data,Q6016460
789,Tommy Norell,"Swedish association football player, played for BoIS, active ?, born 1945-11-26",Q5,https://boishistoria.se/visa-data/?what=spelare&id=789&link=visa-data,
3446,Viktor Noring,"Swedish association football player, played for BoIS, active ?, born 1991-02-03",Q5,https://boishistoria.se/visa-data/?what=spelare&id=3446&link=visa-data,Q515599
3560,Patrick Nwadike,"Swedish association football player, played for BoIS, active ?, born 1998-08-29",Q5,https://boishistoria.se/visa-data/?what=spelare&id=3560&link=visa-data,Q107473526
561,Mikael Nyberg,"Swedish association football player, played for BoIS, active ?, born 1959-12-21",Q5,https://boishistoria.se/visa-data/?what=spelare&id=561&link=visa-data,
426,Kenneth Nyström,"Swedish association football player, played for BoIS, active ?, born 1942-09-25",Q5,https://boishistoria.se/visa-data/?what=spelare&id=426&link=visa-data,
3453,Erhun Obanor,"Swedish association football player, played for BoIS, active ?, born 1995-09-05",Q5,https://boishistoria.se/visa-data/?what=spelare&id=3453&link=visa-data,
819,Zoran Obradovic,"Swedish association football player, played for BoIS, active ?, born 1959-12-21",Q5,https://boishistoria.se/visa-data/?what=spelare&id=819&link=visa-data,
3750,Xavier Odhiambo,"Swedish association football player, played for BoIS, active ?, born 2004-10-17",Q5,https://boishistoria.se/visa-data/?what=spelare&id=3750&link=visa-data,Q136759634
177,Emanuel Okine,"Swedish association football player, played for BoIS, active ?, born 1991-12-17",Q5,https://boishistoria.se/visa-data/?what=spelare&id=177&link=visa-data,
53,Antti Okkonen,"Swedish association football player, played for BoIS, active ?, born 1982-06-06",Q5,https://boishistoria.se/visa-data/?what=spelare&id=53&link=visa-data,Q609789
346,James Okoli,"Swedish association football player, played for BoIS, active ?, born 1976-01-11",Q5,https://boishistoria.se/visa-data/?what=spelare&id=346&link=visa-data,
169,Dennis Olofsson,"Swedish association football player, played for BoIS, active ?, born 1996-05-21",Q5,https://boishistoria.se/visa-data/?what=spelare&id=169&link=visa-data,Q19787880
323,Håkan Olofsson,"Swedish association football player, played for BoIS, active ?, born 1960-06-22",Q5,https://boishistoria.se/visa-data/?what=spelare&id=323&link=visa-data,
468,Lars-Erik Olofsson,"Swedish association football player, played for BoIS, active ?, born 1959-06-15",Q5,https://boishistoria.se/visa-data/?what=spelare&id=468&link=visa-data,
479,Leif Olofsson,"Swedish association football player, played for BoIS, active ?, born 1936-08-09",Q5,https://boishistoria.se/visa-data/?what=spelare&id=479&link=visa-data,
530,Martin Olofsson,"Swedish association football player, played for BoIS, active ?, born 1984-02-05",Q5,https://boishistoria.se/visa-data/?what=spelare&id=530&link=visa-data,
704,Rune Olofsson,"Swedish association football player, played for BoIS, active ?, born 1954-05-20",Q5,https://boishistoria.se/visa-data/?what=spelare&id=704&link=visa-data,
674,Bengt Olsson,"Swedish association football player, played for BoIS, active ?, born 1942-03-25",Q5,,
675,Carl Olsson,"Swedish association football player, played for BoIS, active ?, born 1896-09-06",Q5,,
139,Christer Olsson,"Swedish association football player, played for BoIS, active ?, born 1950-02-17",Q5,https://boishistoria.se/visa-data/?what=spelare&id=139&link=visa-data,Q132776905
677,Erik Olsson,"Swedish association football player, played for BoIS, active ?, born 1915-08-24",Q5,,
3551,Filip Olsson,"Swedish association football player, played for BoIS, active ?, born 1999-04-24",Q5,https://boishistoria.se/visa-data/?what=spelare&id=3551&link=visa-data,Q107314474
225,Fredrik Olsson,"Swedish association football player, played for BoIS, active ?, born 1985-02-04",Q5,https://boishistoria.se/visa-data/?what=spelare&id=225&link=visa-data,Q5499507
265,Göran Olsson,"Swedish association football player, played for BoIS, active ?, born 1949-02-28",Q5,https://boishistoria.se/visa-data/?what=spelare&id=265&link=visa-data,
280,Hans Olsson,"Swedish association football player, played for BoIS, active ?, born 1922-04-17",Q5,https://boishistoria.se/visa-data/?what=spelare&id=280&link=visa-data,
354,Jan Olsson,"Swedish association football player, played for BoIS, active ?, born 1937-07-20",Q5,https://boishistoria.se/visa-data/?what=spelare&id=354&link=visa-data,
367,Jesper Olsson,"Swedish association football player, played for BoIS, active ?, born 1991-09-18",Q5,https://boishistoria.se/visa-data/?what=spelare&id=367&link=visa-data,
392,John Olsson,"Swedish association football player, played for BoIS, active ?, born 1904-10-02",Q5,https://boishistoria.se/visa-data/?what=spelare&id=392&link=visa-data,
403,Jonas Olsson,"Swedish association football player, played for BoIS, active ?, born 1983-03-10",Q5,https://boishistoria.se/visa-data/?what=spelare&id=403&link=visa-data,Q312379
686,Leif Olsson,"Swedish association football player, played for BoIS, active ?, born 1941-09-19",Q5,,
492,Lennart Olsson,"Swedish association football player, played for BoIS, active ?, born 1946-08-22",Q5,https://boishistoria.se/visa-data/?what=spelare&id=492&link=visa-data,
688,Linus Olsson,"Swedish association football player, played for BoIS, active ?, born 1987-11-25",Q5,,Q6027417
500,Linus R Olsson,"Swedish association football player, played for BoIS, active ?, born 1991-11-11",Q5,https://boishistoria.se/visa-data/?what=spelare&id=500&link=visa-data,Q6027424
520,Marcus Olsson,"Swedish association football player, played for BoIS, active ?, born 1988-05-17",Q5,https://boishistoria.se/visa-data/?what=spelare&id=520&link=visa-data,
636,Per Olsson,"Swedish association football player, played for BoIS, active ?, born 1953-11-18",Q5,https://boishistoria.se/visa-data/?what=spelare&id=636&link=visa-data,
692,Per Olsson,"Swedish association football player, played for BoIS, active ?, born 1979-01-28",Q5,,
651,Peter Olsson,"Swedish association football player, played for BoIS, active ?, born 1972-06-22",Q5,https://boishistoria.se/visa-data/?what=spelare&id=651&link=visa-data,
694,Stig Olsson,"Swedish association football player, played for BoIS, active ?, born 1938-05-26",Q5,,
752,Sture Olsson,"Swedish association football player, played for BoIS, active ?, born 1913-06-03",Q5,https://boishistoria.se/visa-data/?what=spelare&id=752&link=visa-data,
759,Sven Olsson,"Swedish association football player, played for BoIS, active ?, born 1940-01-18",Q5,https://boishistoria.se/visa-data/?what=spelare&id=759&link=visa-data,
697,Thomas Olsson,"Swedish association football player, played for BoIS, active ?, born 1962-05-29",Q5,,
652,Peter Oltner,"Swedish association football player, played for BoIS, active ?, born 1976-03-04",Q5,https://boishistoria.se/visa-data/?what=spelare&id=652&link=visa-data,
3552,Jacob Ondrejka,"Swedish association football player, played for BoIS, active ?, born 2002-09-02",Q5,https://boishistoria.se/visa-data/?what=spelare&id=3552&link=visa-data,Q96182824
3673,William Ondrejka,"Swedish association football player, played for BoIS, active ?, born 2005-06-23",Q5,https://boishistoria.se/visa-data/?what=spelare&id=3673&link=visa-data,
3624,Filip Ottosson,"Swedish association football player, played for BoIS, active ?, born 1996-11-12",Q5,https://boishistoria.se/visa-data/?what=spelare&id=3624&link=visa-data,
360,Jeff Oyando,"Swedish association football player, played for BoIS, active ?, born 1978-03-14",Q5,https://boishistoria.se/visa-data/?what=spelare&id=360&link=visa-data,
54,Armin Pasagic,"Swedish association football player, played for BoIS, active ?, born 1991-02-02",Q5,https://boishistoria.se/visa-data/?what=spelare&id=54&link=visa-data,
3632,Hampus Pauli,"Swedish association football player, played for BoIS, active ?, born 2002-12-05",Q5,https://boishistoria.se/visa-data/?what=spelare&id=3632&link=visa-data,
294,Hans Paulsson,"Swedish association football player, played for BoIS, active ?, born 1925-04-30",Q5,https://boishistoria.se/visa-data/?what=spelare&id=294&link=visa-data,
625,Patrik Paulsson,"Swedish association football player, played for BoIS, active ?, born 1961-05-13",Q5,https://boishistoria.se/visa-data/?what=spelare&id=625&link=visa-data,
776,Thomas Paulsson,"Swedish association football player, played for BoIS, active ?, born 1948-06-04",Q5,https://boishistoria.se/visa-data/?what=spelare&id=776&link=visa-data,
427,Kenny Pavey,"Swedish association football player, played for BoIS, active ?, born 1979-08-23",Q5,https://boishistoria.se/visa-data/?what=spelare&id=427&link=visa-data,
167,Dejan Pavlovic,"Swedish association football player, played for BoIS, active ?, born 1971-01-23",Q5,https://boishistoria.se/visa-data/?what=spelare&id=167&link=visa-data,Q6038360
562,Michael Pedersen,"Swedish association football player, played for BoIS, active ?, born 1961-02-26",Q5,https://boishistoria.se/visa-data/?what=spelare&id=562&link=visa-data,
341,Ivo Pekalski,"Swedish association football player, played for BoIS, active ?, born 1990-11-03",Q5,https://boishistoria.se/visa-data/?what=spelare&id=341&link=visa-data,
3738,Jacob Perelman,"Swedish association football player, played for BoIS, active ?, born 2004-01-22",Q5,https://boishistoria.se/visa-data/?what=spelare&id=3738&link=visa-data,
43,Anders Persson,"Swedish association football player, played for BoIS, active ?, born 1970-09-03",Q5,https://boishistoria.se/visa-data/?what=spelare&id=43&link=visa-data,
57,Arne Persson,"Swedish association football player, played for BoIS, active ?, born 1958-06-29",Q5,https://boishistoria.se/visa-data/?what=spelare&id=57&link=visa-data,
79,Bengt Persson,"Swedish association football player, played for BoIS, active ?, born 1938-02-09",Q5,https://boishistoria.se/visa-data/?what=spelare&id=79&link=visa-data,
92,Bertil Persson,"Swedish association football player, played for BoIS, active ?, born 1919-03-31",Q5,https://boishistoria.se/visa-data/?what=spelare&id=92&link=visa-data,
717,Bertil Persson,"Swedish association football player, played for BoIS, active ?, born 1938-08-28",Q5,,
718,Claes Persson,"Swedish association football player, played for BoIS, active ?, born None",Q5,,
149,Clas Persson,"Swedish association football player, played for BoIS, active ?, born 1938-02-03",Q5,https://boishistoria.se/visa-data/?what=spelare&id=149&link=visa-data,
175,Edvin Persson,"Swedish association football player, played for BoIS, active ?, born 1896-02-06",Q5,https://boishistoria.se/visa-data/?what=spelare&id=175&link=visa-data,
721,Erik Persson,"Swedish association football player, played for BoIS, active ?, born 1903-06-02",Q5,,
198,Erik Persson,"Swedish association football player, played for BoIS, active ?, born 1912-10-28",Q5,https://boishistoria.se/visa-data/?what=spelare&id=198&link=visa-data,
230,Georg Persson,"Swedish association football player, played for BoIS, active ?, born 1929-01-04",Q5,https://boishistoria.se/visa-data/?what=spelare&id=230&link=visa-data,
236,Gillis Persson,"Swedish association football player, played for BoIS, active ?, born 1916-08-07",Q5,https://boishistoria.se/visa-data/?what=spelare&id=236&link=visa-data,
725,Gunnar Persson,"Swedish association football player, played for BoIS, active ?, born 1918-01-03",Q5,,
726,Gunnar Persson,"Swedish association football player, played for BoIS, active ?, born 1924-06-03",Q5,,
255,Gustav Persson,"Swedish association football player, played for BoIS, active ?, born 1892-08-06",Q5,https://boishistoria.se/visa-data/?what=spelare&id=255&link=visa-data,
830,Gustav Persson,"Swedish association football player, played for BoIS, active ?, born None",Q5,https://boishistoria.se/visa-data/?what=spelare&id=830&link=visa-data,
266,Göran Persson,"Swedish association football player, played for BoIS, active ?, born 1943-01-13",Q5,https://boishistoria.se/visa-data/?what=spelare&id=266&link=visa-data,
281,Hans Persson,"Swedish association football player, played for BoIS, active ?, born 1913-12-27",Q5,https://boishistoria.se/visa-data/?what=spelare&id=281&link=visa-data,
731,Hans Persson,"Swedish association football player, played for BoIS, active ?, born 1929-01-20",Q5,,
298,Helge Persson,"Swedish association football player, played for BoIS, active ?, born 1893-10-25",Q5,https://boishistoria.se/visa-data/?what=spelare&id=298&link=visa-data,
733,Henning Persson,"Swedish association football player, played for BoIS, active ?, born 1899-10-12",Q5,,
734,Henning Persson,"Swedish association football player, played for BoIS, active ?, born 1904-06-22",Q5,,
355,Jan Persson,"Swedish association football player, played for BoIS, active ?, born 1921-01-25",Q5,https://boishistoria.se/visa-data/?what=spelare&id=355&link=visa-data,
368,Jesper Persson,"Swedish association football player, played for BoIS, active ?, born 1967-07-17",Q5,https://boishistoria.se/visa-data/?what=spelare&id=368&link=visa-data,
375,Joakim Persson,"Swedish association football player, played for BoIS, active ?, born 1975-04-03",Q5,https://boishistoria.se/visa-data/?what=spelare&id=375&link=visa-data,Q1379017
384,Johan Persson,"Swedish association football player, played for BoIS, active ?, born 1984-06-20",Q5,https://boishistoria.se/visa-data/?what=spelare&id=384&link=visa-data,Q6043074
393,Johnny Persson,"Swedish association football player, played for BoIS, active ?, born 1914-03-23",Q5,https://boishistoria.se/visa-data/?what=spelare&id=393&link=visa-data,
432,Kim Persson,"Swedish association football player, played for BoIS, active ?, born 1995-03-12",Q5,https://boishistoria.se/visa-data/?what=spelare&id=432&link=visa-data,Q16633347
451,Kurt Persson,"Swedish association football player, played for BoIS, active ?, born 1922-02-21",Q5,https://boishistoria.se/visa-data/?what=spelare&id=451&link=visa-data,
742,Kurt Persson,"Swedish association football player, played for BoIS, active ?, born 1933-10-16",Q5,,
481,Leif Persson,"Swedish association football player, played for BoIS, active ?, born 1933-09-24",Q5,https://boishistoria.se/visa-data/?what=spelare&id=481&link=visa-data,
669,Rasmus Persson,"Swedish association football player, played for BoIS, active ?, born 1998-04-14",Q5,https://boishistoria.se/visa-data/?what=spelare&id=669&link=visa-data,
745,Stig Persson,"Swedish association football player, played for BoIS, active ?, born 1930-08-28",Q5,,
741,Stig Persson,"Swedish association football player, played for BoIS, active ?, born 1941-07-05",Q5,https://boishistoria.se/visa-data/?what=spelare&id=741&link=visa-data,
764,Sölve Persson,"Swedish association football player, played for BoIS, active ?, born 1939-01-27",Q5,https://boishistoria.se/visa-data/?what=spelare&id=764&link=visa-data,
120,Carl Petersson,"Swedish association football player, played for BoIS, active ?, born 1895-05-21",Q5,https://boishistoria.se/visa-data/?what=spelare&id=120&link=visa-data,
749,Georg Petersson,"Swedish association football player, played for BoIS, active ?, born 1896-11-04",Q5,,
267,Göran Petersson,"Swedish association football player, played for BoIS, active ?, born 1956-05-14",Q5,https://boishistoria.se/visa-data/?what=spelare&id=267&link=visa-data,Q17505123
385,Johan Petersson,"Swedish association football player, played for BoIS, active ?, born 1981-04-01",Q5,https://boishistoria.se/visa-data/?what=spelare&id=385&link=visa-data,
613,Oscar Petersson,"Swedish association football player, played for BoIS, active ?, born 1891-10-12",Q5,https://boishistoria.se/visa-data/?what=spelare&id=613&link=visa-data,
3602,Oscar Petersson,"Swedish association football player, played for BoIS, active ?, born 1999-02-26",Q5,https://boishistoria.se/visa-data/?what=spelare&id=3602&link=visa-data,Q42393771
339,Ivan Petrov,"Swedish association football player, played for BoIS, active ?, born 1955-08-04",Q5,https://boishistoria.se/visa-data/?what=spelare&id=339&link=visa-data,
3549,Luka Petrovic,"Swedish association football player, played for BoIS, active ?, born 2001-08-25",Q5,https://boishistoria.se/visa-data/?what=spelare&id=3549&link=visa-data,
68,Axel Pettersson,"Swedish association football player, played for BoIS, active ?, born 1909-12-31",Q5,https://boishistoria.se/visa-data/?what=spelare&id=68&link=visa-data,
256,Gustav Pettersson,"Swedish association football player, played for BoIS, active ?, born None",Q5,https://boishistoria.se/visa-data/?what=spelare&id=256&link=visa-data,
302,Henning Pettersson,"Swedish association football player, played for BoIS, active ?, born 1907-02-16",Q5,https://boishistoria.se/visa-data/?what=spelare&id=302&link=visa-data,Q124827790
358,Janne Pettersson,"Swedish association football player, played for BoIS, active ?, born 1912-03-21",Q5,https://boishistoria.se/visa-data/?what=spelare&id=358&link=visa-data,
414,Jörgen Pettersson,"Swedish association football player, played for BoIS, active ?, born 1975-09-29",Q5,https://boishistoria.se/visa-data/?what=spelare&id=414&link=visa-data,Q177434
415,Jörn Pettersson,"Swedish association football player, played for BoIS, active ?, born 1947-11-20",Q5,https://boishistoria.se/visa-data/?what=spelare&id=415&link=visa-data,
762,Sigvard Pettersson,"Swedish association football player, played for BoIS, active ?, born 1928-12-19",Q5,,
213,Filip Pivkovski,"Swedish association football player, played for BoIS, active ?, born 1994-01-31",Q5,https://boishistoria.se/visa-data/?what=spelare&id=213&link=visa-data,Q16236454
18,Alem Plekalo,"Swedish association football player, played for BoIS, active ?, born 1994-05-01",Q5,https://boishistoria.se/visa-data/?what=spelare&id=18&link=visa-data,
160,Daniel Pode,"Swedish association football player, played for BoIS, active ?, born 1983-10-12",Q5,https://boishistoria.se/visa-data/?what=spelare&id=160&link=visa-data,
503,Lucas Pou,"Swedish association football player, played for BoIS, active ?, born 1979-06-16",Q5,https://boishistoria.se/visa-data/?what=spelare&id=503&link=visa-data,
662,Rade Prica,"Swedish association football player, played for BoIS, active ?, born 1980-06-30",Q5,https://boishistoria.se/visa-data/?what=spelare&id=662&link=visa-data,Q278734
3586,Passi Prudence,"Swedish association football player, played for BoIS, active ?, born 1999-08-15",Q5,https://boishistoria.se/visa-data/?what=spelare&id=3586&link=visa-data,
250,Gunnar Prütz,"Swedish association football player, played for BoIS, active ?, born 1899-03-19",Q5,https://boishistoria.se/visa-data/?what=spelare&id=250&link=visa-data,
199,Erik Pärsson,"Swedish association football player, played for BoIS, active ?, born 1994-04-07",Q5,https://boishistoria.se/visa-data/?what=spelare&id=199&link=visa-data,Q26735350
3383,Goran Radic,"Swedish association football player, played for BoIS, active ?, born None",Q5,https://boishistoria.se/visa-data/?what=spelare&id=3383&link=visa-data,
3759,Rassa Rahmani,"Swedish association football player, played for BoIS, active ?, born 1999-12-14",Q5,https://boishistoria.se/visa-data/?what=spelare&id=3759&link=visa-data,
33,Amethyst Bradley Ralani,"Swedish association football player, played for BoIS, active ?, born 1987-10-04",Q5,https://boishistoria.se/visa-data/?what=spelare&id=33&link=visa-data,Q6163406
570,Mohamed Ramadan,"Swedish association football player, played for BoIS, active ?, born 1991-04-04",Q5,https://boishistoria.se/visa-data/?what=spelare&id=570&link=visa-data,Q6891440
3601,Johan Rapp,"Swedish association football player, played for BoIS, active ?, born 2001-02-08",Q5,https://boishistoria.se/visa-data/?what=spelare&id=3601&link=visa-data,Q108700292
356,Jan Rasmusson,"Swedish association football player, played for BoIS, active ?, born 1955-03-10",Q5,https://boishistoria.se/visa-data/?what=spelare&id=356&link=visa-data,
445,Kurt Rasmusson,"Swedish association football player, played for BoIS, active ?, born 1926-07-17",Q5,https://boishistoria.se/visa-data/?what=spelare&id=445&link=visa-data,
690,Roland Rasmusson,"Swedish association football player, played for BoIS, active ?, born 1950-12-31",Q5,https://boishistoria.se/visa-data/?what=spelare&id=690&link=visa-data,
742,Stig Rasmusson,"Swedish association football player, played for BoIS, active ?, born 1924-08-09",Q5,https://boishistoria.se/visa-data/?what=spelare&id=742&link=visa-data,
777,Thomas Raun,"Swedish association football player, played for BoIS, active ?, born 1984-06-29",Q5,https://boishistoria.se/visa-data/?what=spelare&id=777&link=visa-data,Q4994113
29,Allan Ravn Jensen,"Swedish association football player, played for BoIS, active ?, born 1974-02-04",Q5,https://boishistoria.se/visa-data/?what=spelare&id=29&link=visa-data,
3468,George Raynor,"Swedish association football player, played for BoIS, active ?, born None",Q5,https://boishistoria.se/visa-data/?what=spelare&id=3468&link=visa-data,
531,Martin Rentschler,"Swedish association football player, played for BoIS, active ?, born 1967-10-18",Q5,https://boishistoria.se/visa-data/?what=spelare&id=531&link=visa-data,
170,Dick Ridell,"Swedish association football player, played for BoIS, active ?, born 1963-07-18",Q5,https://boishistoria.se/visa-data/?what=spelare&id=170&link=visa-data,
521,Marcus Rietz,"Swedish association football player, played for BoIS, active ?, born 1977-04-29",Q5,https://boishistoria.se/visa-data/?what=spelare&id=521&link=visa-data,
152,Conny Rosén,"Swedish association football player, played for BoIS, active ?, born 1971-03-24",Q5,https://boishistoria.se/visa-data/?what=spelare&id=152&link=visa-data,Q5162084
493,Lennart Rosenberg,"Swedish association football player, played for BoIS, active ?, born 1936-02-01",Q5,https://boishistoria.se/visa-data/?what=spelare&id=493&link=visa-data,
362,Jerry Rosengren,"Swedish association football player, played for BoIS, active ?, born 1946-03-05",Q5,https://boishistoria.se/visa-data/?what=spelare&id=362&link=visa-data,
534,Mathias Roswall,"Swedish association football player, played for BoIS, active ?, born 1978-07-27",Q5,https://boishistoria.se/visa-data/?what=spelare&id=534&link=visa-data,
548,Matthias Roswall,"Swedish association football player, played for BoIS, active ?, born 1978-07-27",Q5,https://boishistoria.se/visa-data/?what=spelare&id=548&link=visa-data,
511,Magnus Rothoff,"Swedish association football player, played for BoIS, active ?, born 1971-05-03",Q5,https://boishistoria.se/visa-data/?what=spelare&id=511&link=visa-data,
532,Martin Rudolfsson,"Swedish association football player, played for BoIS, active ?, born 1988-10-21",Q5,https://boishistoria.se/visa-data/?what=spelare&id=532&link=visa-data,Q16633383
563,Mikael Rynell,"Swedish association football player, played for BoIS, active ?, born 1982-02-25",Q5,https://boishistoria.se/visa-data/?what=spelare&id=563&link=visa-data,Q3916018
582,Niclas Rönne,"Swedish association football player, played for BoIS, active ?, born 1986-03-21",Q5,https://boishistoria.se/visa-data/?what=spelare&id=582&link=visa-data,
200,Erik Rönningberg,"Swedish association football player, played for BoIS, active ?, born 1983-06-09",Q5,https://boishistoria.se/visa-data/?what=spelare&id=200&link=visa-data,
3559,Elias Saber,"Swedish association football player, played for BoIS, active ?, born 2001-09-12",Q5,https://boishistoria.se/visa-data/?what=spelare&id=3559&link=visa-data,
3771,Filip Sachpekidis,"Swedish association football player, played for BoIS, active ?, born 1997-09-03",Q5,https://boishistoria.se/visa-data/?what=spelare&id=3771&link=visa-data,
715,Sigvard Sacks,"Swedish association football player, played for BoIS, active ?, born 1901-03-08",Q5,https://boishistoria.se/visa-data/?what=spelare&id=715&link=visa-data,
156,Dan Sadé,"Swedish association football player, played for BoIS, active ?, born 1982-12-19",Q5,https://boishistoria.se/visa-data/?what=spelare&id=156&link=visa-data,
3466,Ilyas Saglamoglu,"Swedish association football player, played for BoIS, active ?, born 1981-02-24",Q5,https://boishistoria.se/visa-data/?what=spelare&id=3466&link=visa-data,
201,Erik Sahlin,"Swedish association football player, played for BoIS, active ?, born 1988-04-15",Q5,https://boishistoria.se/visa-data/?what=spelare&id=201&link=visa-data,
3522,Alfons Sampsted,"Swedish association football player, played for BoIS, active ?, born 1998-04-06",Q5,https://boishistoria.se/visa-data/?what=spelare&id=3522&link=visa-data,Q30586199
3450,Monday Samuel,"Swedish association football player, played for BoIS, active ?, born 1993-11-12",Q5,https://boishistoria.se/visa-data/?what=spelare&id=3450&link=visa-data,Q16945498
494,Lennart Samuelsson,"Swedish association football player, played for BoIS, active ?, born 1938-06-14",Q5,https://boishistoria.se/visa-data/?what=spelare&id=494&link=visa-data,
327,Ignacio Sanchez,"Swedish association football player, played for BoIS, active ?, born 1978-09-08",Q5,https://boishistoria.se/visa-data/?what=spelare&id=327&link=visa-data,
26,Algot Sandberg,"Swedish association football player, played for BoIS, active ?, born 1903-06-12",Q5,https://boishistoria.se/visa-data/?what=spelare&id=26&link=visa-data,
125,Carl Sandberg,"Swedish association football player, played for BoIS, active ?, born 1911-05-13",Q5,https://boishistoria.se/visa-data/?what=spelare&id=125&link=visa-data,
151,Claes Sandberg,"Swedish association football player, played for BoIS, active ?, born 1943-08-25",Q5,https://boishistoria.se/visa-data/?what=spelare&id=151&link=visa-data,
206,Ernst Sandberg,"Swedish association football player, played for BoIS, active ?, born 1904-03-09",Q5,https://boishistoria.se/visa-data/?what=spelare&id=206&link=visa-data,
564,Mikael Sandholm,"Swedish association football player, played for BoIS, active ?, born 1963-03-19",Q5,https://boishistoria.se/visa-data/?what=spelare&id=564&link=visa-data,
404,Jonas Sandqvist,"Swedish association football player, played for BoIS, active ?, born 1981-05-26",Q5,https://boishistoria.se/visa-data/?what=spelare&id=404&link=visa-data,
3749,Gibril Sanyang,"Swedish association football player, played for BoIS, active ?, born 2005-03-15",Q5,https://boishistoria.se/visa-data/?what=spelare&id=3749&link=visa-data,
128,Cheikh Sarr,"Swedish association football player, played for BoIS, active ?, born 1987-03-15",Q5,https://boishistoria.se/visa-data/?what=spelare&id=128&link=visa-data,Q1068983
329,Igor Saveljev,"Swedish association football player, played for BoIS, active ?, born 1962-09-18",Q5,https://boishistoria.se/visa-data/?what=spelare&id=329&link=visa-data,
44,André Schei Lindbaek,"Swedish association football player, played for BoIS, active ?, born 1977-11-01",Q5,https://boishistoria.se/visa-data/?what=spelare&id=44&link=visa-data,
816,Peter Schramm,"Swedish association football player, played for BoIS, active ?, born 1956-06-20",Q5,,
3475,Ulf Schramm,"Swedish association football player, played for BoIS, active ?, born None",Q5,https://boishistoria.se/visa-data/?what=spelare&id=3475&link=visa-data,
638,Per Sefort,"Swedish association football player, played for BoIS, active ?, born 1966-03-21",Q5,https://boishistoria.se/visa-data/?what=spelare&id=638&link=visa-data,
660,Pontus Segerström,"Swedish association football player, played for BoIS, active ?, born 1981-02-17",Q5,https://boishistoria.se/visa-data/?what=spelare&id=660&link=visa-data,Q1783788
3767,Albin Selani,"Swedish association football player, played for BoIS, active ?, born 2005-03-31",Q5,https://boishistoria.se/visa-data/?what=spelare&id=3767&link=visa-data,
568,Mirza Selimovic,"Swedish association football player, played for BoIS, active ?, born 1990-10-12",Q5,https://boishistoria.se/visa-data/?what=spelare&id=568&link=visa-data,
324,Håkan Selin,"Swedish association football player, played for BoIS, active ?, born 1967-11-12",Q5,https://boishistoria.se/visa-data/?what=spelare&id=324&link=visa-data,
502,Lorent Shala,"Swedish association football player, played for BoIS, active ?, born 1996-04-21",Q5,https://boishistoria.se/visa-data/?what=spelare&id=502&link=visa-data,
13,Alban Shipshani,"Swedish association football player, played for BoIS, active ?, born 1987-12-17",Q5,https://boishistoria.se/visa-data/?what=spelare&id=13&link=visa-data,
3722,Mallek Shraim,"Swedish association football player, played for BoIS, active ?, born 2003-07-24",Q5,https://boishistoria.se/visa-data/?what=spelare&id=3722&link=visa-data,
303,Henri Sillanpää,"Swedish association football player, played for BoIS, active ?, born 1979-06-04",Q5,https://boishistoria.se/visa-data/?what=spelare&id=303&link=visa-data,
609,Olof Simrén,"Swedish association football player, played for BoIS, active ?, born 1976-04-16",Q5,https://boishistoria.se/visa-data/?what=spelare&id=609&link=visa-data,
3521,Joe Sise,"Swedish association football player, played for BoIS, active ?, born 1989-12-12",Q5,https://boishistoria.se/visa-data/?what=spelare&id=3521&link=visa-data,Q939199
512,Magnus Sivnert,"Swedish association football player, played for BoIS, active ?, born 1972-10-31",Q5,https://boishistoria.se/visa-data/?what=spelare&id=512&link=visa-data,
778,Thomas Sjunnesson,"Swedish association football player, played for BoIS, active ?, born 1958-01-21",Q5,https://boishistoria.se/visa-data/?what=spelare&id=778&link=visa-data,
58,Arne Sjöberg,"Swedish association football player, played for BoIS, active ?, born 1926-12-31",Q5,https://boishistoria.se/visa-data/?what=spelare&id=58&link=visa-data,
832,Jan-Erik Sjöberg,"Swedish association football player, played for BoIS, active ?, born 1946-09-14",Q5,,Q18128125
109,Bo Sjöblom,"Swedish association football player, played for BoIS, active ?, born 1947-07-12",Q5,https://boishistoria.se/visa-data/?what=spelare&id=109&link=visa-data,
522,Marcus Sjöblom,"Swedish association football player, played for BoIS, active ?, born 1975-10-08",Q5,https://boishistoria.se/visa-data/?what=spelare&id=522&link=visa-data,
3676,Isak Sjögren,"Swedish association football player, played for BoIS, active ?, born 2003-01-01",Q5,https://boishistoria.se/visa-data/?what=spelare&id=3676&link=visa-data,
3683,Isak Sjögren,"Swedish association football player, played for BoIS, active ?, born 2005-01-01",Q5,https://boishistoria.se/visa-data/?what=spelare&id=3683&link=visa-data,
602,Ola Sjöholm,"Swedish association football player, played for BoIS, active ?, born 1977-08-11",Q5,https://boishistoria.se/visa-data/?what=spelare&id=602&link=visa-data,
799,Tore Sjöholm,"Swedish association football player, played for BoIS, active ?, born 1916-10-17",Q5,https://boishistoria.se/visa-data/?what=spelare&id=799&link=visa-data,
369,Jesper Sjöland,"Swedish association football player, played for BoIS, active ?, born 1997-08-14",Q5,https://boishistoria.se/visa-data/?what=spelare&id=369&link=visa-data,
30,Allan Sjöstedt,"Swedish association football player, played for BoIS, active ?, born 1897-02-27",Q5,https://boishistoria.se/visa-data/?what=spelare&id=30&link=visa-data,
282,Hans Skog,"Swedish association football player, played for BoIS, active ?, born 1933-03-16",Q5,https://boishistoria.se/visa-data/?what=spelare&id=282&link=visa-data,
3667,Allen Smajic,"Swedish association football player, played for BoIS, active ?, born 2006-01-12",Q5,https://boishistoria.se/visa-data/?what=spelare&id=3667&link=visa-data,
3469,Sandor Somfai,"Swedish association football player, played for BoIS, active ?, born None",Q5,https://boishistoria.se/visa-data/?what=spelare&id=3469&link=visa-data,
3489,Agim Sopi,"Swedish association football player, played for BoIS, active ?, born None",Q5,https://boishistoria.se/visa-data/?what=spelare&id=3489&link=visa-data,
10,Alagie Sosseh,"Swedish association football player, played for BoIS, active ?, born 1986-07-21",Q5,https://boishistoria.se/visa-data/?what=spelare&id=10&link=visa-data,Q2577344
3476,Keith Spurgeon,"Swedish association football player, played for BoIS, active ?, born None",Q5,https://boishistoria.se/visa-data/?what=spelare&id=3476&link=visa-data,
166,David Spångberg,"Swedish association football player, played for BoIS, active ?, born 1889-11-05",Q5,https://boishistoria.se/visa-data/?what=spelare&id=166&link=visa-data,
50,Andrew Stadler,"Swedish association football player, played for BoIS, active ?, born 1988-01-05",Q5,https://boishistoria.se/visa-data/?what=spelare&id=50&link=visa-data,
3454,Granit Stagova,"Swedish association football player, played for BoIS, active ?, born 1997-05-08",Q5,https://boishistoria.se/visa-data/?what=spelare&id=3454&link=visa-data,Q56241747
3720,Christian Stark,"Swedish association football player, played for BoIS, active ?, born None",Q5,https://boishistoria.se/visa-data/?what=spelare&id=3720&link=visa-data,
3729,Christian Stark,"Swedish association football player, played for BoIS, active ?, born 2006-01-19",Q5,https://boishistoria.se/visa-data/?what=spelare&id=3729&link=visa-data,Q136759816
70,Babis Stefanidis,"Swedish association football player, played for BoIS, active ?, born 1981-03-08",Q5,https://boishistoria.se/visa-data/?what=spelare&id=70&link=visa-data,Q151373
59,Arni Stefansson,"Swedish association football player, played for BoIS, active ?, born 1953-10-10",Q5,https://boishistoria.se/visa-data/?what=spelare&id=59&link=visa-data,
677,Rickard Stenbacka,"Swedish association football player, played for BoIS, active ?, born 1973-07-13",Q5,https://boishistoria.se/visa-data/?what=spelare&id=677&link=visa-data,
3478,Kurt Stendal,"Swedish association football player, played for BoIS, active ?, born None",Q5,https://boishistoria.se/visa-data/?what=spelare&id=3478&link=visa-data,
386,Johan Stevén,"Swedish association football player, played for BoIS, active ?, born 1974-07-02",Q5,https://boishistoria.se/visa-data/?what=spelare&id=386&link=visa-data,
804,Urban Stoltz,"Swedish association football player, played for BoIS, active ?, born 1965-07-20",Q5,https://boishistoria.se/visa-data/?what=spelare&id=804&link=visa-data,Q15852223
3481,Torben Storm,"Swedish association football player, played for BoIS, active ?, born None",Q5,https://boishistoria.se/visa-data/?what=spelare&id=3481&link=visa-data,
3672,Jesper Strid,"Swedish association football player, played for BoIS, active ?, born 2001-09-19",Q5,https://boishistoria.se/visa-data/?what=spelare&id=3672&link=visa-data,
800,Tore Ström,"Swedish association football player, played for BoIS, active ?, born 1913-04-01",Q5,https://boishistoria.se/visa-data/?what=spelare&id=800&link=visa-data,Q124827699
743,Stig Sturesson,"Swedish association football player, played for BoIS, active ?, born 1918-07-25",Q5,https://boishistoria.se/visa-data/?what=spelare&id=743&link=visa-data,
131,Chris Sullivan,"Swedish association football player, played for BoIS, active ?, born 1965-04-18",Q5,https://boishistoria.se/visa-data/?what=spelare&id=131&link=visa-data,
3728,Vincent Sundberg,"Swedish association football player, played for BoIS, active ?, born 2004-01-28",Q5,https://boishistoria.se/visa-data/?what=spelare&id=3728&link=visa-data,
3553,Joel Sundström,"Swedish association football player, played for BoIS, active ?, born 2001-08-15",Q5,https://boishistoria.se/visa-data/?what=spelare&id=3553&link=visa-data,
626,Patrik Sundström,"Swedish association football player, played for BoIS, active ?, born 1970-08-12",Q5,https://boishistoria.se/visa-data/?what=spelare&id=626&link=visa-data,Q7147943
3730,Lukas Sunesson,"Swedish association football player, played for BoIS, active ?, born 1998-10-02",Q5,https://boishistoria.se/visa-data/?what=spelare&id=3730&link=visa-data,Q24449794
226,Fredrik Svanbäck,"Swedish association football player, played for BoIS, active ?, born 1979-05-12",Q5,https://boishistoria.se/visa-data/?what=spelare&id=226&link=visa-data,
4,Adam Svensson,"Swedish association football player, played for BoIS, active ?, born 1991-04-13",Q5,https://boishistoria.se/visa-data/?what=spelare&id=4&link=visa-data,
110,Bo Svensson,"Swedish association football player, played for BoIS, active ?, born 1944-09-07",Q5,https://boishistoria.se/visa-data/?what=spelare&id=110&link=visa-data,
235,Gert-Inge Svensson,"Swedish association football player, played for BoIS, active ?, born 1945-11-07",Q5,https://boishistoria.se/visa-data/?what=spelare&id=235&link=visa-data,
829,John Svensson,"Swedish association football player, played for BoIS, active ?, born 1900-03-10",Q5,https://boishistoria.se/visa-data/?what=spelare&id=829&link=visa-data,
544,Mats Svensson,"Swedish association football player, played for BoIS, active ?, born 1971-11-22",Q5,https://boishistoria.se/visa-data/?what=spelare&id=544&link=visa-data,Q6198880
586,Niklas Svensson,"Swedish association football player, played for BoIS, active ?, born 1970-04-14",Q5,https://boishistoria.se/visa-data/?what=spelare&id=586&link=visa-data,
594,Nils Svensson,"Swedish association football player, played for BoIS, active ?, born 1902-12-05",Q5,https://boishistoria.se/visa-data/?what=spelare&id=594&link=visa-data,
619,Ove Svensson,"Swedish association football player, played for BoIS, active ?, born 1927-12-18",Q5,https://boishistoria.se/visa-data/?what=spelare&id=619&link=visa-data,
876,Ove Svensson,"Swedish association football player, played for BoIS, active ?, born 1937-11-10",Q5,,
664,Ragnar Svensson,"Swedish association football player, played for BoIS, active ?, born 1902-01-11",Q5,https://boishistoria.se/visa-data/?what=spelare&id=664&link=visa-data,
3473,Rolf Svensson,"Swedish association football player, played for BoIS, active ?, born None",Q5,https://boishistoria.se/visa-data/?what=spelare&id=3473&link=visa-data,
779,Thomas Svensson,"Swedish association football player, played for BoIS, active ?, born 1971-03-04",Q5,https://boishistoria.se/visa-data/?what=spelare&id=779&link=visa-data,
801,Tore Svensson,"Swedish association football player, played for BoIS, active ?, born 1928-05-21",Q5,https://boishistoria.se/visa-data/?what=spelare&id=801&link=visa-data,
812,Viktor Svensson,"Swedish association football player, played for BoIS, active ?, born 1990-03-06",Q5,https://boishistoria.se/visa-data/?what=spelare&id=812&link=visa-data,Q6199253
614,Oskar Sverrisson,"Swedish association football player, played for BoIS, active ?, born 1992-11-26",Q5,https://boishistoria.se/visa-data/?what=spelare&id=614&link=visa-data,Q26735345
3772,Edi Sylisufaj,"Swedish association football player, played for BoIS, active ?, born 2000-03-08",Q5,https://boishistoria.se/visa-data/?what=spelare&id=3772&link=visa-data,Q28650130
826,Åke Söderblom,"Swedish association football player, played for BoIS, active ?, born 1944-01-15",Q5,https://boishistoria.se/visa-data/?what=spelare&id=826&link=visa-data,
140,Christer Söderstjerna,"Swedish association football player, played for BoIS, active ?, born 1951-10-28",Q5,https://boishistoria.se/visa-data/?what=spelare&id=140&link=visa-data,
325,Håkan Söderstjerna,"Swedish association football player, played for BoIS, active ?, born 1975-10-30",Q5,https://boishistoria.se/visa-data/?what=spelare&id=325&link=visa-data,Q2481863
595,Nils Söderström,"Swedish association football player, played for BoIS, active ?, born 1896-10-04",Q5,https://boishistoria.se/visa-data/?what=spelare&id=595&link=visa-data,
47,Andreas Sördin,"Swedish association football player, played for BoIS, active ?, born 1978-06-07",Q5,https://boishistoria.se/visa-data/?what=spelare&id=47&link=visa-data,
3474,Finn Willy Sörensen,"Swedish association football player, played for BoIS, active ?, born None",Q5,https://boishistoria.se/visa-data/?what=spelare&id=3474&link=visa-data,
579,Måns Sörensson,"Swedish association football player, played for BoIS, active ?, born 1986-04-02",Q5,https://boishistoria.se/visa-data/?what=spelare&id=579&link=visa-data,
698,Ronny Sörensson,"Swedish association football player, played for BoIS, active ?, born 1949-04-08",Q5,https://boishistoria.se/visa-data/?what=spelare&id=698&link=visa-data,
144,Christoffer Tapper Holter,"Swedish association football player, played for BoIS, active ?, born 1988-12-19",Q5,https://boishistoria.se/visa-data/?what=spelare&id=144&link=visa-data,Q5812584
765,Kent Tegnér,"Swedish association football player, played for BoIS, active ?, born 1950-04-25",Q5,https://boishistoria.se/visa-data/?what=spelare&id=765&link=visa-data,
615,Test Test,"Swedish association football player, played for BoIS, active ?, born None",Q5,https://boishistoria.se/visa-data/?what=spelare&id=615&link=visa-data,
3652,Test Test,"Swedish association football player, played for BoIS, active ?, born 2000-01-01",Q5,https://boishistoria.se/visa-data/?what=spelare&id=3652&link=visa-data,
645,Per-Åke Theander,"Swedish association football player, played for BoIS, active ?, born 1955-07-19",Q5,https://boishistoria.se/visa-data/?what=spelare&id=645&link=visa-data,Q16633492
695,Rolf Theander,"Swedish association football player, played for BoIS, active ?, born 1957-02-07",Q5,https://boishistoria.se/visa-data/?what=spelare&id=695&link=visa-data,
161,Daniel Theorin,"Swedish association football player, played for BoIS, active ?, born 1983-08-04",Q5,https://boishistoria.se/visa-data/?what=spelare&id=161&link=visa-data,Q921245
587,Niklas Thulin,"Swedish association football player, played for BoIS, active ?, born 1979-02-06",Q5,https://boishistoria.se/visa-data/?what=spelare&id=587&link=visa-data,
610,Olof Thulin,"Swedish association football player, played for BoIS, active ?, born 1982-02-25",Q5,https://boishistoria.se/visa-data/?what=spelare&id=610&link=visa-data,
24,Alexander Tkacz,"Swedish association football player, played for BoIS, active ?, born 1993-07-13",Q5,https://boishistoria.se/visa-data/?what=spelare&id=24&link=visa-data,Q16633508
114,Bruno Tonheta,"Swedish association football player, played for BoIS, active ?, born 1978-08-22",Q5,https://boishistoria.se/visa-data/?what=spelare&id=114&link=visa-data,
630,Paul Torres,"Swedish association football player, played for BoIS, active ?, born 1991-10-22",Q5,https://boishistoria.se/visa-data/?what=spelare&id=630&link=visa-data,
513,Magnus Torvaldsson,"Swedish association football player, played for BoIS, active ?, born 1973-02-22",Q5,https://boishistoria.se/visa-data/?what=spelare&id=513&link=visa-data,
209,Faton Trstena,"Swedish association football player, played for BoIS, active ?, born 1993-07-16",Q5,https://boishistoria.se/visa-data/?what=spelare&id=209&link=visa-data,
545,Mats Törnqvist,"Swedish association football player, played for BoIS, active ?, born 1962-01-08",Q5,https://boishistoria.se/visa-data/?what=spelare&id=545&link=visa-data,
228,Gabriel Ucar,"Swedish association football player, played for BoIS, active ?, born 1982-03-12",Q5,https://boishistoria.se/visa-data/?what=spelare&id=228&link=visa-data,Q5515898
588,Niklas Uddenäs,"Swedish association football player, played for BoIS, active ?, born 1986-07-12",Q5,https://boishistoria.se/visa-data/?what=spelare&id=588&link=visa-data,Q16633519
3464,Sean Ugochukwu Okoli,"Swedish association football player, played for BoIS, active ?, born 1993-02-03",Q5,https://boishistoria.se/visa-data/?what=spelare&id=3464&link=visa-data,
535,Mathias Unkuri,"Swedish association football player, played for BoIS, active ?, born 1988-01-16",Q5,https://boishistoria.se/visa-data/?what=spelare&id=535&link=visa-data,Q6220036
220,Fredrick Vah,"Swedish association football player, played for BoIS, active ?, born 1984-03-29",Q5,https://boishistoria.se/visa-data/?what=spelare&id=220&link=visa-data,
515,Malte Vahlbeck,"Swedish association football player, played for BoIS, active ?, born 1922-02-27",Q5,https://boishistoria.se/visa-data/?what=spelare&id=515&link=visa-data,
342,Ivo Vazgec,"Swedish association football player, played for BoIS, active ?, born 1986-02-06",Q5,https://boishistoria.se/visa-data/?what=spelare&id=342&link=visa-data,
3758,Unai Veiga,"Swedish association football player, played for BoIS, active ?, born 1998-10-09",Q5,https://boishistoria.se/visa-data/?what=spelare&id=3758&link=visa-data,Q106944019
318,Harry Vestergren,"Swedish association football player, played for BoIS, active ?, born 1893-01-22",Q5,https://boishistoria.se/visa-data/?what=spelare&id=318&link=visa-data,
69,Axel Vesterlund,"Swedish association football player, played for BoIS, active ?, born 1911-05-27",Q5,https://boishistoria.se/visa-data/?what=spelare&id=69&link=visa-data,
639,Per Vig,"Swedish association football player, played for BoIS, active ?, born 1975-08-08",Q5,https://boishistoria.se/visa-data/?what=spelare&id=639&link=visa-data,
657,Philip Vo-Van,"Swedish association football player, played for BoIS, active ?, born 1998-03-05",Q5,https://boishistoria.se/visa-data/?what=spelare&id=657&link=visa-data,
126,Kaj Wagerup,"Swedish association football player, played for BoIS, active ?, born 1929-04-16",Q5,https://boishistoria.se/visa-data/?what=spelare&id=126&link=visa-data,
273,Göte Waldemarsson,"Swedish association football player, played for BoIS, active ?, born 1929-12-29",Q5,https://boishistoria.se/visa-data/?what=spelare&id=273&link=visa-data,
283,Hans Waldemarsson,"Swedish association football player, played for BoIS, active ?, born 1964-10-12",Q5,https://boishistoria.se/visa-data/?what=spelare&id=283&link=visa-data,
551,Mattias Waldh,"Swedish association football player, played for BoIS, active ?, born 1976-03-30",Q5,https://boishistoria.se/visa-data/?what=spelare&id=551&link=visa-data,
767,Taylor Walker,"Swedish association football player, played for BoIS, active ?, born 1958-09-30",Q5,https://boishistoria.se/visa-data/?what=spelare&id=767&link=visa-data,
3398,Jonas Walter,"Swedish association football player, played for BoIS, active ?, born 1974-03-17",Q5,https://boishistoria.se/visa-data/?what=spelare&id=3398&link=visa-data,
736,Stephen Ward,"Swedish association football player, played for BoIS, active ?, born 1960-12-27",Q5,https://boishistoria.se/visa-data/?what=spelare&id=736&link=visa-data,
627,Patric Weberg,"Swedish association football player, played for BoIS, active ?, born 1969-03-13",Q5,https://boishistoria.se/visa-data/?what=spelare&id=627&link=visa-data,
3752,Rasmus Wendt,"Swedish association football player, played for BoIS, active ?, born 2000-05-04",Q5,https://boishistoria.se/visa-data/?what=spelare&id=3752&link=visa-data,
251,Gunnar Westberg,"Swedish association football player, played for BoIS, active ?, born 1903-09-06",Q5,https://boishistoria.se/visa-data/?what=spelare&id=251&link=visa-data,
753,Sture Westberg,"Swedish association football player, played for BoIS, active ?, born 1903-06-15",Q5,https://boishistoria.se/visa-data/?what=spelare&id=753&link=visa-data,
370,Jesper Westerberg,"Swedish association football player, played for BoIS, active ?, born 1986-02-01",Q5,https://boishistoria.se/visa-data/?what=spelare&id=370&link=visa-data,Q2057168
596,Nils Westergren,"Swedish association football player, played for BoIS, active ?, born 1921-04-12",Q5,https://boishistoria.se/visa-data/?what=spelare&id=596&link=visa-data,Q19383001
398,Jan Westerlund,"Swedish association football player, played for BoIS, active ?, born 1937-01-07",Q5,https://boishistoria.se/visa-data/?what=spelare&id=398&link=visa-data,
482,Leif Westerlund,"Swedish association football player, played for BoIS, active ?, born 1961-01-09",Q5,https://boishistoria.se/visa-data/?what=spelare&id=482&link=visa-data,
816,Willy Westerlund,"Swedish association football player, played for BoIS, active ?, born 1934-02-06",Q5,https://boishistoria.se/visa-data/?what=spelare&id=816&link=visa-data,
696,Rolf Westher,"Swedish association football player, played for BoIS, active ?, born 1943-12-08",Q5,https://boishistoria.se/visa-data/?what=spelare&id=696&link=visa-data,
3737,Gustaf Westström,"Swedish association football player, played for BoIS, active ?, born 2004-01-18",Q5,https://boishistoria.se/visa-data/?what=spelare&id=3737&link=visa-data,Q136760063
291,Harry Wibratt,"Swedish association football player, played for BoIS, active ?, born 1921-02-11",Q5,https://boishistoria.se/visa-data/?what=spelare&id=291&link=visa-data,
3734,Melker Widell,"Swedish association football player, played for BoIS, active ?, born 2002-04-19",Q5,https://boishistoria.se/visa-data/?what=spelare&id=3734&link=visa-data,Q124669938
670,Rasmus Wiedesheim Paul,"Swedish association football player, played for BoIS, active ?, born 1999-02-08",Q5,https://boishistoria.se/visa-data/?what=spelare&id=670&link=visa-data,
3550,Viktor Wihlstrand,"Swedish association football player, played for BoIS, active ?, born 1991-05-07",Q5,https://boishistoria.se/visa-data/?what=spelare&id=3550&link=visa-data,
3471,John Wikdahl,"Swedish association football player, played for BoIS, active ?, born None",Q5,https://boishistoria.se/visa-data/?what=spelare&id=3471&link=visa-data,
682,Robin Wikman,"Swedish association football player, played for BoIS, active ?, born 1986-01-21",Q5,https://boishistoria.se/visa-data/?what=spelare&id=682&link=visa-data,Q4356328
270,Gösta Wikström,"Swedish association football player, played for BoIS, active ?, born 1927-04-24",Q5,https://boishistoria.se/visa-data/?what=spelare&id=270&link=visa-data,
656,Philip Wikström,"Swedish association football player, played for BoIS, active ?, born 1993-12-17",Q5,https://boishistoria.se/visa-data/?what=spelare&id=656&link=visa-data,
3384,Stefan Wikström,"Swedish association football player, played for BoIS, active ?, born None",Q5,https://boishistoria.se/visa-data/?what=spelare&id=3384&link=visa-data,
744,Stig Wikström,"Swedish association football player, played for BoIS, active ?, born 1939-05-12",Q5,https://boishistoria.se/visa-data/?what=spelare&id=744&link=visa-data,
465,Lars Wimmerstedt,"Swedish association football player, played for BoIS, active ?, born 1944-03-09",Q5,https://boishistoria.se/visa-data/?what=spelare&id=465&link=visa-data,
111,Bo With,"Swedish association football player, played for BoIS, active ?, born 1963-02-20",Q5,https://boishistoria.se/visa-data/?what=spelare&id=111&link=visa-data,
708,Sammy Wright,"Swedish association football player, played for BoIS, active ?, born 1956-09-01",Q5,https://boishistoria.se/visa-data/?what=spelare&id=708&link=visa-data,
653,Peter Wybrands,"Swedish association football player, played for BoIS, active ?, born 1964-01-25",Q5,https://boishistoria.se/visa-data/?what=spelare&id=653&link=visa-data,
130,Kofi Yeboah Addae,"Swedish association football player, played for BoIS, active ?, born 1996-03-14",Q5,https://boishistoria.se/visa-data/?what=spelare&id=130&link=visa-data,
48,Andreas Yngvesson,"Swedish association football player, played for BoIS, active ?, born 1974-08-18",Q5,https://boishistoria.se/visa-data/?what=spelare&id=48&link=visa-data,Q501307
571,Mohammed Zaaroura,"Swedish association football player, played for BoIS, active ?, born 1993-12-16",Q5,https://boishistoria.se/visa-data/?what=spelare&id=571&link=visa-data,
3519,Noor Zadran,"Swedish association football player, played for BoIS, active ?, born 1994-08-23",Q5,https://boishistoria.se/visa-data/?what=spelare&id=3519&link=visa-data,Q28840127
768,Thierry Zahui,"Swedish association football player, played for BoIS, active ?, born 1987-10-22",Q5,https://boishistoria.se/visa-data/?what=spelare&id=768&link=visa-data,Q7784077
25,Alexander Zaim,"Swedish association football player, played for BoIS, active ?, born 1988-04-21",Q5,https://boishistoria.se/visa-data/?what=spelare&id=25&link=visa-data,Q4720447
565,Mikael Zander,"Swedish association football player, played for BoIS, active ?, born 1956-10-06",Q5,https://boishistoria.se/visa-data/?what=spelare&id=565&link=visa-data,
572,Morgan Zeba,"Swedish association football player, played for BoIS, active ?, born 1974-08-24",Q5,https://boishistoria.se/visa-data/?what=spelare&id=572&link=visa-data,
330,Indrek Zelinski,"Swedish association football player, played for BoIS, active ?, born 1974-11-13",Q5,https://boishistoria.se/visa-data/?what=spelare&id=330&link=visa-data,Q650989
817,Yevgeni Zuev,"Swedish association football player, played for BoIS, active ?, born 1983-03-02",Q5,https://boishistoria.se/visa-data/?what=spelare&id=817&link=visa-data,
495,Lennart Åkergren,"Swedish association football player, played for BoIS, active ?, born 1945-09-06",Q5,https://boishistoria.se/visa-data/?what=spelare&id=495&link=visa-data,
52,Anton Åkesson,"Swedish association football player, played for BoIS, active ?, born 1998-01-20",Q5,https://boishistoria.se/visa-data/?what=spelare&id=52&link=visa-data,
63,Arvid Åkesson,"Swedish association football player, played for BoIS, active ?, born 1912-05-21",Q5,https://boishistoria.se/visa-data/?what=spelare&id=63&link=visa-data,
964,Lars Åkesson,"Swedish association football player, played for BoIS, active ?, born 1937-11-17",Q5,,
628,Patrik Åström,"Swedish association football player, played for BoIS, active ?, born 1987-08-28",Q5,https://boishistoria.se/visa-data/?what=spelare&id=628&link=visa-data,Q10621747
118,Börje Öberg,"Swedish association football player, played for BoIS, active ?, born 1924-08-10",Q5,https://boishistoria.se/visa-data/?what=spelare&id=118&link=visa-data,
702,Roy Österlund,"Swedish association football player, played for BoIS, active ?, born 1928-01-02",Q5,https://boishistoria.se/visa-data/?what=spelare&id=702&link=visa-data,
